subject_id,location,strategy,fit_type,error,bic,r2,pcommon,sigma_v,sigma_a,sigma_p,mu_p
LV001,raw,Averaging,mll,578.7666945455735,1184.3510465110035,0.7965062123456337,0.0004117528838833146,0.8561641157840181,0.4,0.9418102254558456,0.10058233940965602
LV001,raw,Selection,mll,558.612999441941,1144.0436563037385,0.8622296927189836,0.24957480436638219,0.8566951895044594,0.4,0.78236605484618,0.10035019036962206
LV001,raw,Matching,mll,571.3913942162768,1169.60044585241,0.8167778597850018,0.06891627141321956,0.8530525989148227,0.4,0.8447516313705459,0.10003573624881577
LV002,raw,Averaging,mll,712.9113562872801,1452.6403699944167,0.7899316465767258,0.8943199967251724,0.9613654952981696,0.4,2.6271200705600735,0.11411087976944768
LV002,raw,Selection,mll,685.101881727684,1397.0214208752245,0.8387296506884899,0.7827088628001736,1.0689251304495935,0.4,1.9162406574406552,0.10143273329277198
LV002,raw,Matching,mll,691.8019846637915,1410.4216267474394,0.8282303958302043,0.9128398302747412,1.0372833449484422,0.4,1.9287871410281765,0.1145662497919174
LV003,raw,Averaging,mll,527.6538910173787,1082.1254394546138,0.9100251103943247,0.6461934113241558,0.9768972015626869,0.4,2.496484019493324,0.11450298927139292
LV003,raw,Selection,mll,490.3396895362022,1007.4970364922608,0.966597597862787,0.5471376120075138,2.288582856616469,0.4,1.8625386552919174,0.6021291887909381
LV003,raw,Matching,mll,504.9309846893915,1036.6796267986394,0.9500704276273207,0.7047879221445731,1.0146447314640892,0.4,2.085002089553505,0.10033903853632825
LV005,raw,Averaging,mll,563.1176668186718,1153.0529910572,0.8896647938519253,0.23092005751523492,0.8309285940375685,0.4,1.8040010030076985,0.10091463035947063
LV005,raw,Selection,mll,527.8570029328165,1082.5316632854895,0.966396847735088,0.4481050251574763,0.9101754074586846,0.4,1.087706119720243,0.10949763888996596
LV005,raw,Matching,mll,538.8501946210105,1104.5180466618774,0.9440388860317426,0.4945257472039262,0.8802706333785204,0.4,1.2096034573670043,0.10083455504165129
LV007,raw,Averaging,mll,498.18106649806384,1023.1797904159841,0.9609250682217053,0.5247903422662077,2.992961009092641,0.4,1.11885262217621,1.2547997684563756
LV007,raw,Selection,mll,503.24130309729895,1033.3002636144543,0.9562002790964741,0.5257397639778661,2.9990436313390454,0.4,0.9369862205190159,1.091209457868701
LV007,raw,Matching,mll,502.21256467580895,1031.2427867714744,0.9569739467213403,0.6420288141435773,2.931627674490181,0.4,0.9607886161026613,1.1395154034532373
LV008,raw,Averaging,mll,531.2041403145056,1089.2259380488676,0.8096245782835843,0.00016176816220846244,0.8639862218598019,0.4,0.771284796692131,0.10084506678093984
LV008,raw,Selection,mll,526.053746615612,1078.9251506510805,0.8292000253331366,0.1706191610606522,0.8558194808429107,0.4,0.7239239338457224,0.10035695989707731
LV008,raw,Matching,mll,530.8749024800425,1088.5674623799414,0.8113904965589632,0.022694979305494408,0.8510322795823987,0.4,0.7245220819828717,0.1002016949819973
LV009,raw,Averaging,mll,460.89164467472654,948.6009467693095,0.9748776196399817,0.009924754885114373,0.8512578461667004,0.4,0.8858039026335407,0.2877166345707997
LV009,raw,Selection,mll,453.7430791598149,934.3038157394863,0.9836100501704442,0.29552524681183484,2.3706259432574974,0.4,0.9376021816279221,0.5422587577533854
LV009,raw,Matching,mll,460.45804429103504,947.7337460019265,0.976312965950775,0.00024396681923472772,0.87234827281993,0.4,0.899045462721632,0.3182750129059856
LV011,raw,Averaging,mll,605.6397855962016,1238.0972286122596,0.7926687705657771,0.005292207064557191,0.8550860418437428,0.4,2.9977435207226786,1.0462235989132966
LV011,raw,Selection,mll,566.3403934306091,1159.4984442810746,0.8933291254353902,0.2357099346751088,1.6248169383888424,0.4,2.9983952998470422,1.552687510938134
LV011,raw,Matching,mll,592.4112429557842,1211.640143331425,0.8260278755716279,0.03621148670497735,0.9728813898207073,0.4,2.9952390876764814,1.2205615904036482
LV012,raw,Averaging,mll,573.0388253177039,1172.8953080552642,0.6699679201048592,0.009500877494246338,0.8731643724655446,0.4,0.6785295805258007,0.10025617514872363
LV012,raw,Selection,mll,533.0367281889821,1092.8911137978207,0.7231357558071585,0.30037587918501213,0.8562187968547115,0.4,0.6220894839676928,0.10008304429963456
LV012,raw,Matching,mll,562.4902031865934,1151.7980637930432,0.6723166630633204,0.024348891638772525,0.8476133983165008,0.4,0.6331027184109582,0.10272710683225875
LV013,raw,Averaging,mll,579.6385783730473,1186.094814165951,0.7169809032300162,8.722079550405065e-05,0.856195385155588,0.4,0.6470115779666817,0.10047527973678641
LV013,raw,Selection,mll,560.3027681400883,1147.4231937000332,0.7497193797148904,0.2419226942974752,0.8548453921735402,0.4,0.6268581331000483,0.10064443393675804
LV013,raw,Matching,mll,575.068352708083,1176.9543628360225,0.714688259457402,0.023652129473656292,0.8516823827827169,0.4,0.632896155768945,0.10023803362267171
LV015,raw,Averaging,mll,280.4869698518043,587.7915971234651,0.9892514420383947,0.00039585054778348383,2.987445334893161,0.4,0.8184311962317151,0.9351860329447449
LV015,raw,Selection,mll,280.54499445330305,587.9076463264626,0.9891348571562885,0.23788699641108474,2.9893502695350183,0.4,0.8132519209431004,0.936730006270166
LV015,raw,Matching,mll,280.5703206418478,587.958298703552,0.9893607631004797,0.0001014527029349676,2.9881175177454344,0.4,0.8244371990991238,0.9334560388268359
LV016,raw,Averaging,mll,559.346458567646,1145.5105745551484,0.7346572019829447,9.219011688131063e-05,0.8607967347046848,0.4,0.6835802673032872,0.10012761815507738
LV016,raw,Selection,mll,554.8891567164595,1136.5959708527755,0.7643421292028391,0.24807126462242174,0.8557753035512159,0.4,0.6660377501338814,0.10032011006520604
LV016,raw,Matching,mll,560.1519547039092,1147.1215668276748,0.7244024820960072,0.00011654041332584579,0.8561906849551245,0.4,0.7045967186641932,0.10117036034884629
LV017,raw,Averaging,mll,321.80749203932703,670.4326414985105,0.977073478332231,0.006272575872801304,2.9947085130990927,0.4,0.7758460511967611,0.9904003722071202
LV017,raw,Selection,mll,321.79666095008463,670.4109793200257,0.976963964008495,0.23561359761068232,2.9959290096629823,0.4,0.7721956438866986,0.9863102388195628
LV017,raw,Matching,mll,321.8930100899121,670.6036775996806,0.9768801277185244,0.0003689901021041396,2.988915721022627,0.4,0.7681012121636341,0.9910450757400003
LV018,raw,Averaging,mll,388.3901846042934,803.5980266284432,0.9748006414698771,0.8188482280265277,2.9656917691319964,0.4,0.8709312439187231,1.0878034856872258
LV018,raw,Selection,mll,393.7837024178625,814.3850622555815,0.9705453405421038,0.6714990125175165,2.8975742839060956,0.4,0.7494140458133559,0.9737739779009321
LV018,raw,Matching,mll,392.81749179489236,812.4526410096412,0.9718794106609563,0.9318842373538515,2.7145714382186483,0.4,0.7850043441690541,1.025407125882697
LV019,raw,Averaging,mll,379.62892887741964,786.0755151746957,0.9721090055828394,0.9416569134580026,2.823347878809204,0.4,1.2523356671979005,1.1944207004974265
LV019,raw,Selection,mll,379.6380856656143,786.0938287510851,0.9711277276709795,0.7945881942571251,2.7655919737441588,0.4,1.2508191431872207,1.1691918050699945
LV019,raw,Matching,mll,380.64769286753756,788.1130431549316,0.970599080113252,0.9921160161159951,2.346295005624582,0.4,1.167936820761572,1.147693646827043
LV020,raw,Averaging,mll,627.4605199673522,1281.7386973545608,0.935847322566806,0.8813706059314774,2.9839437396907655,0.4,1.7151111013477016,2.3922853296374624
LV020,raw,Selection,mll,630.4222174384643,1287.662092296785,0.9354141072974539,0.8006400380826829,1.8174529486314115,0.4,1.5703032648885655,2.9137811391913364
LV020,raw,Matching,mll,631.0138896628121,1288.8454367454806,0.9349714711740539,0.9699807028689688,1.896056121250452,0.4,1.6498377695676354,2.919298893601538
LV021,raw,Averaging,mll,378.40450126695646,783.6266599537694,0.9761946821127816,0.08403359604327568,0.46082959207183766,0.4,2.9994721269619773,1.2598094183723747
LV021,raw,Selection,mll,352.89520894086814,732.6080753015927,0.9898924041788827,0.2416689295045539,2.943159387545203,0.4,0.9989122551452617,0.7671732472039607
LV021,raw,Matching,mll,361.16337121170136,749.1443998432592,0.9841769389617191,0.0006376725711272531,1.3074309973913512,0.4,0.804089609218311,0.774125906104894
LV022,raw,Averaging,mll,505.2449581420965,1037.3075737040494,0.9437743950198154,0.000647718353788316,0.8621468505597444,0.4,0.9070541684832397,0.10020697829416837
LV022,raw,Selection,mll,510.2873855342107,1047.3924284882778,0.929438618883561,0.0764421775649738,0.7866387937756576,0.4,0.8825256860593826,0.10003659848280373
LV022,raw,Matching,mll,510.52476002321964,1047.8671774662957,0.9290997208941066,0.001395013343036344,0.7851432982562121,0.4,0.8821913749887769,0.10014630244439328
LV023,raw,Averaging,mll,766.2011469310717,1559.2199512819998,0.6520933139977723,0.004176729338999417,0.8466267220295112,0.4,1.8702786856933584,0.10526782424110406
LV023,raw,Selection,mll,705.3936349470935,1437.6049273140434,0.8248265893098875,0.3869472439036391,0.864067212870324,0.4,0.8918228702552489,0.10020857449322695
LV023,raw,Matching,mll,731.7374507201797,1490.2925588602159,0.7649345220940115,0.28256351191671436,0.8886726303820374,0.4,0.8476928703814591,0.10067360944973847
LV024,raw,Averaging,mll,879.1882487022023,1785.194154824261,0.6494187748408224,0.0026275616604415214,0.839665341481346,0.4,2.604147529753984,0.1048291143175668
LV024,raw,Selection,mll,855.2361564736121,1737.2899703670807,0.7389919884264387,0.3707472776911946,0.8466708650452343,0.4,1.1729369130140797,0.1003496213920739
LV024,raw,Matching,mll,872.1985085934913,1771.214674606839,0.6717913620278759,0.092115673247972,0.8670093408162385,0.4,2.080632208507982,0.10218490734420056
LV025,raw,Averaging,mll,511.86535632279083,1050.5483700654381,0.860782324836193,0.0012806385554957537,0.854080127147503,0.4,0.9507462569336242,0.1001388402775437
LV025,raw,Selection,mll,510.65025693249,1048.1181712848363,0.8851082488918441,0.20682365526224794,0.8573931976583217,0.4,0.8726473307749499,0.10079202743760413
LV025,raw,Matching,mll,511.691136226915,1050.1999298736864,0.8695509165570308,0.007757188518597424,0.8560898284896329,0.4,0.8838482590345902,0.10051116162603824
SV103,raw,Averaging,mll,474.0618300259557,974.9413174717679,0.9704766359286696,0.6275413943402978,1.719293994170052,0.4,0.888152972223808,1.0772604812539837
SV103,raw,Selection,mll,470.79754587372946,968.4127491673154,0.9697311451303663,0.5201761899404059,2.7616840259700015,0.4,0.827714879702917,0.9288767042099728
SV103,raw,Matching,mll,470.3152491413202,967.4481557024968,0.9711785679270605,0.6438713052255645,2.7169276561700446,0.4,0.8534319840128388,0.9392825949391164
SV110,raw,Averaging,mll,443.65288960658245,914.1234366330214,0.9643139633591546,0.7369533148009972,2.990481762721357,0.4,0.968031499842644,1.1557169090428838
SV110,raw,Selection,mll,449.2985502686717,925.4147579571999,0.9585378550160678,0.5815315971576277,2.966637402235652,0.4,0.9012704011400704,1.1153734706753733
SV110,raw,Matching,mll,447.8652399147394,922.5481372493352,0.9599943032331881,0.8358370770179905,2.984466201612034,0.4,0.9268980403862456,1.1340015387117643
SV111,raw,Averaging,mll,496.6455912231658,1020.1088398661881,0.9710351175378755,0.898855668154369,2.9134286027908667,0.4,1.3561998851403483,1.5745954267619608
SV111,raw,Selection,mll,485.6875099633079,998.1926773464722,0.9698174578692655,0.6698853038408695,2.993647090757646,0.4,1.1866528200216961,1.21711367384902
SV111,raw,Matching,mll,490.03430012450144,1006.8862576688593,0.9672529214121672,0.9180718787262233,2.5902397921539895,0.4,1.4385677036824807,1.5612042205088341
SV113,raw,Averaging,mll,388.25813873769795,803.3339348952524,0.9768119376615825,0.9297756050122753,2.102189098396145,0.4,1.5750772840580898,1.7676961908655675
SV113,raw,Selection,mll,372.7194225012878,772.256502422432,0.9780278597603813,0.6730585586739739,2.9768389083311573,0.4,1.2891899485010219,1.2190200095682269
SV113,raw,Matching,mll,379.6544532974036,786.1265640146637,0.9752415565282614,0.9480215563541503,2.3823941563424404,0.4,1.2575768181668252,1.2897026604488728
SV119,raw,Averaging,mll,334.3260673650998,695.469792150056,0.9883383893875518,0.3497647994751584,2.247921051714414,0.4,0.8463582814728318,0.9967339206803829
SV119,raw,Selection,mll,333.04016531766445,692.8979880551854,0.9875863060989718,0.4516431591243685,2.9936040783771047,0.4,0.7956301748492328,0.8890615043457051
SV119,raw,Matching,mll,334.03310610013295,694.8838696201224,0.9874428705803919,0.2431168862026886,2.917278261410352,0.4,0.8241181486908462,0.9324193959380781
SV201,raw,Averaging,mll,339.64523073441813,706.1081188886927,0.9848928406442317,0.6919243841373924,2.5828420918432937,0.4,0.8401303028246424,1.165072634925389
SV201,raw,Selection,mll,347.2185050587226,721.2546675373017,0.9802669992796227,0.5527192030196634,2.9749713688050887,0.4,0.7803451708769902,1.0949605390662207
SV201,raw,Matching,mll,345.43130237209135,717.6802621640392,0.9815732320501956,0.7880749728669267,2.902198005247676,0.4,0.8005925092848639,1.089408094973248
SV202,raw,Averaging,mll,350.22544209384864,727.2685416075537,0.9833284632056247,0.002661613431584029,2.989989408140092,0.4,0.8285220791808189,0.9417150246526432
SV202,raw,Selection,mll,350.2027963708954,727.2232501616472,0.9834961437194262,0.2319525665051749,2.9952739298234388,0.4,0.8358199429853883,0.947074314791796
SV202,raw,Matching,mll,350.2486041123715,727.3148656445994,0.983448550695694,0.00046910589784869946,2.9953648785120244,0.4,0.8345651890475504,0.9463101638524337
SV203,raw,Averaging,mll,258.4596822733325,543.7370219665214,0.9790134636470716,0.9027947126386776,2.9742510942052354,0.4,1.0729201567805098,1.536590966058147
SV203,raw,Selection,mll,259.7618468334491,546.3413510867547,0.9783953845784946,0.8633090219806759,2.9743637961422875,0.4,1.1118073274087266,1.6272569011485378
SV203,raw,Matching,mll,260.2342755442535,547.2862085083634,0.9782040210261745,0.9996284170978277,2.6633006246842648,0.4,1.1321105785358065,1.6947793757345953
SV204,raw,Averaging,mll,496.6028032203714,1020.0232638605993,0.9469278652007824,0.9303895279567569,2.978731233306702,0.4,1.2224545297910627,1.7459832550006813
SV204,raw,Selection,mll,497.6541447448069,1022.1259469094703,0.9463243880053166,0.7821348029970181,2.958666676644194,0.4,1.2018111213561011,1.7375204927891823
SV204,raw,Matching,mll,498.01598122215114,1022.8496198641587,0.9463749796458713,0.9993520642151472,2.76310982889775,0.4,1.146207108423184,1.7232527064656966
SV205,raw,Averaging,mll,267.25822480376536,561.3341070273872,0.9909643276322713,0.30624816177343317,2.7649743819796897,0.4,0.855864412294035,0.9917691340126323
SV205,raw,Selection,mll,267.0299094045502,560.8774762289569,0.9906715298931459,0.4415882031545942,2.9792251745552054,0.4,0.8048352477797975,1.0654066437828156
SV205,raw,Matching,mll,267.54244538696355,561.9025481937836,0.9909639502995299,0.1308826867803276,2.988179687014837,0.4,0.8307808561675412,1.0452257758031827
SV206,raw,Averaging,mll,657.8998397956348,1342.617337011126,0.941684252567932,0.29275505603790825,0.7891958624912123,0.4,0.9973213255918923,2.0359864715458382
SV206,raw,Selection,mll,661.1693582526727,1349.156373925202,0.931194650337556,0.23750338559986162,2.111230993701659,0.4,1.0977548610599066,1.504579461604285
SV206,raw,Matching,mll,657.5137980272036,1341.8452534742637,0.9420374640851814,0.30984600851887717,1.2255287524230603,0.4,0.9154487621269249,1.592467805478285
SV207,raw,Averaging,mll,310.0721473859402,646.9619521917368,0.9856045278583572,0.04920125178755826,2.997948875463133,0.4,0.8876392289143061,0.9340860035529616
SV207,raw,Selection,mll,310.6040777009216,648.0258128216997,0.9853019128323265,0.2847063819226735,2.8043460738375714,0.4,0.8496772757182685,0.9425856413846947
SV207,raw,Matching,mll,310.7551878066242,648.3280330331048,0.9852499479547736,0.0028187485164139817,2.6672834318234293,0.4,0.8341856953320244,0.9559060262102944
SV208,raw,Averaging,mll,507.94032790900894,1042.6983132378743,0.9575508050075215,0.8603852059413062,2.98851331061103,0.4,1.0620628530756906,1.2410069310368017
SV208,raw,Selection,mll,511.7577503660941,1050.3331581520447,0.9543125282852314,0.845757345414086,2.0764049404849754,0.4,0.9108768755379499,1.216885948644604
SV208,raw,Matching,mll,511.9019535206729,1050.6215644612023,0.9542747357414639,0.9842820281913055,2.535508243666964,0.4,0.9443438595822197,1.176991877558559
SV209,raw,Averaging,mll,383.5933060307326,794.0042694813217,0.9781859276836022,0.8413551576625926,2.763333605323245,0.4,0.7925106845831545,1.5477477963706008
SV209,raw,Selection,mll,377.2817843544691,781.3812261287947,0.9756332271215422,0.859980437200557,1.2054093023417616,0.4,1.0020663788558266,1.8058565047171253
SV209,raw,Matching,mll,381.4325973544127,789.6828521286818,0.9744928005268227,0.9825853342548854,1.3445773952389968,0.4,1.1901868812165746,2.1268340527146856
SV210,raw,Averaging,mll,291.2002888928481,609.2182352055527,0.9787181613673233,0.8698977584256582,2.9798661903056574,0.4,0.8990494456737832,1.4780659403238063
SV210,raw,Selection,mll,293.18917260819626,613.196002636249,0.9777226279559608,0.835479160622054,2.252874150241674,0.4,0.9032426864057347,1.5053300550982907
SV210,raw,Matching,mll,293.1046576543038,613.0269727284641,0.9781033590259682,0.9996475025888155,2.450473527739065,0.4,0.8855277688222231,1.5421782742533157
SV211,raw,Averaging,mll,288.8835763367688,604.584810093394,0.9903417117712439,0.46305178775281847,2.867525112811046,0.4,0.8378874339095306,1.130932723811733
SV211,raw,Selection,mll,302.2404696576818,631.29859673522,0.9763577304332344,0.6361425786246359,0.7245946799967806,0.4,0.584851799207393,1.397579560670074
SV211,raw,Matching,mll,294.29428127181666,615.4062199634898,0.9877798129677411,0.45216919943410777,2.805196020141717,0.4,0.7573737134166197,1.1007208085269027
SV212,raw,Averaging,mll,375.2328348138809,777.2833270476183,0.9735973820502795,0.14469956347504234,2.991728273903257,0.4,0.8720905552793616,1.0133995718257178
SV212,raw,Selection,mll,377.39966988110865,781.6169971820738,0.9734734591192747,0.2588830272538991,2.997327052113336,0.4,0.8732968690355312,1.0502299543927751
SV212,raw,Matching,mll,375.70946477927896,778.2365869784144,0.9727499778374359,0.044844447362635695,2.9876404150616427,0.4,0.8230451383482562,1.0184004708906695
SV213,raw,Averaging,mll,392.58035952662095,811.9783764730984,0.9740567104622754,0.8435024809219801,2.9190372851698836,0.4,0.9048398824511462,1.40496458601363
SV213,raw,Selection,mll,394.062503249683,814.9426639192225,0.9723867036412368,0.8539700980301751,1.8723610855259953,0.4,0.8871330084266208,1.4846827284605064
SV213,raw,Matching,mll,395.1736272145747,817.1649118490059,0.9724514309031353,0.9979230781256493,2.552563261550451,0.4,0.886758030424447,1.4800872518347516
SV214,raw,Averaging,mll,364.97601650986456,756.7696904395856,0.9738445479476984,0.08656182117409235,2.9819018299431534,0.4,0.8415404497744726,1.0563787112437149
SV214,raw,Selection,mll,366.30678075577237,759.4312189314012,0.9735957049815656,0.31046608691876454,2.986201912694185,0.4,0.8314790036874429,1.0909683633224665
SV214,raw,Matching,mll,366.026543419621,758.8707442590985,0.9733601204804883,0.020859589180364544,2.98632940914027,0.4,0.8203685273933247,1.0744419783295254
SV215,raw,Averaging,mll,480.9512283465607,988.7201141129779,0.9669320866652501,0.9118314050902347,0.8897093891147145,0.4,1.4099161464869294,1.2186630829607663
SV215,raw,Selection,mll,469.18323724961783,965.1841319190921,0.977931033134358,0.6457464018588587,2.2985687225674196,0.4,0.9331907263129403,0.8795053209297201
SV215,raw,Matching,mll,472.364197311809,971.5460520434744,0.9757163896092578,0.8707464974779436,1.918658114191597,0.4,0.9763816674892679,0.9105318973337225
SV216,raw,Averaging,mll,397.0503583945726,820.9183742090016,0.9762725547156782,0.5946494114838063,2.980898068841974,0.4,0.9027138894590667,1.0588695736094333
SV216,raw,Selection,mll,402.72478553504453,832.2672284899455,0.971846477305538,0.5171812467910377,2.99861182089165,0.4,0.7708455986661858,0.9571605543469853
SV216,raw,Matching,mll,402.05706996290974,830.9317973456759,0.9730000934613293,0.6004426433630822,2.9849257807000753,0.4,0.8328743333970786,1.0239488982508302
LV001,visible,Averaging,mll,119.89114346336048,261.94734110735465,0.9860318349038927,0.4220386706925239,2.832724540128808,0.4,1.079461352211482,0.8937477388817452
LV001,visible,Selection,mll,120.64302485574115,263.451103892116,0.9841924593628929,0.46280792034371915,2.993709635092491,0.4,0.9369489573913119,0.8829981023545774
LV001,visible,Matching,mll,120.52331345719787,263.21168109502946,0.9842587110460609,0.3239729104673919,2.993909230128704,0.4,0.9567290357688941,0.8933295272583204
LV002,visible,Averaging,mll,260.10319418462046,541.7990391753119,0.710168402459423,0.7630101968308276,0.9680196534903421,0.4,2.8839908939590075,0.1795537711872245
LV002,visible,Selection,mll,250.30622829015994,522.2051073863909,0.7757012475674033,0.5812161716070368,2.677131757876549,0.4,1.783699098797185,0.9153568640676133
LV002,visible,Matching,mll,253.08011514674564,527.7528810995623,0.7565733329211259,0.7789088598029607,1.452238052296956,0.4,2.7679377032988066,0.4941206493761801
LV003,visible,Averaging,mll,265.5454289579869,556.5291533906634,0.9665864791466844,0.9625060423841104,1.6374689560865177,0.4,1.0981518808427806,1.667434899913163
LV003,visible,Selection,mll,261.30468876048303,548.0476729956556,0.9666887676530578,0.7202155857583853,2.9050017823152956,0.4,1.3264262808108798,1.5769754915223502
LV003,visible,Matching,mll,264.0420860978221,553.5224676703338,0.9654359014629695,0.9806522306134012,2.7074455511748163,0.4,1.2224421573582294,1.390495992600832
LV005,visible,Averaging,mll,303.7602591227653,632.3225549417014,0.9429305431983878,0.5753872320611597,0.8061935816008285,0.4,2.964851140590488,0.44271677189880093
LV005,visible,Selection,mll,289.90469301137364,604.611422718918,0.9761458570811978,0.5360803962586951,2.9837419507324565,0.4,1.045119255368448,0.7244031847305635
LV005,visible,Matching,mll,297.53492040230697,619.8718775007846,0.961218970240502,0.7097892598600236,0.8041794170616654,0.4,2.163196042145539,0.33736825461652103
LV007,visible,Averaging,mll,498.18106649806384,1023.1797904159841,0.9609250682217053,0.5247903422662077,2.992961009092641,0.4,1.11885262217621,1.2547997684563756
LV007,visible,Selection,mll,503.24130309729895,1033.3002636144543,0.9562002790964741,0.5257397639778661,2.9990436313390454,0.4,0.9369862205190159,1.091209457868701
LV007,visible,Matching,mll,502.21256467580895,1031.2427867714744,0.9569739467213403,0.6420288141435773,2.931627674490181,0.4,0.9607886161026613,1.1395154034532373
LV008,visible,Averaging,mll,99.60349046761877,219.7501746834386,0.9544107064845864,0.23018398996914421,2.9882658193375855,0.4,0.9718507837665704,0.9755855286467011
LV008,visible,Selection,mll,100.42446604295873,221.3921258341185,0.9525928889743579,0.4235410040467652,2.9928884939292653,0.4,0.9559368396896881,0.970061005192715
LV008,visible,Matching,mll,100.5445794471373,221.63235264247564,0.9523612027472361,0.07783558193684353,2.9891661042719626,0.4,0.9617380506206694,0.9881479301084154
LV009,visible,Averaging,mll,171.0875707717949,366.9771782397606,0.994482641835755,0.05225967837988497,2.97261598726873,0.4,0.9357902165402031,0.9034338412464241
LV009,visible,Selection,mll,171.17983357097216,367.1617038381151,0.9945645567632744,0.07228036003130417,2.9926578432198694,0.4,0.9289455191260979,0.9038775621691828
LV009,visible,Matching,mll,170.7911571473665,366.3843509909038,0.9940639852101096,0.02544815502873006,2.986994429393585,0.4,0.8786515080323316,0.8555388559055311
LV011,visible,Averaging,mll,157.98340611904007,339.28259470852095,0.9751915218256302,0.059113561760882415,0.869305644520779,0.4,1.1538791614470671,2.99387041433309
LV011,visible,Selection,mll,156.28089872821093,335.87757992686267,0.9784594633329023,0.10051099314263914,1.2224029756029304,0.4,1.4440857872712638,2.9851768172964395
LV011,visible,Matching,mll,156.447964930093,336.2117123306268,0.9809432454005226,0.07165799393981759,1.0231277516994632,0.4,1.253490564366983,2.9948123031126594
LV015,visible,Averaging,mll,241.5205628154959,509.68854459317305,0.9886185847960601,0.0029036018427976685,2.985337836663622,0.4,0.762133621628358,0.9984813061276255
LV015,visible,Selection,mll,241.5406859375519,509.72879083728503,0.9887452675309514,0.23573432554828258,2.989675089846965,0.4,0.7668724116844339,1.004791989673697
LV015,visible,Matching,mll,241.52777569315884,509.7029703484989,0.9886304174115252,0.0003695175837461149,2.9976757152562805,0.4,0.7632044204699053,0.9970087517239371
LV016,visible,Averaging,mll,44.095618531921765,106.69112831698061,0.9507454215751323,0.03305538429678912,0.5127473928450702,0.4,1.0388573449095975,0.44360117088854245
LV016,visible,Selection,mll,41.94620680145982,102.39230485605673,0.9594150000003997,0.23524859316515978,2.9873876165608566,0.4,0.9733029579573199,0.7429945650704506
LV016,visible,Matching,mll,43.20989305640994,104.91967736595696,0.9528166758020802,0.00029638948078829474,1.1475788208318063,0.4,0.7718165211295147,0.7648200658390424
LV017,visible,Averaging,mll,321.80749203932703,670.4326414985105,0.977073478332231,0.006272575872801304,2.9947085130990927,0.4,0.7758460511967611,0.9904003722071202
LV017,visible,Selection,mll,321.79666095008463,670.4109793200257,0.976963964008495,0.23561359761068232,2.9959290096629823,0.4,0.7721956438866986,0.9863102388195628
LV017,visible,Matching,mll,321.8930100899121,670.6036775996806,0.9768801277185244,0.0003689901021041396,2.988915721022627,0.4,0.7681012121636341,0.9910450757400003
LV018,visible,Averaging,mll,388.3901846042934,803.5980266284432,0.9748006414698771,0.8188482280265277,2.9656917691319964,0.4,0.8709312439187231,1.0878034856872258
LV018,visible,Selection,mll,393.7837024178625,814.3850622555815,0.9705453405421038,0.6714990125175165,2.8975742839060956,0.4,0.7494140458133559,0.9737739779009321
LV018,visible,Matching,mll,392.81749179489236,812.4526410096412,0.9718794106609563,0.9318842373538515,2.7145714382186483,0.4,0.7850043441690541,1.025407125882697
LV019,visible,Averaging,mll,362.88955248583557,752.5125487547363,0.9728461537383316,0.9286767321038296,2.8850588213114823,0.4,1.3178165676079132,1.3740064295359677
LV019,visible,Selection,mll,364.0850055873944,754.9034549578539,0.971484081177762,0.8451401518944641,2.7885612968525275,0.4,1.2707585662425915,1.2595714726541885
LV019,visible,Matching,mll,364.4571643135618,755.6477724101887,0.9713679292621072,0.9973668760943603,2.560658858095414,0.4,1.3390662788614711,1.3829868872086106
LV020,visible,Averaging,mll,627.4605199673522,1281.7386973545608,0.935847322566806,0.8813706059314774,2.9839437396907655,0.4,1.7151111013477016,2.3922853296374624
LV020,visible,Selection,mll,630.4222174384643,1287.662092296785,0.9354141072974539,0.8006400380826829,1.8174529486314115,0.4,1.5703032648885655,2.9137811391913364
LV020,visible,Matching,mll,631.0138896628121,1288.8454367454806,0.9349714711740539,0.9699807028689688,1.896056121250452,0.4,1.6498377695676354,2.919298893601538
LV021,visible,Averaging,mll,204.67278529711,435.4339417869006,0.9926270126303857,0.012556980638592308,2.9667868644126103,0.4,0.8568490809305763,0.9327259680956193
LV021,visible,Selection,mll,204.79057151847618,435.66951422963297,0.9923725264893336,0.19229029984495127,2.9048756116735412,0.4,0.8415194150733606,0.9222349220701691
LV021,visible,Matching,mll,204.74183223596768,435.57203566461595,0.992542710636774,0.0018540577635864296,2.973242815064529,0.4,0.8540337880935939,0.9280050123238565
LV022,visible,Averaging,mll,227.63340593398866,479.14164210791876,0.9652048835862805,0.0006484419348089589,2.99443364476098,0.4,0.9209171218054201,0.7472263918719616
LV022,visible,Selection,mll,227.60020437581733,479.0752389915761,0.9657488472371948,0.032730638329422024,2.994354095582198,0.4,0.9397164002093584,0.7668855674985376
LV022,visible,Matching,mll,228.5803072281114,481.03544469616423,0.9642390080057862,0.00012361498844586414,2.0935485397854117,0.4,0.8382427370550538,0.7825947585911402
LV023,visible,Averaging,mll,209.46434358796105,441.0937413565558,0.8829053778340019,0.8580750796378053,0.9569690710805087,0.4,2.9916074362969822,2.1944391070811746
LV023,visible,Selection,mll,205.9543913290238,434.0738368386813,0.8989559273436711,0.7204501346093397,1.202940840119797,0.4,2.881454068678484,1.986647669157222
LV023,visible,Matching,mll,206.37718066624095,434.9194155131156,0.8974609189133279,0.8678951542842818,1.216556858597805,0.4,2.990338887477719,1.7904888976002473
LV024,visible,Averaging,mll,477.56436410103396,979.1737968996846,0.6752592018570345,0.5702438644021521,2.0033059530394217,0.4,2.9237642923604654,2.9894737232986186
LV024,visible,Selection,mll,479.2993989454813,982.6438665885793,0.6640252417253018,0.4345729295078,1.3045850255915488,0.4,2.222230677967933,2.995800025076062
LV024,visible,Matching,mll,475.4348285620899,974.9147258217964,0.6817232444349631,0.5337310392175745,2.8330547747499333,0.4,2.9786691531436302,2.9869672761444956
LV025,visible,Averaging,mll,171.55625058208233,366.6234442912832,0.9757944907546712,0.0006337123642863954,0.8975466562072177,0.4,0.8526142716496048,0.6874859720684557
LV025,visible,Selection,mll,170.37716901782235,364.26528116276324,0.980045822753984,0.2406820757672431,2.02553601917325,0.4,0.9908152841427529,0.7789217970574535
LV025,visible,Matching,mll,171.58245093352053,366.6758449941596,0.9755942735277751,0.0018936261785816155,0.9453193698704228,0.4,0.8623565108512248,0.6864108872576281
SV103,visible,Averaging,mll,438.6308289899738,903.9951017630127,0.9765997234716044,0.595853684320426,2.31794900297348,0.4,0.8644652930212032,1.1377557190010306
SV103,visible,Selection,mll,437.9367806207217,902.6070050245086,0.9737080208898168,0.5278667401554651,2.995886026506779,0.4,0.8195111324048322,0.9611415428349867
SV103,visible,Matching,mll,438.0917654672911,902.9169747176473,0.9741079705501757,0.6323828684082076,2.7316123811881465,0.4,0.8542958184834166,1.0460096730721173
SV110,visible,Averaging,mll,443.65288960658245,914.1234366330214,0.9643139633591546,0.7369533148009972,2.990481762721357,0.4,0.968031499842644,1.1557169090428838
SV110,visible,Selection,mll,449.2985502686717,925.4147579571999,0.9585378550160678,0.5815315971576277,2.966637402235652,0.4,0.9012704011400704,1.1153734706753733
SV110,visible,Matching,mll,447.8652399147394,922.5481372493352,0.9599943032331881,0.8358370770179905,2.984466201612034,0.4,0.9268980403862456,1.1340015387117643
SV111,visible,Averaging,mll,460.1370123906643,947.0074685643938,0.9697754074517718,0.8373538461594162,2.98815594996383,0.4,1.2697385728510249,1.6356132568960635
SV111,visible,Selection,mll,458.66898230179606,944.0714083866573,0.9684034256330512,0.6665932043367775,2.7062563149390133,0.4,1.2347209571629978,1.57539623664475
SV111,visible,Matching,mll,461.171617895987,949.0766795750392,0.9679598625223202,0.9596463013226592,2.656423883604695,0.4,1.217276684143706,1.4909537210684658
SV113,visible,Averaging,mll,330.3708235736985,687.3890661095783,0.9791788753938524,0.931093807529242,2.990785544890312,0.4,1.15253831561524,1.4253401359673274
SV113,visible,Selection,mll,330.32343870639227,687.2942963749658,0.9766659149526625,0.7312972041561245,2.9928974953109115,0.4,1.2119599036869675,1.236011552999815
SV113,visible,Matching,mll,331.14740773886956,688.9422344399204,0.9766984702686358,0.9794140694976959,2.701809733721689,0.4,1.2828703976781812,1.567318398427553
SV119,visible,Averaging,mll,311.21120403933224,649.1558518617296,0.9894042791911848,0.3780039270832819,2.396621092016757,0.4,0.8361184693005393,0.9967190228036994
SV119,visible,Selection,mll,316.44574317203245,659.62493012713,0.9811460408455146,0.4846291924163523,2.973409684676971,0.4,0.7306970134678448,0.8722790080682098
SV119,visible,Matching,mll,311.07191711599035,648.8772780150458,0.9887333834567616,0.258601824955994,2.977704953254395,0.4,0.8146950810797422,0.9582580257278368
SV201,visible,Averaging,mll,339.64523073441813,706.1081188886927,0.9848928406442317,0.6919243841373924,2.5828420918432937,0.4,0.8401303028246424,1.165072634925389
SV201,visible,Selection,mll,347.2185050587226,721.2546675373017,0.9802669992796227,0.5527192030196634,2.9749713688050887,0.4,0.7803451708769902,1.0949605390662207
SV201,visible,Matching,mll,345.43130237209135,717.6802621640392,0.9815732320501956,0.7880749728669267,2.902198005247676,0.4,0.8005925092848639,1.089408094973248
SV202,visible,Averaging,mll,350.22544209384864,727.2685416075537,0.9833284632056247,0.002661613431584029,2.989989408140092,0.4,0.8285220791808189,0.9417150246526432
SV202,visible,Selection,mll,350.2027963708954,727.2232501616472,0.9834961437194262,0.2319525665051749,2.9952739298234388,0.4,0.8358199429853883,0.947074314791796
SV202,visible,Matching,mll,350.2486041123715,727.3148656445994,0.983448550695694,0.00046910589784869946,2.9953648785120244,0.4,0.8345651890475504,0.9463101638524337
SV203,visible,Averaging,mll,258.4596822733325,543.7370219665214,0.9790134636470716,0.9027947126386776,2.9742510942052354,0.4,1.0729201567805098,1.536590966058147
SV203,visible,Selection,mll,259.7618468334491,546.3413510867547,0.9783953845784946,0.8633090219806759,2.9743637961422875,0.4,1.1118073274087266,1.6272569011485378
SV203,visible,Matching,mll,260.2342755442535,547.2862085083634,0.9782040210261745,0.9996284170978277,2.6633006246842648,0.4,1.1321105785358065,1.6947793757345953
SV204,visible,Averaging,mll,496.6028032203714,1020.0232638605993,0.9469278652007824,0.9303895279567569,2.978731233306702,0.4,1.2224545297910627,1.7459832550006813
SV204,visible,Selection,mll,497.6541447448069,1022.1259469094703,0.9463243880053166,0.7821348029970181,2.958666676644194,0.4,1.2018111213561011,1.7375204927891823
SV204,visible,Matching,mll,498.01598122215114,1022.8496198641587,0.9463749796458713,0.9993520642151472,2.76310982889775,0.4,1.146207108423184,1.7232527064656966
SV205,visible,Averaging,mll,267.25822480376536,561.3341070273872,0.9909643276322713,0.30624816177343317,2.7649743819796897,0.4,0.855864412294035,0.9917691340126323
SV205,visible,Selection,mll,267.0299094045502,560.8774762289569,0.9906715298931459,0.4415882031545942,2.9792251745552054,0.4,0.8048352477797975,1.0654066437828156
SV205,visible,Matching,mll,267.54244538696355,561.9025481937836,0.9909639502995299,0.1308826867803276,2.988179687014837,0.4,0.8307808561675412,1.0452257758031827
SV206,visible,Averaging,mll,657.8998397956348,1342.617337011126,0.941684252567932,0.29275505603790825,0.7891958624912123,0.4,0.9973213255918923,2.0359864715458382
SV206,visible,Selection,mll,661.1693582526727,1349.156373925202,0.931194650337556,0.23750338559986162,2.111230993701659,0.4,1.0977548610599066,1.504579461604285
SV206,visible,Matching,mll,657.5137980272036,1341.8452534742637,0.9420374640851814,0.30984600851887717,1.2255287524230603,0.4,0.9154487621269249,1.592467805478285
SV207,visible,Averaging,mll,310.0721473859402,646.9619521917368,0.9856045278583572,0.04920125178755826,2.997948875463133,0.4,0.8876392289143061,0.9340860035529616
SV207,visible,Selection,mll,310.6040777009216,648.0258128216997,0.9853019128323265,0.2847063819226735,2.8043460738375714,0.4,0.8496772757182685,0.9425856413846947
SV207,visible,Matching,mll,310.7551878066242,648.3280330331048,0.9852499479547736,0.0028187485164139817,2.6672834318234293,0.4,0.8341856953320244,0.9559060262102944
SV208,visible,Averaging,mll,507.94032790900894,1042.6983132378743,0.9575508050075215,0.8603852059413062,2.98851331061103,0.4,1.0620628530756906,1.2410069310368017
SV208,visible,Selection,mll,511.7577503660941,1050.3331581520447,0.9543125282852314,0.845757345414086,2.0764049404849754,0.4,0.9108768755379499,1.216885948644604
SV208,visible,Matching,mll,511.9019535206729,1050.6215644612023,0.9542747357414639,0.9842820281913055,2.535508243666964,0.4,0.9443438595822197,1.176991877558559
SV209,visible,Averaging,mll,383.5933060307326,794.0042694813217,0.9781859276836022,0.8413551576625926,2.763333605323245,0.4,0.7925106845831545,1.5477477963706008
SV209,visible,Selection,mll,377.2817843544691,781.3812261287947,0.9756332271215422,0.859980437200557,1.2054093023417616,0.4,1.0020663788558266,1.8058565047171253
SV209,visible,Matching,mll,381.4325973544127,789.6828521286818,0.9744928005268227,0.9825853342548854,1.3445773952389968,0.4,1.1901868812165746,2.1268340527146856
SV210,visible,Averaging,mll,291.2002888928481,609.2182352055527,0.9787181613673233,0.8698977584256582,2.9798661903056574,0.4,0.8990494456737832,1.4780659403238063
SV210,visible,Selection,mll,293.18917260819626,613.196002636249,0.9777226279559608,0.835479160622054,2.252874150241674,0.4,0.9032426864057347,1.5053300550982907
SV210,visible,Matching,mll,293.1046576543038,613.0269727284641,0.9781033590259682,0.9996475025888155,2.450473527739065,0.4,0.8855277688222231,1.5421782742533157
SV211,visible,Averaging,mll,288.8835763367688,604.584810093394,0.9903417117712439,0.46305178775281847,2.867525112811046,0.4,0.8378874339095306,1.130932723811733
SV211,visible,Selection,mll,302.2404696576818,631.29859673522,0.9763577304332344,0.6361425786246359,0.7245946799967806,0.4,0.584851799207393,1.397579560670074
SV211,visible,Matching,mll,294.29428127181666,615.4062199634898,0.9877798129677411,0.45216919943410777,2.805196020141717,0.4,0.7573737134166197,1.1007208085269027
SV212,visible,Averaging,mll,375.2328348138809,777.2833270476183,0.9735973820502795,0.14469956347504234,2.991728273903257,0.4,0.8720905552793616,1.0133995718257178
SV212,visible,Selection,mll,377.39966988110865,781.6169971820738,0.9734734591192747,0.2588830272538991,2.997327052113336,0.4,0.8732968690355312,1.0502299543927751
SV212,visible,Matching,mll,375.70946477927896,778.2365869784144,0.9727499778374359,0.044844447362635695,2.9876404150616427,0.4,0.8230451383482562,1.0184004708906695
SV213,visible,Averaging,mll,392.58035952662095,811.9783764730984,0.9740567104622754,0.8435024809219801,2.9190372851698836,0.4,0.9048398824511462,1.40496458601363
SV213,visible,Selection,mll,394.062503249683,814.9426639192225,0.9723867036412368,0.8539700980301751,1.8723610855259953,0.4,0.8871330084266208,1.4846827284605064
SV213,visible,Matching,mll,395.1736272145747,817.1649118490059,0.9724514309031353,0.9979230781256493,2.552563261550451,0.4,0.886758030424447,1.4800872518347516
SV214,visible,Averaging,mll,364.97601650986456,756.7696904395856,0.9738445479476984,0.08656182117409235,2.9819018299431534,0.4,0.8415404497744726,1.0563787112437149
SV214,visible,Selection,mll,366.30678075577237,759.4312189314012,0.9735957049815656,0.31046608691876454,2.986201912694185,0.4,0.8314790036874429,1.0909683633224665
SV214,visible,Matching,mll,366.026543419621,758.8707442590985,0.9733601204804883,0.020859589180364544,2.98632940914027,0.4,0.8203685273933247,1.0744419783295254
SV215,visible,Averaging,mll,456.1783250144965,939.0900938120582,0.9704881655129093,0.8904282606399511,1.1071336066810669,0.4,1.2096104800994925,1.2092721666192687
SV215,visible,Selection,mll,445.552753789369,917.8389513618031,0.9773695319817058,0.6988602856689026,1.859679184735627,0.4,0.849697871133067,0.9014686092230765
SV215,visible,Matching,mll,448.0615910808677,922.8566259448005,0.9762590936715371,0.8822688770471606,1.8852537005719712,0.4,0.9553128269814292,0.9374162908960323
SV216,visible,Averaging,mll,397.0503583945726,820.9183742090016,0.9762725547156782,0.5946494114838063,2.980898068841974,0.4,0.9027138894590667,1.0588695736094333
SV216,visible,Selection,mll,402.72478553504453,832.2672284899455,0.971846477305538,0.5171812467910377,2.99861182089165,0.4,0.7708455986661858,0.9571605543469853
SV216,visible,Matching,mll,402.05706996290974,830.9317973456759,0.9730000934613293,0.6004426433630822,2.9849257807000753,0.4,0.8328743333970786,1.0239488982508302
LV001,invisible,Averaging,mll,385.41353241260543,796.1459484473016,0.6692312894733519,0.0003415017855549776,0.8505527219431761,0.4,0.6430191286291177,0.10038011010460678
LV001,invisible,Selection,mll,373.2183670639705,771.7556177500318,0.7022736977841798,0.2438783243424825,0.853874271347687,0.4,0.6437454894467487,0.10022976717828402
LV001,invisible,Matching,mll,386.8521700716973,799.0232237654853,0.6678941467692132,0.00829260827555664,0.8488259645154227,0.4,0.6318723851040509,0.1052394054078062
LV002,invisible,Averaging,mll,416.83707465777036,859.2283949377232,0.8557466522005615,0.8943552433833004,2.8242043806001393,0.4,1.7808196430612169,0.10741543419789061
LV002,invisible,Selection,mll,422.18782208817316,869.9298897985288,0.7977921433623973,0.8168412283915207,1.059647328801737,0.4,1.2956562779103842,0.10019533003225063
LV002,invisible,Matching,mll,426.6212903383744,878.7968262989314,0.7860169768578121,0.9489783642770717,1.037944066491856,0.4,1.4381633719353883,0.10017342835959288
LV003,invisible,Averaging,mll,133.91019350886393,289.70946971241375,0.6841516416448074,0.021930719449905597,0.8512242230037788,0.4,0.6427485407000575,0.1028648076305026
LV003,invisible,Selection,mll,117.94180117465194,257.7726850439898,0.7498883178998696,0.2999629544396546,0.8519972194810561,0.4,0.6036315915807465,0.10015330416566291
LV003,invisible,Matching,mll,126.47490736949585,274.83889743367763,0.6987313198209744,0.04595586135574363,0.8442459321351766,0.4,0.6256340046264441,0.10047036156710921
LV005,invisible,Averaging,mll,230.90204857296433,484.9147064388193,0.7157126627140113,0.024389533141573258,0.851219381015113,0.4,1.1751221931363867,0.10030139529104522
LV005,invisible,Selection,mll,208.28472526516504,439.6800598232207,0.8568898892381611,0.3778537230504645,0.8570845868578936,0.4,0.782473585372581,0.10014227951454185
LV005,invisible,Matching,mll,217.37969953511669,457.870008363124,0.8047882335705736,0.23017702169084148,0.8607174982901196,0.4,0.7821481642671868,0.10073807329758179
LV008,invisible,Averaging,mll,366.8569715692471,759.5971411536246,0.7154265016221619,0.0002462131398048126,0.8519772695237983,0.4,0.6427736464053201,0.10174514927834757
LV008,invisible,Selection,mll,359.61186353530945,745.1069250857494,0.748777702684942,0.2016438293523586,0.8556902776338589,0.4,0.5978881913810727,0.10019857735221428
LV008,invisible,Matching,mll,366.2485980202554,758.3803940556412,0.7204462480812527,0.0016787344103772717,0.8545881390638848,0.4,0.6254352328559839,0.10113346741290807
LV009,invisible,Averaging,mll,201.73208758092926,426.57478445474914,0.7728148898837057,0.0005864831842020276,0.865566142331651,0.4,0.6664050511968059,0.10005572282756835
LV009,invisible,Selection,mll,200.55628514520697,424.22317958330456,0.7836782459059806,0.1439807033796204,0.85830748825933,0.4,0.6434822370444744,0.1002373927889452
LV009,invisible,Matching,mll,201.0364895327017,425.183588358294,0.7728352617610385,0.00825035441562919,0.8598683346219517,0.4,0.6240826555478203,0.10013795791743277
LV011,invisible,Averaging,mll,388.63581983872547,801.9333110943766,0.5710603557500766,3.098417795377865e-05,0.8363149012804815,0.4,2.9685650300140094,0.10294614318687559
LV011,invisible,Selection,mll,376.4796799531616,777.6210313232489,0.621567550735844,0.23812747918274194,0.9394754892776278,0.4,2.9479771460028728,0.1041319911739605
LV011,invisible,Matching,mll,369.72886971834464,764.1194108536149,0.6459228814998959,0.00026065425688104197,1.2008411787312827,0.4,2.996933114426828,1.0981412662575252
LV012,invisible,Averaging,mll,573.0388253177039,1172.8953080552642,0.6699679201048592,0.009500877494246338,0.8731643724655446,0.4,0.6785295805258007,0.10025617514872363
LV012,invisible,Selection,mll,533.0367281889821,1092.8911137978207,0.7231357558071585,0.30037587918501213,0.8562187968547115,0.4,0.6220894839676928,0.10008304429963456
LV012,invisible,Matching,mll,562.4902031865934,1151.7980637930432,0.6723166630633204,0.024348891638772525,0.8476133983165008,0.4,0.6331027184109582,0.10272710683225875
LV013,invisible,Averaging,mll,579.6385783730473,1186.094814165951,0.7169809032300162,8.722079550405065e-05,0.856195385155588,0.4,0.6470115779666817,0.10047527973678641
LV013,invisible,Selection,mll,560.3027681400883,1147.4231937000332,0.7497193797148904,0.2419226942974752,0.8548453921735402,0.4,0.6268581331000483,0.10064443393675804
LV013,invisible,Matching,mll,575.068352708083,1176.9543628360225,0.714688259457402,0.023652129473656292,0.8516823827827169,0.4,0.632896155768945,0.10023803362267171
LV015,invisible,Averaging,mll,21.696046380925544,57.49753486031574,0.8152362011913151,0.652261830923892,2.995432903200629,0.4,0.729714992828767,0.3277091836294434
LV015,invisible,Selection,mll,25.78434558209653,65.6741332626577,0.6217203025250388,0.1043653310853491,0.9590981453488918,0.4,0.7503857104245194,0.5252412560328619
LV015,invisible,Matching,mll,25.849862985160538,65.80516806878572,0.6196005633297905,0.0013260739018793066,0.8699913507994674,0.4,0.7510310421069984,0.49554640404340017
LV016,invisible,Averaging,mll,490.4079604742718,1007.099452797902,0.6739648874223337,0.00019604677006918454,0.859163655581656,0.4,0.643146525970573,0.10008442155841792
LV016,invisible,Selection,mll,340.6811195261203,707.645770901599,0.9572336020513171,0.0031129769822770834,2.999944968626899,0.4,0.8811790467643207,0.10007544186528144
LV016,invisible,Matching,mll,488.56954110114543,1003.4226140516492,0.6779342841551893,0.007287978975491726,0.8657676187654608,0.4,0.6437065313117456,0.10016591940847507
LV019,invisible,Averaging,mll,8.768815733521242,28.87048484326735,0.7902173211350272,0.889425297420496,0.8206535044988784,0.4,2.2871483363872236,0.10292109775516393
LV019,invisible,Selection,mll,7.792554345060111,26.917962066345087,0.8678565198733251,0.7456571963982782,1.0924152200517239,0.4,1.1887102394623013,0.10086817354653765
LV019,invisible,Matching,mll,7.780365174824775,26.893583725874414,0.8768416629614135,0.8502750823043309,1.3586268645204467,0.4,1.2597969809271523,0.10407734249612911
LV021,invisible,Averaging,mll,86.92819823750085,193.50701601794592,0.6221719957582744,0.0007653299558448524,0.8510043120151586,0.4,0.8470203101927571,0.10045376009644207
LV021,invisible,Selection,mll,84.9022115272567,189.4550425974576,0.6882086753671428,0.32719383461260615,0.8571195386383537,0.4,0.7685293976306022,0.10019042110484601
LV021,invisible,Matching,mll,86.76252642878939,193.17567240052298,0.6206798231938595,0.014114313311156205,0.8529947140050452,0.4,0.8564713899766648,0.10171479128208773
LV022,invisible,Averaging,mll,220.3379874255277,464.88433152675304,0.7613137387763337,8.631386670194226e-05,0.8535636158760479,0.4,0.645274970290837,0.10025820459454118
LV022,invisible,Selection,mll,218.41817770860632,461.0447120929103,0.7821968967045914,0.1825840419024834,0.8542858981154,0.4,0.6374149240642828,0.10016052976624545
LV022,invisible,Matching,mll,220.35058379270208,464.9095242611018,0.7582260724811378,0.00048569589620675103,0.8566591461852411,0.4,0.6702344735943225,0.10076184812419431
LV023,invisible,Averaging,mll,500.8456138422963,1027.0101113066835,0.5844730742142139,0.018851903306656755,0.8456432427547439,0.4,0.9005918793898947,0.10209502483016854
LV023,invisible,Selection,mll,444.1424215770344,913.6037267761595,0.7544460253191526,0.3536435568795965,0.8526831836951535,0.4,0.6860512311338249,0.1004344766057634
LV023,invisible,Matching,mll,469.39455839231755,964.1080004067259,0.6806330832339753,0.12618259018939532,0.8303251731783451,0.4,0.6552978069197287,0.10026934246087481
LV024,invisible,Averaging,mll,297.6402689757331,619.3256066490828,0.6671907215670007,0.0022023239618547516,0.8509094341468343,0.4,0.6508322139096872,0.1011105677243652
LV024,invisible,Selection,mll,282.50263565107196,589.0503399997606,0.7207634327497374,0.2963296046627776,0.8552251187745599,0.4,0.5947191832638326,0.1001656058685875
LV024,invisible,Matching,mll,293.1180925302267,610.2812537580701,0.6733958721557496,0.018177634052164493,0.8475260554950353,0.4,0.6252306034159195,0.10023912622724124
LV025,invisible,Averaging,mll,310.2569818783211,645.0301645968843,0.6066423913750014,0.0013202006262115957,0.8511538500224194,0.4,0.722209766318061,0.10216675571177744
LV025,invisible,Selection,mll,301.6595217974385,627.8352444351192,0.6410974403427954,0.22395273058918938,0.853492022739274,0.4,0.7273095266096907,0.10054892250171692
LV025,invisible,Matching,mll,308.5109752096895,641.5381512596211,0.6103809831893791,0.011398925549130098,0.8554433858658493,0.4,0.7242169095029292,0.10068968519426418
SV103,invisible,Averaging,mll,15.09860422618151,41.53006182858789,0.31933620212410974,0.001461736129124988,1.1795295450516645,0.4,0.7713047261783944,0.10223039119779327
SV103,invisible,Selection,mll,15.169289542299166,41.6714324608232,0.32254735525997147,0.2728004293777701,0.811324354975037,0.4,0.6689528341204048,0.10300701202621995
SV103,invisible,Matching,mll,15.203760364060876,41.740374104346614,0.29966339201054115,0.008482298867854702,0.8501504281472452,0.4,0.6917457810182697,0.10132730883869194
SV111,invisible,Averaging,mll,6.148769493930628,23.63039236408612,0.770892792957535,0.02515932093916906,0.8486284711691735,0.4,0.576707992000353,0.10063357475186308
SV111,invisible,Selection,mll,4.854137061196011,21.041127498616888,0.8264782422580867,0.26559852307054393,0.8684659329559165,0.4,0.5643350235101982,0.1002056235516387
SV111,invisible,Matching,mll,5.52836611544116,22.389585607107186,0.7776686352122499,0.04985005756564689,0.8355482377789243,0.4,0.5680214054190689,0.10013258479830169
SV113,invisible,Averaging,mll,18.71180513355251,51.52905236556967,0.5797268463606533,0.00023980256561570597,0.8545063385278152,0.4,1.2717348543055844,0.10580623853433949
SV113,invisible,Selection,mll,18.095407317682373,50.296256733829395,0.6288022007256739,0.2802230723902534,0.8545543807745452,0.4,1.0622438512867844,0.10486329959911436
SV113,invisible,Matching,mll,19.48675406539145,53.07895022924755,0.5450507939213376,0.03706922869198579,0.793296785595268,0.4,1.1298506558256043,0.18918153037751237
SV119,invisible,Averaging,mll,12.478778934564563,36.290411245353994,0.7125533606964042,0.4112563939365047,0.8157067685517359,0.4,0.9864341290107149,0.10011279099198543
SV119,invisible,Selection,mll,11.95510766164154,35.243068699507944,0.767419648202047,0.5458589429971341,0.8489448987957514,0.4,0.8117051903637702,0.10114652012026068
SV119,invisible,Matching,mll,12.195596489889333,35.72404635600353,0.7444940232022748,0.5492749265658102,0.8454847982354612,0.4,0.8671289972566597,0.10392059311284567
SV215,invisible,Averaging,mll,10.477576974849171,32.2880073259232,0.6344528353518453,0.09464191226955565,0.842806301771572,0.4,0.6283597408561382,0.10008046586751651
SV215,invisible,Selection,mll,8.462979595225487,28.25881256667584,0.7681508948152524,0.30472109860823543,0.8720380808951922,0.4,0.5957029474542997,0.1010507893695415
SV215,invisible,Matching,mll,9.323069294835086,29.978991965895037,0.7075555228587603,0.06867368648916727,0.8463135127147855,0.4,0.5960941125016694,0.1005583945173082
LV001,5,Averaging,mll,153.71860267396548,329.86041361311493,0.9778096163411636,0.4394943089913748,1.9078918448491984,0.4,0.988217936583187,0.8216227418003379
LV001,5,Selection,mll,153.84361447656883,330.11043721832164,0.978411069024144,0.45414443394340165,2.877354601871301,0.4,0.9461986909862768,0.819934021124713
LV001,5,Matching,mll,153.75949836950275,329.9422050041895,0.978834260371236,0.2931981834459946,2.8383929654736,0.4,0.990712196281794,0.8322239438424208
LV002,5,Averaging,mll,214.1875076286085,450.798223522401,0.8048465283911723,0.9235118821036762,1.0308693824029682,0.4,2.984119099804213,0.1068489567758813
LV002,5,Selection,mll,204.2933474947154,431.00990325461476,0.8405220495423835,0.7168061244160198,1.0517287756520108,0.4,1.657847433176,0.10062222240678974
LV002,5,Matching,mll,207.00364823888313,436.43050474295023,0.827828769436069,0.8722529668731789,1.0178556994049883,0.4,1.7383476052484739,0.10130731463563772
LV003,5,Averaging,mll,156.78575898354472,335.9947262322734,0.9286122837945573,0.5861533714564184,0.8815334772138202,0.4,2.978292803742491,0.10940427953796975
LV003,5,Selection,mll,146.74350520191194,315.91021866900786,0.972323241088149,0.5719905199532487,1.1098200722749252,0.4,1.8457102585435,0.1188584710517559
LV003,5,Matching,mll,149.1585109954897,320.7402302561634,0.9656837114558076,0.7458994897295811,1.0347818966979687,0.4,1.900241624603307,0.11295949344798706
LV005,5,Averaging,mll,164.7895012255117,352.0022107162074,0.8840479560800288,0.2370381476244898,0.8302863253340541,0.4,1.8679664996375924,0.10147361827657778
LV005,5,Selection,mll,150.59610263303676,323.6154135312575,0.9743774791746094,0.46086495730390703,0.9189376418249691,0.4,1.057909091201357,0.10018294222368389
LV005,5,Matching,mll,155.61455146034592,333.6523111858758,0.9450619797905071,0.4941995870854112,0.8926368023775912,0.4,1.168418176237711,0.10300313463799185
LV007,5,Averaging,mll,197.40531531631243,417.2338388978088,0.9047019256535491,0.5235570712555443,2.989785412233193,0.4,1.1148008448639994,1.1653619307100613
LV007,5,Selection,mll,198.65325546665053,419.72971919848504,0.8998058675917587,0.5064228699439067,2.973784750958186,0.4,0.8809119527826926,1.043681134228165
LV007,5,Matching,mll,198.85591123788893,420.13503074096184,0.8998156428193398,0.5503585167222456,2.933327963383328,0.4,0.941571158848238,1.1024844395659512
LV008,5,Averaging,mll,201.59572626894013,425.6146608030642,0.9390408013804246,0.019041766169966806,0.8577349187240054,0.4,1.1994465003135528,0.11283628760804637
LV008,5,Selection,mll,201.23751987000827,424.8982480052005,0.9414269214541273,0.1459207095421221,0.9322922551708874,0.4,1.1949859576392945,0.10582106760256105
LV008,5,Matching,mll,201.65934627622914,425.74190081764226,0.9388783783082746,0.009914218673673158,0.8525081180574836,0.4,1.1813282131254321,0.1036081388792888
LV009,5,Averaging,mll,154.23669374894962,330.8965957630832,0.969724784775104,0.06049486531689181,0.8252562277644693,0.4,0.8996667299368628,0.3501013433882701
LV009,5,Selection,mll,151.28572908973882,324.9946664446616,0.9783125092488937,0.34544576892936163,2.976719145065223,0.4,1.0296178176800863,0.619048556659421
LV009,5,Matching,mll,154.11585486171322,330.6549179886104,0.9699210115310246,0.0008831213541580292,0.8901785813435945,0.4,0.9067415308269539,0.451783629804035
LV011,5,Averaging,mll,218.41277067331288,459.2487496118097,0.7573501856178027,0.00037608369196562855,0.8824775512525432,0.4,2.997375487587926,1.8104404558556952
LV011,5,Selection,mll,207.20442462255943,436.83205751030283,0.8471076799547336,0.23516291553019153,1.3232889527837897,0.4,2.9995424755707405,2.0521916905055217
LV011,5,Matching,mll,213.4787031135627,449.38061449230935,0.7985090296313042,0.10789109330354474,1.019569176700454,0.4,2.998015828771154,1.112796855005188
LV012,5,Averaging,mll,200.33616885379516,423.0955459727743,0.5767832468439156,0.0211948922247521,0.849458376626246,0.4,0.8486917397061808,0.1001255328574939
LV012,5,Selection,mll,173.41526563440266,369.2537395339893,0.7309962407069113,0.3306594409881476,0.8458389118791868,0.4,0.630629819605058,0.10005064700348677
LV012,5,Matching,mll,186.5276298359626,395.4784679371092,0.6620825273134001,0.09159090259600249,0.8279539450469012,0.4,0.6187211788828535,0.10046659479918713
LV013,5,Averaging,mll,197.59698248032075,417.61717322582547,0.6978604969304052,0.012777566397403708,0.8588224689606188,0.4,0.6796381368451445,0.10177482685307887
LV013,5,Selection,mll,185.3111533178704,393.0455149009248,0.7566954189425787,0.31846379734285274,0.8594893577136711,0.4,0.6442332378841257,0.10013187614308783
LV013,5,Matching,mll,192.2526964993686,406.92860126392117,0.7083414591546323,0.05797935440154414,0.8509555157207717,0.4,0.6446136408882779,0.10031327127153267
LV015,5,Averaging,mll,82.49575325550103,187.41471477618606,0.9884411454478305,0.012436570012017078,2.9442919196992507,0.4,0.7415731706068592,1.0021584006137993
LV015,5,Selection,mll,82.44820289787717,187.31961406093833,0.9884018807494834,0.26546774760189606,2.97457740171757,0.4,0.7366169973749087,1.0078434549941304
LV015,5,Matching,mll,82.4648860975871,187.3529804603582,0.9882340028364465,0.0003837946836837143,2.9614091363640718,0.4,0.7368685829799086,0.9979553330985157
LV016,5,Averaging,mll,228.8307915921954,480.08479144957477,0.7636623149365622,0.0007802473667255739,0.8513597961216218,0.4,0.7645857760642503,0.10012468464344376
LV016,5,Selection,mll,228.632525087258,479.68825843969995,0.765432971294471,0.029294708671892166,0.8540672505305531,0.4,0.763747166731646,0.10004798411174311
LV016,5,Matching,mll,228.6626947566802,479.74859777854437,0.7652204098064953,0.0023387603758604366,0.8534532964066852,0.4,0.7632367850947003,0.10004371900834579
LV017,5,Averaging,mll,157.28014484079213,336.98349794676824,0.9301244263811888,0.007639312064613072,2.996490437452837,0.4,0.8189566853049143,0.9453763051734524
LV017,5,Selection,mll,157.2345488101779,336.89230588553977,0.9289571180458656,0.23582354762188593,2.993306228020564,0.4,0.7821846678873887,0.9569388529925761
LV017,5,Matching,mll,157.25954732210326,336.9423029093905,0.9290181578861266,0.0003693958413692156,2.9926929041087407,0.4,0.7831188129958329,0.962537889172232
LV018,5,Averaging,mll,117.44837545066686,257.3199591665177,0.9813094038784556,0.7731982497752174,2.9386971395958414,0.4,0.9569367738457287,1.1095320921511385
LV018,5,Selection,mll,119.462693701741,261.348595668666,0.9749385659454304,0.9737718952985742,1.5937564218977387,0.4,0.704865178652632,1.0563601407251468
LV018,5,Matching,mll,119.25810153971399,260.939411344612,0.9778866568281165,0.8914244301088708,2.5112438949639895,0.4,0.8272749087163087,1.022153859513096
LV019,5,Averaging,mll,100.43592624018456,223.29506074555312,0.9737177949841228,0.9114745032362273,2.9311721741024463,0.4,1.3748067355431273,1.6441473566278522
LV019,5,Selection,mll,100.72656700388544,223.87634227295487,0.9732150757940838,0.9129152677587705,2.828527391708772,0.4,1.5537658334515696,2.0487973312425924
LV019,5,Matching,mll,100.89841235641435,224.2200329780127,0.9728939566717256,0.9998706056203113,2.8137612726185313,0.4,1.2962901088687278,1.5564053565179088
LV020,5,Averaging,mll,172.0469546958007,366.5171176567854,0.9535067128273907,0.8428976185338414,2.989495575027791,0.4,1.2929593078427408,2.039671236925459
LV020,5,Selection,mll,173.95948747905533,370.3421832232946,0.9515823192346132,0.7073827311599336,2.9756801897170515,0.4,1.2143635295349064,1.8449367460345814
LV020,5,Matching,mll,173.99128641313155,370.40578109144707,0.95117217994271,0.9400221659271234,2.925544422805481,0.4,1.1928851935041678,1.89543577429939
LV021,5,Averaging,mll,77.33843611724674,177.1000804996775,0.9899378838670614,0.005439491024778259,2.9825694068377184,0.4,0.7879128887515849,0.9676348050883329
LV021,5,Selection,mll,77.42460235083728,177.27241296685855,0.9901940971905805,0.2632525065884223,2.9957916044193555,0.4,0.7871034106102794,1.0069266859775443
LV021,5,Matching,mll,77.34231342994572,177.10783512507544,0.9900384695872533,8.728058172329214e-05,2.9970410941189307,0.4,0.7870835872789059,0.9823501084013853
LV022,5,Averaging,mll,191.286622381084,404.99645302735195,0.936731013511442,0.0040223569322165855,0.8586569261061785,0.4,0.9025772888126664,0.10511114587507445
LV022,5,Selection,mll,191.21412443550037,404.8514571361847,0.9391252299433629,0.09003241273831504,0.8683120949470335,0.4,0.9251797368749689,0.1022956902604048
LV022,5,Matching,mll,191.2622188000082,404.9476458652004,0.9356982243930975,0.000147086701593043,0.8598174360877928,0.4,0.8870119520358535,0.12789983373885797
LV023,5,Averaging,mll,248.01606967018745,518.4553476055589,0.6438891778538118,0.015041632430737502,0.851358808548152,0.4,1.5725181761411093,0.10083509637085054
LV023,5,Selection,mll,224.61918357508193,471.66157541534784,0.8265047529546132,0.38410724218668224,0.8922529137615899,0.4,0.8368969190571414,0.10041203212869444
LV023,5,Matching,mll,236.2599407061204,494.9430896774248,0.732799894540632,0.28100965813550627,0.8781601590424462,0.4,0.8630745711664342,0.10025282431876412
LV024,5,Averaging,mll,315.92430448124577,654.2718172276756,0.6070572703694066,0.00026957964994315007,0.8395152982824077,0.4,2.277206325951136,0.1056283953759774
LV024,5,Selection,mll,306.03192173059784,634.4870517263797,0.7106712650186643,0.3798813391860715,0.8403576956195762,0.4,1.0426893914890143,0.10034937994671389
LV024,5,Matching,mll,313.20740398014607,648.8380162254762,0.6299489626697528,0.23732389540592436,0.8757196840453177,0.4,1.3188332461866228,0.10583554589771965
LV025,5,Averaging,mll,166.5996845544314,355.6225773740468,0.9277326194145687,6.587617091999195e-05,0.8583402453852853,0.4,1.1671259267668417,0.10132649901204092
LV025,5,Selection,mll,166.5980139321446,355.61923612947317,0.9302692881151645,0.14538725876670971,0.8580006728475348,0.4,1.1059828642494032,0.10042856665308
LV025,5,Matching,mll,166.71769425426288,355.85859677370973,0.9285159086349926,0.002392003217395463,0.8538396882366726,0.4,1.127555083276492,0.10014397635751025
SV103,5,Averaging,mll,127.37738380193984,277.1779758690637,0.9830718786483298,0.579241149992003,2.954643923050291,0.4,0.8899680206912721,1.217448226876576
SV103,5,Selection,mll,129.17571715881627,280.7746425828165,0.9774800465102393,0.5377620428988901,2.995241677382225,0.4,0.8147465379837414,1.032218110172844
SV103,5,Matching,mll,128.80102777514884,280.02526381548165,0.9789800814339399,0.7150755525555696,2.965591671615473,0.4,0.8604783857348933,1.0482680548909644
SV110,5,Averaging,mll,125.16659536574599,272.75639899667596,0.974232615125661,0.7538418414827298,2.979289626472453,0.4,0.9187473189949044,1.1686884852717516
SV110,5,Selection,mll,127.21313752601898,276.84948331722194,0.9696340404794587,0.641979260951151,2.992813177470964,0.4,0.7938999266368677,1.0106821485846098
SV110,5,Matching,mll,126.94628027112987,276.3157688074437,0.9706474575377406,0.893521501328285,2.8629251227105526,0.4,0.8406608068444406,1.0365367998008959
SV111,5,Averaging,mll,131.19404506863265,284.81129840244927,0.9726652888951121,0.8327888760825027,2.9899404125143776,0.4,1.3082660896403047,1.7199656370616208
SV111,5,Selection,mll,131.4209216440176,285.26505155321917,0.9718507283914608,0.7140223517974785,2.9283050254736342,0.4,1.11136124232321,1.3771559096636403
SV111,5,Matching,mll,131.88482652198405,286.1928613091521,0.9714983599395914,0.9622260497126442,2.9334067895753213,0.4,1.2672222098899555,1.6181176027429742
SV113,5,Averaging,mll,114.8148115778589,252.0528314209018,0.9799967223694738,0.992103369960165,2.9941772640246938,0.4,0.936580193836756,1.1725569215007006
SV113,5,Selection,mll,114.3885814248797,251.2003711149434,0.9796156070369022,0.7513325243754982,2.992162652929066,0.4,0.9155930520699234,1.1150018421918704
SV113,5,Matching,mll,115.6943793157253,253.8119668966346,0.9783947695850582,0.9933332274879607,2.270433300219519,0.4,0.8038102584515574,1.2230708346280568
SV119,5,Averaging,mll,71.27627671022877,164.97576168564154,0.99632439289261,0.4127876237243553,2.9659991876751977,0.4,0.8456336662827136,1.0360893694654514
SV119,5,Selection,mll,72.63672064416781,167.69664955351962,0.9949588852169226,0.463001751657379,2.9896143556046515,0.4,0.7778187425438038,0.9931403245819896
SV119,5,Matching,mll,72.62841654674756,167.68004135867912,0.9950994018785984,0.2998506685119339,2.8800166462286962,0.4,0.7906424909063375,1.0263174700939535
SV201,5,Averaging,mll,144.51803792527036,311.4592841157247,0.9623984267732132,0.6671241600631449,2.993005616616523,0.4,0.9284522327350172,1.1664426716321947
SV201,5,Selection,mll,147.34277715098474,317.10876256715346,0.955802212951488,0.553884571384205,2.9926333344190854,0.4,0.8072718396379988,1.063523902744495
SV201,5,Matching,mll,146.83347786699963,316.09016399918323,0.9569902360112086,0.7696514797109351,2.9738976040539766,0.4,0.8149877050682286,1.1011260604614597
SV202,5,Averaging,mll,107.71984173270404,237.86289173059208,0.9799812154628355,0.0015947917139819212,2.949058760622441,0.4,0.7778170177546917,0.9920817995401185
SV202,5,Selection,mll,107.64936449013358,237.72193724545116,0.9795457455018145,0.2412418654444157,2.9759275483949845,0.4,0.7718653470318968,0.9738124235788266
SV202,5,Matching,mll,107.74141011442802,237.90602849404004,0.9801749154957248,9.314660259887516e-05,2.9400480559339597,0.4,0.7851623271159028,0.9936253830974013
SV203,5,Averaging,mll,121.4778428992142,265.3788940636124,0.963320072233661,0.8539241659140162,2.997664045156162,0.4,1.0681241634700025,1.5479726882327107
SV203,5,Selection,mll,121.94885467991718,266.32091762501835,0.9629528487855921,0.8890279305573643,2.798466828382,0.4,1.0575519481751205,1.58448261812215
SV203,5,Matching,mll,122.10215278225368,266.62751382969134,0.9627535960455456,0.9986691998848893,2.517708774678144,0.4,1.0448402589350652,1.6108458782343102
SV204,5,Averaging,mll,166.49873164069413,355.42067154657224,0.9396004854939202,0.9912904799355016,1.9446841493953109,0.4,0.39391712248520727,1.559467470936205
SV204,5,Selection,mll,166.48465530810097,355.3925188813859,0.9396731768316954,0.8265651406490483,1.9833350850927387,0.4,0.4268540748691066,1.56938330621264
SV204,5,Matching,mll,166.40988589949376,355.2429800641715,0.9398039700659424,0.9997483993038341,2.419183839932621,0.4,0.4350510291509792,1.5714237031514706
SV205,5,Averaging,mll,91.36540522056521,205.15401870631442,0.9862660149820918,0.2859254900310926,2.9890864469256124,0.4,0.8031192870888738,0.9899380990156267
SV205,5,Selection,mll,91.71651460105748,205.85623746729897,0.9855989244013191,0.4251700912863317,2.9939102506694213,0.4,0.7773532522594276,0.9912342503015792
SV205,5,Matching,mll,92.07368209259943,206.57057245038285,0.9855917979911412,0.095882051368211,2.985443760561071,0.4,0.7811694682308217,1.0049420347644198
SV206,5,Averaging,mll,187.2165160326663,396.8562403305166,0.9619552118638852,0.32847747032530933,0.7549793209895064,0.4,0.9087319660059634,2.0048386139974506
SV206,5,Selection,mll,186.98791039209385,396.3990290493717,0.9520901081106327,0.23128161038851044,2.6936364302401796,0.4,1.0437475960633469,1.487997187945361
SV206,5,Matching,mll,186.22744875054863,394.87810576628124,0.9627173917897384,0.2751515334839272,1.7807329839705655,0.4,0.8856278668579931,1.4953516525059078
SV207,5,Averaging,mll,99.44645227516904,221.31611281552208,0.9856565639767649,0.02828441487198901,2.894485072556337,0.4,0.8714994135371477,0.9318192776846893
SV207,5,Selection,mll,99.49604888231133,221.41530602980666,0.9850385571249503,0.20985039178862058,2.804356985510416,0.4,0.84334392285916,0.9031500697095743
SV207,5,Matching,mll,99.59438361916949,221.61197550352298,0.9854533083491117,0.0005142905673815176,2.6185966769177713,0.4,0.8333102121700817,0.9476830500768014
SV208,5,Averaging,mll,136.55885537381585,295.54091901281566,0.9677162183041215,0.6793691592176062,2.9781367275445043,0.4,0.3505723813196558,1.4689985674037724
SV208,5,Selection,mll,136.82525233577167,296.0737129367273,0.9672297966894889,0.8561088655747446,2.2332281318938696,0.4,0.41147009216113056,1.4391367844595915
SV208,5,Matching,mll,138.98967416898944,300.40255660316285,0.9646175981916659,0.9891445269322645,2.105429069577509,0.4,0.7587825171873978,1.2397363795640453
SV209,5,Averaging,mll,142.9579040186373,308.33901630245856,0.9628534774950837,0.7497445330382375,2.9684636989939546,0.4,0.17084437507318787,1.4972215520464711
SV209,5,Selection,mll,142.94666453037806,308.3165373259401,0.9575113640341987,0.8553654683940758,1.2896355476161687,0.4,1.0268320768575474,1.7565583931564928
SV209,5,Matching,mll,143.25079463012878,308.92479752544153,0.9620838323769683,0.984088646891008,1.6979741260269503,0.4,0.32722811460446866,1.4953484491109597
SV210,5,Averaging,mll,105.56879553736967,233.56079933992334,0.9745834628628605,0.8812914478339525,2.999329197244625,0.4,0.9987903079435168,1.4453806608262616
SV210,5,Selection,mll,106.08689918890359,234.59700664299118,0.9740684464879563,0.7642095857763371,2.9720108051512435,0.4,1.0292051520775334,1.506096306982396
SV210,5,Matching,mll,106.20383124056286,234.83087074630973,0.9737618933044343,0.9983664248945553,2.7304979762527295,0.4,0.9943566749455625,1.4645320254425462
SV211,5,Averaging,mll,77.89569519095643,178.21459864709686,0.990415386920016,0.46882093735116565,2.8251597775831154,0.4,0.8144507334151367,1.0927273738346766
SV211,5,Selection,mll,84.2159105489857,190.8550293631554,0.9736283320651652,0.7269968686883432,0.4751180344688275,0.4,0.7404314285507518,1.224303328700892
SV211,5,Matching,mll,79.35806684509618,181.13934195537635,0.9884638376944931,0.4542775874248094,2.3037395441654174,0.4,0.7088525690883588,1.0534472811179354
SV212,5,Averaging,mll,123.73752493419826,269.8982581335805,0.9764051717030042,0.161748211217392,2.9716103492670176,0.4,0.8880322655175336,0.932512676171231
SV212,5,Selection,mll,125.90109223530764,274.2253927357993,0.9731995728110805,0.32508073106421626,2.85509022860324,0.4,0.8004729864996455,0.8296019404049222
SV212,5,Matching,mll,123.98688849076387,270.3969852467117,0.9767212619558757,0.026452425637962355,2.9985450603074595,0.4,0.8933702828194721,0.9504205826748648
SV213,5,Averaging,mll,135.69159447853602,293.806397222256,0.9757415721482723,0.8568595232558237,2.543951225936707,0.4,0.3717186133675537,1.4716358002226664
SV213,5,Selection,mll,135.76390490206677,293.9510180693175,0.975591356744204,0.7533694312633994,2.4112699196676846,0.4,0.3998289404609084,1.456739513741222
SV213,5,Matching,mll,135.7303611777058,293.88393062059555,0.9756965339730019,0.9989060531185168,2.9964730857161186,0.4,0.3512352582540363,1.4702728379580134
SV214,5,Averaging,mll,92.77325375144115,207.9697157680663,0.9871196137202284,0.1389603371092001,2.997825816048919,0.4,0.8407087014664455,1.0300594453353296
SV214,5,Selection,mll,93.34695015826682,209.11710858171764,0.98731575121035,0.28280897332226673,2.987424834663257,0.4,0.8405428869386894,1.080355929673915
SV214,5,Matching,mll,93.25742919403771,208.93806665325943,0.9870079469549068,0.020959434925009922,2.97330631616175,0.4,0.8221143202837631,1.062050946249265
SV215,5,Averaging,mll,151.60244734699816,325.6281029591803,0.9689884329538703,0.8734862761726169,1.2960345908650694,0.4,1.2238033477110264,1.0108630217392403
SV215,5,Selection,mll,148.7038737191897,319.83095570356335,0.9743981839917665,0.6795824678415117,2.527859401749326,0.4,0.8899140485060026,0.7764109858133624
SV215,5,Matching,mll,148.7413747987673,319.9059578627186,0.9733456026636039,0.8777180890166986,2.5616142784026192,0.4,0.9130604840763233,0.7538975700921273
SV216,5,Averaging,mll,164.081480030236,350.586168325656,0.9262280343871429,0.5737841725912987,2.998458826939546,0.4,0.9581966225697999,1.0549417726881702
SV216,5,Selection,mll,166.3932027063913,355.20961367796656,0.9192743453691916,0.5036261906354486,2.958589471856978,0.4,0.8161426375524047,1.0087759402324357
SV216,5,Matching,mll,166.56558495329406,355.5543781717721,0.9205586518010374,0.5612562190116985,2.9746189607200417,0.4,0.8708685599450965,1.0489538500998605
LV001,10,Averaging,mll,210.9788831102104,444.3809744856048,0.5675630466501388,0.000758309173831252,0.8545506558726695,0.4,0.7245330348278269,0.10234926570334643
LV001,10,Selection,mll,204.9252822740223,432.27377281322856,0.6496282043749418,0.2359950474070588,0.8526512217604054,0.4,0.644104163888347,0.10066261811201908
LV001,10,Matching,mll,212.30290606752567,447.0290204002353,0.6009787555304373,0.01697146229608231,0.8425398513576501,0.4,0.6502737421348355,0.10278068334625619
LV002,10,Averaging,mll,273.4043110283522,569.2318303218884,0.7500114154636899,0.9250894940312754,0.9448776600404414,0.4,2.254104914788205,0.1151526127110153
LV002,10,Selection,mll,264.89932880346527,552.2218658721146,0.7963295603999525,0.7929807373332729,1.0647071770295358,0.4,1.892983068402053,0.1013721650421616
LV002,10,Matching,mll,259.6638644005425,541.750937066269,0.8502848629370665,0.8731880811115172,2.8021019740597697,0.4,1.6064515384153548,0.10305882430520995
LV003,10,Averaging,mll,183.19128496181068,388.80577818880533,0.8572138927849593,0.6047317257847468,0.8872143721875443,0.4,2.8991330188669333,0.3557849163083623
LV003,10,Selection,mll,168.6252982266147,359.67380471841335,0.9255812286784318,0.5436416915876491,2.8655976289883163,0.4,1.999920774480146,0.7873868634549495
LV003,10,Matching,mll,173.94905515341267,370.3213185720093,0.9097552061149058,0.7970013861186499,1.2347588833299452,0.4,2.3162895990626375,0.4817162860401216
LV005,10,Averaging,mll,199.160825176442,420.74485861806795,0.8483110515309572,0.29680728964406555,0.8341026563634447,0.4,1.9398715953912125,0.10226876591847306
LV005,10,Selection,mll,185.33109475500717,393.0853977751983,0.93373921559238,0.4248240636414432,1.0003604213883777,0.4,1.1088399343787751,0.10164564313520907
LV005,10,Matching,mll,190.08637460916947,402.5959574835229,0.9026980130400551,0.4940884930819295,0.9082803497374777,0.4,1.190061442338149,0.10022924192855309
LV007,10,Averaging,mll,134.18273347502537,290.7886752152347,0.9812579592882434,0.6496150944162827,2.9459975893249792,0.4,0.9447967539759242,1.1168072329764487
LV007,10,Selection,mll,137.16997602722344,296.76316031963086,0.9753049127385373,0.5392705894475088,2.9857786222917837,0.4,0.8073576074332963,1.0336832003592644
LV007,10,Matching,mll,136.52061041531664,295.46442909581725,0.9763024834774529,0.6972380955911608,2.976417186529337,0.4,0.8507413751672357,1.0394228319438736
LV008,10,Averaging,mll,174.04190738828348,370.5070230417509,0.7000049504230469,0.0005138705974782899,0.8542220209127882,0.4,0.6619389031485501,0.10045708386930453
LV008,10,Selection,mll,171.21361968612914,364.85044763744224,0.7283528596771838,0.20583199190305096,0.8573559628635221,0.4,0.6100053365769028,0.100655263597058
LV008,10,Matching,mll,173.07962035659136,368.5824489783667,0.7049935738468835,0.003209064741958315,0.8552589897540813,0.4,0.623785316001998,0.10035339510935297
LV009,10,Averaging,mll,135.9599771041957,294.3431624735754,0.9810359584376573,0.005057673200178371,0.822093516247757,0.4,0.9219479799710852,0.2488587600657613
LV009,10,Selection,mll,134.04112822401933,290.50546471322264,0.9854046447995779,0.006752087663079685,1.4644919611433485,0.4,0.8799600567452892,0.5281432835195323
LV009,10,Matching,mll,136.2457623199499,294.9147329050838,0.9830382749746417,0.00046233358250777833,0.8938733569691123,0.4,0.999453364292461,0.2801391922304686
LV011,10,Averaging,mll,208.99619495814,440.41559818146396,0.7367875031980662,0.0003609287322881681,0.8261354980641736,0.4,2.6547117625964782,2.9768307399216867
LV011,10,Selection,mll,197.29581724769952,417.014842760583,0.8320869066498655,0.19094608051964992,1.337561427667191,0.4,2.9996123266512664,2.9737417185139448
LV011,10,Matching,mll,199.44559246445903,421.314393194102,0.8145752833056423,0.00015808107674403365,1.1649251301360195,0.4,2.990114832284148,2.973043388587721
LV012,10,Averaging,mll,194.26927006945584,410.96174840409566,0.6589920893074718,5.9552854227924475e-05,0.8508357426966457,0.4,0.6847331165678069,0.10076068148574953
LV012,10,Selection,mll,185.15751483176385,392.73823792871167,0.7124215969479634,0.26848320281921717,0.8586673708515454,0.4,0.6454799792214962,0.10011872989875084
LV012,10,Matching,mll,191.73475968322634,405.89272763163666,0.6704536450370318,0.01860572638873292,0.853974181974438,0.4,0.6498417611312324,0.10029630081557055
LV013,10,Averaging,mll,198.07804037927173,418.5792890237274,0.7160076560863506,0.00014783759193449055,0.8557808608816924,0.4,0.6926601065777624,0.10003431872398028
LV013,10,Selection,mll,194.655249630474,411.733707526132,0.7586655288165169,0.23135531239120735,0.8556947491176969,0.4,0.6449556977350573,0.10023724774561654
LV013,10,Matching,mll,198.17328964699072,418.7697875591654,0.7289849919640596,0.011040435008738948,0.8539889029929382,0.4,0.6431105980963123,0.10030776514271862
LV015,10,Averaging,mll,120.90749009136798,264.2381884479199,0.9788007096145003,0.1473807813150518,2.9949722539931605,0.4,0.7904278101869542,0.8476502708843127
LV015,10,Selection,mll,121.48481031234441,265.3928288898728,0.9792654841089004,0.22651246369968697,2.980629143610008,0.4,0.8227658508652135,0.9340382860295777
LV015,10,Matching,mll,121.42418073131343,265.27156972781086,0.9789498310093947,0.0005365298847505953,2.992646737822306,0.4,0.8080298926029394,0.9142799233684807
LV016,10,Averaging,mll,154.26119140812776,330.9455910814395,0.7185524881709315,0.0004302367262424472,0.8632803370510455,0.4,0.7237782161644427,0.1007514958293519
LV016,10,Selection,mll,152.43316118050643,327.28953062619684,0.7529379992097349,0.20721658459988196,0.8548781978875624,0.4,0.6931181937932299,0.10006817307424372
LV016,10,Matching,mll,154.20326869512598,330.82974565543594,0.7191219505818057,0.011131466395541115,0.8641898659914339,0.4,0.7231720489714276,0.10173647308492985
LV017,10,Averaging,mll,93.07895865383622,208.58112557285645,0.9799473834933918,0.015201778349710562,2.987836199763331,0.4,0.7063401952634049,1.0629478369934655
LV017,10,Selection,mll,93.08691744559772,208.59704315637944,0.9797894535488789,0.2308163960938842,2.986899390919667,0.4,0.7287755562579589,1.0283714610226697
LV017,10,Matching,mll,93.07552168291603,208.57425163101607,0.9798642407332872,0.0004285892592355803,2.9945895197758636,0.4,0.7063048026746532,1.05859110294784
LV018,10,Averaging,mll,143.83632400938802,310.09585628396,0.9618608544514542,0.8053774048413587,2.992882655488531,0.4,0.7853209779645955,1.1485092511644535
LV018,10,Selection,mll,144.93525030485895,312.2937088749019,0.9586174520859427,0.6920010503235001,2.894895321626569,0.4,0.7128772803236784,0.9947014032260171
LV018,10,Matching,mll,144.9587911306628,312.3407905265096,0.9594891590984177,0.9564503329961423,2.501651768890398,0.4,0.7204666513147608,1.0561794262288635
LV019,10,Averaging,mll,140.48079912505412,303.3848065152922,0.9618242790902551,0.9230376403013841,2.9283038857425074,0.4,1.364300966220494,1.563119163908772
LV019,10,Selection,mll,140.54430218169517,303.5118126285743,0.9605426370415874,0.7570247803204949,2.9918125199367296,0.4,1.3340983746981714,1.5144060254093135
LV019,10,Matching,mll,141.06630165290167,304.5558115709873,0.959832060208773,0.989329929851895,2.877125364196294,0.4,1.4553251035662655,1.6173971858336311
LV020,10,Averaging,mll,247.11985132767342,516.6629109205309,0.8785935521344647,0.9452883067400167,1.6262353307759387,0.4,1.5189580574355686,2.997535026417465
LV020,10,Selection,mll,246.84513974887645,516.1134877629369,0.8788535191415559,0.9957370957025291,1.0698491300291895,0.4,1.0406686221825645,2.4809350634361076
LV020,10,Matching,mll,247.11899581473,516.661199894644,0.8798966903837818,0.9988271053233507,1.4437183728961582,0.4,1.269189090897596,2.8066278275642023
LV021,10,Averaging,mll,111.04628488709324,244.51577803937047,0.9794032563967142,0.04791658424549318,2.9648966213869605,0.4,0.9289520329785736,0.9312384697561568
LV021,10,Selection,mll,111.19307638109274,244.80936102736948,0.9789924881789647,0.06983873114888257,2.976067586842259,0.4,0.9191070499247759,0.9234450933579488
LV021,10,Matching,mll,111.04923694315835,244.5216821515007,0.9795137434476108,0.0006233923925458941,2.978611663984556,0.4,0.9364066446349354,0.9440201932912144
LV022,10,Averaging,mll,112.08690764890646,246.59702356299692,0.9701036038220734,0.00030567529981922125,0.848178135711597,0.4,0.8675576643480127,0.10191108324662501
LV022,10,Selection,mll,111.91978984057003,246.26278794632407,0.9725162142848062,0.08942285580418158,0.8654500391216605,0.4,0.8834053587095743,0.10265781787060554
LV022,10,Matching,mll,111.98401878038113,246.39124582594627,0.9704647386164867,0.0007012363722274171,0.860952252206826,0.4,0.8608654883444163,0.10418877841932556
LV023,10,Averaging,mll,276.45637561999933,575.3359595051827,0.6020560487895174,0.0011274299388681476,0.8554148528663251,0.4,1.8319829813847486,0.10025432250698726
LV023,10,Selection,mll,258.87685547328914,540.1769192117623,0.7709233591351572,0.38494134871613406,0.8818791464497354,0.4,0.9430141475739463,0.10046456353504284
LV023,10,Matching,mll,269.3876674020438,561.1985430692716,0.6796028195889523,0.3160541513395227,0.8637827045631107,0.4,0.9711483987924489,0.1006774590991403
LV024,10,Averaging,mll,262.74076021523035,547.9047286956447,0.652654060077554,1.2659119660223423e-05,0.8489382031195385,0.4,2.9986724080996336,0.10954616887121704
LV024,10,Selection,mll,254.53668668029874,531.4965816257815,0.743911116462322,0.37749974945122916,0.8477637348038778,0.4,1.0877901883628291,0.1000318751932812
LV024,10,Matching,mll,262.5739667561061,547.5711417773962,0.6540432212075786,0.07677945724802585,0.8512306208724278,0.4,2.6443301681254314,0.11207982394563554
LV025,10,Averaging,mll,158.51980255636198,339.46281337790793,0.8283001774615151,6.416553143816009e-05,0.8520150970414155,0.4,0.9727002937063304,0.10183937923337087
LV025,10,Selection,mll,158.4530995899776,339.32940744513917,0.847164584515776,0.23023902273229777,0.8608614061126012,0.4,0.9722793657057798,0.1002726789434403
LV025,10,Matching,mll,158.67911921746605,339.7814467001161,0.8278193403976013,0.010376226417172582,0.8548712842377203,0.4,0.9880558733934317,0.10195430746726915
SV103,10,Averaging,mll,189.99963317401063,402.4224746132052,0.9475851016546022,0.6582373548244979,2.980307826908216,0.4,0.9003231215217729,1.117925394574482
SV103,10,Selection,mll,192.16768307493535,406.7585744150547,0.9427361738316644,0.5442176359860422,2.8274508801915723,0.4,0.7841767490492667,1.0102987505683947
SV103,10,Matching,mll,191.58114155600106,405.5854913771861,0.944230911815822,0.732455643270246,2.8181818039938804,0.4,0.8287363254873368,1.0450029484414607
SV110,10,Averaging,mll,201.4263581087349,425.27592448265375,0.8772087709849093,0.6991858350986888,2.9347145334333162,0.4,1.0561230449282581,1.1828025215497089
SV110,10,Selection,mll,204.7824422834965,431.98809283217696,0.8663507329003186,0.5712018477279042,2.980572486554009,0.4,0.9221831108716776,1.1913310807756874
SV110,10,Matching,mll,204.21099694124746,430.8452021476789,0.868208574241453,0.7982152904857672,2.971152295306095,0.4,0.9294264450179567,1.1956450224475863
SV111,10,Averaging,mll,161.96830587969882,346.3598200245816,0.9595833421856348,0.7766343150906075,2.9963379174698774,0.4,1.166713878798117,1.8246562470034626
SV111,10,Selection,mll,163.50874477828478,349.44069782175353,0.9578983754375834,0.6875588351602852,2.9538991749800063,0.4,1.4416619716905348,2.4336362074205913
SV111,10,Matching,mll,163.67557236899466,349.7743530031733,0.9577195215121245,0.9373341915164201,2.982674571234058,0.4,1.2134064496333048,1.9715754700813337
SV113,10,Averaging,mll,102.50978163383668,227.44277153285736,0.9747983227790097,0.9138588628279389,2.5556714534016307,0.4,1.2583047892856865,1.7239644185213758
SV113,10,Selection,mll,101.07713627360297,224.57748081238995,0.9741190192991526,0.8802967117946531,1.301631556242505,0.4,1.1321995242383855,2.0514931545919035
SV113,10,Matching,mll,101.78078030204036,225.9847688692647,0.9731352687710748,0.9861147584175671,1.1893338447582233,0.4,1.2456948362128375,2.294571006562054
SV119,10,Averaging,mll,100.5392340683523,223.5016764018886,0.9824592317263668,0.3788551431691604,2.985250402094734,0.4,0.7568905045615296,1.0731218796665907
SV119,10,Selection,mll,101.34340635072772,225.11002096663944,0.9819036129099424,0.45924942812377784,2.9893224194055104,0.4,0.7117662673579505,1.095672923509698
SV119,10,Matching,mll,101.25472401959323,224.93265630437045,0.9813481524875582,0.22819082557009795,2.964958912091465,0.4,0.7642715362445909,1.0195467056632712
SV201,10,Averaging,mll,111.71942729130832,245.86206284780064,0.9783875219773206,0.598687901621421,2.984631942912046,0.4,0.8985447081186418,1.2331427284096013
SV201,10,Selection,mll,126.12937350588766,274.6819552769593,0.9421206959523243,0.7267667871879394,2.684767535250714,0.4,0.9049719936034005,0.7136537137442507
SV201,10,Matching,mll,114.25187414332933,250.92695655184266,0.9739235800355299,0.7710453442353594,2.99869894425041,0.4,0.8452157969524643,1.1630729113984695
SV202,10,Averaging,mll,126.62766862473991,275.6785455146638,0.9741587000542401,0.02970660477845313,2.9494728128844736,0.4,0.7847201984182491,0.9512280203139042
SV202,10,Selection,mll,126.64293574319812,275.70907975158025,0.9741984150325546,0.24043657455328343,2.9721877091011013,0.4,0.7820961919488874,0.9581232107524341
SV202,10,Matching,mll,126.65253791029195,275.7282840857679,0.9742335842927533,0.00036862557732451017,2.9899707611636415,0.4,0.7856364316027191,0.9580971428902477
SV203,10,Averaging,mll,64.19631749601871,150.81584325722142,0.984470248455054,0.870681898386441,2.8969788067054916,0.4,0.9012465783498652,1.5744248714634812
SV203,10,Selection,mll,64.5043262846519,151.4318608344878,0.9846196538255745,0.8599087047291948,2.886154102123252,0.4,0.8087411730038813,1.5722889038640933
SV203,10,Matching,mll,64.62771769595739,151.67864365709877,0.9841368100180701,0.9977250623816148,2.75216382595322,0.4,0.8559267172953995,1.6421599672952327
SV204,10,Averaging,mll,161.6891637402232,345.80153574563036,0.9455222893605737,0.9209792496935582,2.9514159616466364,0.4,0.8851500119358762,1.7104902873980778
SV204,10,Selection,mll,161.81203871298925,346.0472856911625,0.9456231009100671,0.8574857601740087,2.924708673851716,0.4,0.9122105268106345,1.8750207920505293
SV204,10,Matching,mll,161.8156313063531,346.0544708778902,0.945617297395965,0.999808073138814,2.986033594538753,0.4,0.9122856946499192,1.87286952009582
SV205,10,Averaging,mll,77.20438441371766,176.83197709261933,0.9914600090864623,0.25628455349548673,2.9703175942374136,0.4,0.9439116961907061,1.0059737381558451
SV205,10,Selection,mll,76.94830193549961,176.31981213618323,0.9910859929227517,0.4433783361913444,2.971831721525296,0.4,0.8529562520710191,1.0859336879334769
SV205,10,Matching,mll,77.09516335768114,176.6135349805463,0.9907184759581639,0.15975189942101775,2.988080657947362,0.4,0.862094070339568,1.032587275376793
SV206,10,Averaging,mll,211.18029807654625,444.7838044182765,0.9380573928013087,0.1736927912547068,0.6907584993255567,0.4,0.9922603986059025,2.5162988580000296
SV206,10,Selection,mll,209.0464530761319,440.5161144174478,0.9402336066193757,0.2592443688089125,2.15871862855501,0.4,0.953816146450633,1.569465389552085
SV206,10,Matching,mll,208.99703098297215,440.41727023112827,0.9418652354224214,0.07962805219747443,2.1889983417933627,0.4,0.9663371282440664,1.564635195477751
SV207,10,Averaging,mll,106.46923827003658,235.36168480525717,0.9791579861135005,0.06965293771822452,2.997722486678281,0.4,0.8533892876632637,1.0026815272308283
SV207,10,Selection,mll,106.66670217147482,235.75661260813365,0.9791713007104396,0.2363509184259017,2.987647488345643,0.4,0.8493033200889503,1.0187039809430705
SV207,10,Matching,mll,106.61066799889454,235.64454426297308,0.9792605345096017,0.0005904204252648236,2.9985132075333545,0.4,0.8421544537262782,1.0316533558428647
SV208,10,Averaging,mll,207.56646102863766,437.5561303224593,0.9269714488549637,0.8601825457292909,2.9785751727771848,0.4,1.1694461580577664,1.3927175655800441
SV208,10,Selection,mll,208.60064711991467,439.6245025050133,0.9252717018727359,0.9895578069957501,2.850033885717394,0.4,1.116086764092359,1.3335033010424082
SV208,10,Matching,mll,208.33494278505466,439.0930938352933,0.9257852626343137,0.9967764441072464,2.3480013316326653,0.4,1.0339664484761026,1.3745931368847988
SV209,10,Averaging,mll,144.3784562570037,311.1801207791914,0.9586291695680267,0.9915057348417959,1.832535444607072,0.4,0.45396578057333536,1.5857862521717485
SV209,10,Selection,mll,144.35052130939397,311.1242508839719,0.9587579522709682,0.7974263481120688,1.973524146921665,0.4,0.462257524212616,1.5825443829934074
SV209,10,Matching,mll,144.21516759354057,310.8535434522651,0.959075009516371,0.9976797289839838,2.550235670828912,0.4,0.26538781759666336,1.5202011182761719
SV210,10,Averaging,mll,62.13822692133947,146.69966210786293,0.9798371346683943,0.9970988350432112,1.823158838703854,0.4,0.534865312631572,1.658669184709462
SV210,10,Selection,mll,62.21044325616264,146.84409477750927,0.9797049997120596,0.9851797362332722,1.7790911577689676,0.4,0.5811449392998869,1.7161102529770271
SV210,10,Matching,mll,62.00691333067286,146.43703492652972,0.9800784342080203,0.9999137630620833,2.2700929201511926,0.4,0.5087535352922729,1.630256850609605
SV211,10,Averaging,mll,86.26147512022285,194.9461585056297,0.9876966983702224,0.4404133132736632,2.984773355715191,0.4,0.7557689065604798,1.1818994740160902
SV211,10,Selection,mll,90.13983057197711,202.70286940913823,0.9696442723859731,0.6985873602241119,0.5468298477423477,0.4,0.5387073105290737,1.6714179772694948
SV211,10,Matching,mll,85.90328719656023,194.22978265830446,0.9860486236042616,0.42709999662669124,2.9970633713153494,0.4,0.4528347478908424,1.3704776722141268
SV212,10,Averaging,mll,130.9700718853252,284.3633520358344,0.9635302810148639,0.18262393871965774,2.989320610606666,0.4,0.8002583251174121,1.0859584825739208
SV212,10,Selection,mll,131.38276595283895,285.1887401708619,0.9631920025906394,0.42060465106327116,2.9983158433705337,0.4,0.7846918618379393,1.0933239866763051
SV212,10,Matching,mll,131.57496053238435,285.5731293299527,0.9629794405594075,0.06766848040538175,2.9373040773374974,0.4,0.7558003463987437,1.1251221856576699
SV213,10,Averaging,mll,117.19541298046153,256.814034226107,0.9754293298682375,0.8271246550878237,2.997012567687201,0.4,0.9699886657603326,1.3841906518194655
SV213,10,Selection,mll,118.35522237412611,259.13365301343623,0.973476419968762,0.7655502206987058,2.9004443488584446,0.4,0.9556388772360987,1.3739857245541025
SV213,10,Matching,mll,118.32131369970016,259.0658356645843,0.9734587033129085,0.9974301249680041,2.867496187989136,0.4,0.933258534754284,1.3448668062179754
SV214,10,Averaging,mll,184.61066858559042,391.6445454363648,0.8968011665271808,0.0187269149554707,2.9749259589029475,0.4,0.851472136812652,1.0712414120091187
SV214,10,Selection,mll,184.7059288886042,391.8350660423924,0.8968325168985091,0.3002889525072594,2.9953153704893833,0.4,0.8537982099461434,1.0897454609316188
SV214,10,Matching,mll,184.71652143411762,391.8562511334192,0.8966174730249373,0.006821649826015068,2.984733719269935,0.4,0.8461939501048642,1.0837645921965144
SV215,10,Averaging,mll,172.08219146200645,366.58759118919687,0.9607945868899631,0.8431190566367346,1.2322811332814532,0.4,1.0300438994123944,1.1211543980946719
SV215,10,Selection,mll,168.38421889752203,359.19164606022804,0.9704935791320521,0.6920575844567897,1.8868333432326334,0.4,0.8334783360035521,0.9197848653535182
SV215,10,Matching,mll,169.15984298655664,360.74289423829725,0.9686857113711688,0.8867806963529447,1.8921597334956097,0.4,0.8845205616985378,0.9081845198094862
SV216,10,Averaging,mll,109.81368353540606,242.05057533599611,0.9875482294519543,0.6199391474961092,2.9293459649109717,0.4,0.8677429948152731,1.0771878404229078
SV216,10,Selection,mll,112.19914037809556,246.82148902137513,0.9841964226967721,0.5229086134810349,2.953915023095823,0.4,0.7698113608386833,1.0233201502019729
SV216,10,Matching,mll,111.76726500023861,245.95773826566122,0.9847025119741463,0.6320635611270388,2.720061679358718,0.4,0.7929015236817193,1.06764440249449
LV001,15,Averaging,mll,149.10172707755623,320.62666242029644,0.6966250496211523,0.0003537851958277743,0.8521857055814854,0.4,0.6440169348757225,0.10047170217922947
LV001,15,Selection,mll,144.24984618763057,310.9229006404451,0.7408883170890779,0.22219917984473198,0.8552072149264328,0.4,0.5934203759345942,0.10015512635477512
LV001,15,Matching,mll,148.3466605442871,319.11652935375815,0.7067074695185426,0.00715202823496657,0.8634621110701592,0.4,0.6324748347227142,0.10017719773707527
LV002,15,Averaging,mll,224.17417775087043,470.7715637669248,0.8088494048831025,0.931336421097241,0.9705804832500424,0.4,2.3278029973537806,0.10627357355956839
LV002,15,Selection,mll,215.21744440083867,452.8580970668613,0.8500212610669547,0.773722488665996,1.0959680825391875,0.4,1.698105058121804,0.10100866468031454
LV002,15,Matching,mll,213.1907046279307,448.8046175210454,0.8845505700105915,0.9670597000559291,1.5373888768744772,0.4,1.6134491153440502,0.10055390422162153
LV003,15,Averaging,mll,185.51813845568827,393.4594851765605,0.9102333681736775,0.6512539338313528,1.9786688696696126,0.4,2.97421105101649,0.10239351526332365
LV003,15,Selection,mll,174.94679987742427,372.3168080200325,0.9428392663012611,0.5509333829603951,1.0924751206751,0.4,1.2089190161351242,0.10329826447481119
LV003,15,Matching,mll,179.34969485276923,381.12259797072244,0.9229188666952838,0.670388445144834,0.9572755568989939,0.4,1.2421336578836797,0.10071264623137138
LV005,15,Averaging,mll,197.2754877254294,416.9741837160428,0.9131849866885617,0.4398483430785987,0.9882421617827486,0.4,1.4548784231528347,0.10181041626943324
LV005,15,Selection,mll,190.06361655653475,402.5504413782535,0.9665214591658127,0.4438946625270293,0.9317106645056489,0.4,1.2048730210203291,0.10185884607948828
LV005,15,Matching,mll,192.33566522419386,407.0945387135717,0.9526424002206629,0.5358248764114443,0.8848581177924193,0.4,1.240202857926436,0.10070146586892824
LV007,15,Averaging,mll,163.92175305968144,350.26671438454684,0.9534080391113939,0.6951816350714783,1.208022364991746,0.4,1.0722339273421273,1.660608052582117
LV007,15,Selection,mll,164.2692754462381,350.9617591576602,0.9536527262677308,0.5380198556024364,2.8773600808833764,0.4,1.0864333437045743,1.2813309238898871
LV007,15,Matching,mll,164.00062837720046,350.4244650195849,0.9551837000974225,0.6657815295758466,2.9570401149754213,0.4,1.1196966380730617,1.270145967956076
LV008,15,Averaging,mll,131.47546595255454,285.37414017029306,0.742293068294871,0.0006308025230144274,0.8459198938130715,0.4,0.6241217730536565,0.10164239447696838
LV008,15,Selection,mll,127.46805213944343,277.35931254407086,0.7785433255991266,0.22128920586140996,0.8553518244541363,0.4,0.5789169195313635,0.100160324304754
LV008,15,Matching,mll,129.57400749644586,281.5712232580757,0.7576380642270821,0.0008853473198632721,0.8553378065526009,0.4,0.5948692434122892,0.10006358395580901
LV009,15,Averaging,mll,168.376349193519,359.17590665222195,0.9501666828956846,0.002352795695292593,0.8523634487893875,0.4,0.9237802172813004,0.10267490451781351
LV009,15,Selection,mll,168.22013435442057,358.8634769740251,0.9516049423737415,0.13949711830166153,0.8935228883262949,0.4,0.9256005435148658,0.11597608503548994
LV009,15,Matching,mll,168.32342948972718,359.0700672446383,0.9509844928750919,0.0011111931664726754,0.8633758000384759,0.4,0.9291972044181255,0.112322655456947
LV011,15,Averaging,mll,175.50176631531951,373.426740895823,0.8140372345960294,0.013363407477233774,0.8243308787508883,0.4,2.996770929690685,0.2425239095012893
LV011,15,Selection,mll,167.96505466905262,358.3533176032892,0.8721846621271889,0.32503870628292647,1.003521240654946,0.4,2.0308572753095313,0.10038556628242871
LV011,15,Matching,mll,170.84808668665897,364.1193816385019,0.8488453000270793,0.008836147950105412,0.932936925764457,0.4,2.9988121478776724,0.1425810958885056
LV012,15,Averaging,mll,180.76741058766004,383.95802944050405,0.6804453058607589,0.0005037106306087158,0.8505268710956392,0.4,0.5942161390225789,0.10059464600968286
LV012,15,Selection,mll,175.0993845819315,372.621977429047,0.7059581477297485,0.29205249635331976,0.8549369394755284,0.4,0.6166142837290258,0.10080554959645639
LV012,15,Matching,mll,179.35371894620192,381.1306461575878,0.6677515473382464,0.007788654795844945,0.8603060476508888,0.4,0.6435845568884588,0.10094449785623878
LV013,15,Averaging,mll,183.2790756660973,388.98135959737857,0.6997097708878744,4.681215724427546e-05,0.8566546010083285,0.4,0.6434010287817035,0.1019355790095194
LV013,15,Selection,mll,177.71026820837542,377.8437446819348,0.7397430082492162,0.2773111198100564,0.8566343207934062,0.4,0.5977079424941016,0.10004509210799872
LV013,15,Matching,mll,183.07635376397272,388.5759157931294,0.6984406117016475,0.010289053767448228,0.852180910172916,0.4,0.6298962835290699,0.10161504447513175
LV015,15,Averaging,mll,74.80399141914552,172.03119110347504,0.9923157283356823,0.13400671629849917,2.9943317379506866,0.4,0.8550058501670372,0.8922727562070574
LV015,15,Selection,mll,75.63568874537012,173.69458575592424,0.9920508294994135,0.22711342100605508,2.9264455094348425,0.4,0.8544663469055942,0.9442700749013365
LV015,15,Matching,mll,75.47918602972462,173.38158032463323,0.9918270419507356,0.0004921126822946117,2.9586394351379237,0.4,0.8295708373815969,0.949085530195073
LV016,15,Averaging,mll,170.87573258267503,364.174673430534,0.6916321545564592,0.0005495672598709992,0.8649584206621792,0.4,0.6252921600735769,0.10007304797915484
LV016,15,Selection,mll,168.19343335818655,358.8100749815571,0.7186132135206709,0.2816287930410199,0.8602032532763245,0.4,0.6229325088066302,0.10021697841008918
LV016,15,Matching,mll,171.18136604709792,364.7859403593798,0.6940258243247927,0.001608516287399405,0.8540908183152578,0.4,0.5941295078086344,0.10042806518174495
LV017,15,Averaging,mll,70.45768071558655,163.3385696963571,0.9875270926847447,0.0017609602495971782,2.9983115231267035,0.4,0.7856609933827308,1.0615805068373882
LV017,15,Selection,mll,70.46456516252844,163.3523385902409,0.9875250938771323,0.23602260901123034,2.990993728798734,0.4,0.7863661659500351,1.0606887299045267
LV017,15,Matching,mll,70.45025682579805,163.3237219167801,0.9874705449204682,0.0003556277236287693,2.994856414303415,0.4,0.7791569127209285,1.068956447765845
LV018,15,Averaging,mll,126.44953781506456,275.3222838953131,0.9768132172913903,0.8027990361143893,2.984296869748202,0.4,0.834372010349901,1.1350801060546292
LV018,15,Selection,mll,128.21773769800245,278.8586836611889,0.9733104448283295,0.6501315987961186,2.9878187273703407,0.4,0.7451671299679445,1.0537005384700082
LV018,15,Matching,mll,127.91795999150095,278.2591282481859,0.9741295532987503,0.9274633284897598,2.974333027659437,0.4,0.7884052941085082,1.0569933230821333
LV019,15,Averaging,mll,133.62858575245394,289.68037977009186,0.9638243805534932,0.9741721899594256,2.3492815457858667,0.4,1.1884417513791505,0.9618282997907346
LV019,15,Selection,mll,132.58951031113745,287.60222888745886,0.9634213095573925,0.8197215720345071,2.259174943565124,0.4,1.0684004940405993,0.8477778278768674
LV019,15,Matching,mll,132.96648752289485,288.3561833109737,0.9618014349437377,0.9883419808123876,2.338982528685696,0.4,0.9770890039903893,0.8063091959884153
LV020,15,Averaging,mll,206.14096677671643,434.7051418186168,0.9235532117172248,0.8955629943686884,2.52545088320939,0.4,1.7767493857482155,2.515871357857774
LV020,15,Selection,mll,206.79214504931045,436.00749836380487,0.9221612242375039,0.6460039718172939,2.928575278636665,0.4,2.1292050942816965,2.759560744766448
LV020,15,Matching,mll,207.74528859100062,437.9137854471852,0.9210477721905284,0.9745344062833331,2.9444209525280165,0.4,1.6631095838939194,1.905497529048061
LV021,15,Averaging,mll,124.1956713949503,270.81455105508456,0.9618845100801063,0.00010626881931160312,0.8458776510906262,0.4,1.0394659433579796,0.10279677743746464
LV021,15,Selection,mll,123.2429562383904,268.9091207419648,0.9679479505353605,0.06204836606771983,0.9266870449816752,0.4,1.0680559024053409,0.10104510106575763
LV021,15,Matching,mll,123.94497660435192,270.3131614738878,0.9627673949961498,7.207581616629894e-05,0.8645052080346319,0.4,1.0278041305025656,0.11495208301854436
LV022,15,Averaging,mll,202.3794758830339,427.1821600312518,0.8117968418769717,0.00032415603499243536,0.8500570006347313,0.4,0.9233690836140384,0.10021744198048552
LV022,15,Selection,mll,202.98402587175656,428.3912600086971,0.8259484418450151,0.21854107133362413,0.8573952982871798,0.4,0.9121927892765792,0.10007398611980922
LV022,15,Matching,mll,202.3059062665434,427.03502079827075,0.805034286049116,0.00024034336536905263,0.8536111648063357,0.4,0.9911360973734215,0.10136576872453515
LV023,15,Averaging,mll,239.93438140458596,502.2919710743559,0.6977797518401649,0.020014767048436126,0.855085726778266,0.4,1.5280489147966427,0.1000258254167358
LV023,15,Selection,mll,218.24730065043536,458.9178095660547,0.8712153248578152,0.3906420300645937,0.8919708655386609,0.4,0.8467230536775459,0.10011949871076563
LV023,15,Matching,mll,226.7632444040912,475.9496970733664,0.8011796278417143,0.3247002530624515,0.884986243818642,0.4,0.897084082628549,0.10205030829189499
LV024,15,Averaging,mll,298.34103495440894,619.1052781740019,0.6805113999258372,0.00926005471951451,0.865263080533009,0.4,2.9954090299109355,0.10809043961265336
LV024,15,Selection,mll,291.88748065624793,606.1981695776799,0.7556267141441659,0.3910812932971527,0.9038963731718125,0.4,1.3435618910062144,0.10447074732538118
LV024,15,Matching,mll,295.6564492653091,613.7361067958022,0.7081830118118335,0.1421125374707184,0.8992961331235138,0.4,2.5220562260579316,0.11633343843935588
LV025,15,Averaging,mll,182.32003385096434,387.06327596711265,0.8048836283794358,0.00043854731569379545,0.8506535227496478,0.4,0.7630161653354554,0.1020342621901052
LV025,15,Selection,mll,184.99927961100246,392.4217674871889,0.7972114819391467,0.17685573732530888,0.7830000866662705,0.4,0.7313583360341359,0.10242193803330689
LV025,15,Matching,mll,182.16324340519952,386.749695075583,0.8054894020453751,0.011357164543212991,0.8536136061228807,0.4,0.7708097573423272,0.10124953283599548
SV103,15,Averaging,mll,146.26764007758547,314.9584884203549,0.9587334166638455,0.5612172798509323,1.123925510519889,0.4,0.8578087868532133,0.9287539304284508
SV103,15,Selection,mll,142.80892902864142,308.0410663224668,0.9678672739322798,0.482964964358599,2.835941835162534,0.4,0.8768281738460365,0.856557857552011
SV103,15,Matching,mll,142.77827377402656,307.9797558132371,0.9667415306678835,0.46960983336871526,2.874095758137514,0.4,0.8433192233844037,0.8043071699643806
SV110,15,Averaging,mll,116.71863776609291,255.86048379736982,0.9839850252799139,0.7948033142893717,2.3639292824534355,0.4,0.917795213052913,1.1498708278191847
SV110,15,Selection,mll,115.98542779119501,254.39406384757402,0.9811145307430751,0.5829646604262451,2.632208345187306,0.4,0.8695990365030346,1.0864445543688859
SV110,15,Matching,mll,115.93822196424142,254.29965219366684,0.9817112647807927,0.8549161676079604,2.317755957348551,0.4,0.8540682506837269,1.1040899121450294
SV111,15,Averaging,mll,189.6284689332091,401.68014613160216,0.9411617136314951,0.8566990443446707,1.1353930440259603,0.4,1.6625390006858838,1.5606952118027813
SV111,15,Selection,mll,182.7176292722584,387.85846680970076,0.9623540960887587,0.6662862099502677,2.3190511051585823,0.4,1.0449513747714159,0.9521540876105969
SV111,15,Matching,mll,185.43199905160682,393.2872063683976,0.9565619340285917,0.9034835172744109,1.8114193011426418,0.4,1.123664373055362,1.0323978607137216
SV113,15,Averaging,mll,155.86642570921993,334.1560596836238,0.9415538636073005,0.857154186161203,1.0295628645765367,0.4,2.451857521135502,2.735430352214558
SV113,15,Selection,mll,149.47108145265426,321.3653711704925,0.9577017223785774,0.7069931246341703,1.7805964002319152,0.4,1.6025577159042732,1.4458736362675293
SV113,15,Matching,mll,151.68988773240545,325.8029837299949,0.9531043087335858,0.9153909078356032,1.1132531091961648,0.4,2.3760702287679,2.6826087402730554
SV119,15,Averaging,mll,156.0820438892403,334.5872960436646,0.9729567281109436,0.3709074531819077,1.5641263956253293,0.4,0.8139997799112272,0.9060715034364786
SV119,15,Selection,mll,154.62672536689382,331.6766589989716,0.9764677121901767,0.4483657903281314,2.9691572476195494,0.4,0.867112921350491,0.8611472427816479
SV119,15,Matching,mll,155.09803525236532,332.6192787699146,0.9753452770694014,0.2400241579846764,2.912022805688419,0.4,0.9047387462566217,0.8692758306157439
SV201,15,Averaging,mll,81.92174338666429,186.26669503851258,0.991976670156073,0.7611433189896786,1.8916304080536777,0.4,0.7042173022265696,1.1691692283488955
SV201,15,Selection,mll,81.62274351830864,185.66869530180128,0.9923860623747945,0.530738208033218,2.9757555100733333,0.4,0.3965899301524415,1.3727047745540206
SV201,15,Matching,mll,81.28841108482072,185.00003043482545,0.9928209070164686,0.8072945969470695,2.9893177758502074,0.4,0.4191278837929651,1.3604768340334135
SV202,15,Averaging,mll,113.87591659364986,250.17504145248373,0.9675733473395015,0.0023805115152274858,2.9677817274889895,0.4,0.9076490260516865,0.9610226088962246
SV202,15,Selection,mll,113.81228973615055,250.0477877374851,0.9676363147721705,0.1550815022144558,2.9957460287514066,0.4,0.9108984053028413,0.9592390516671615
SV202,15,Matching,mll,113.86302622847263,250.14926072212927,0.9680372217873408,0.00010083301060311795,2.9970873548521766,0.4,0.9265543530602437,0.9623387490881228
SV203,15,Averaging,mll,72.17805319998848,166.77931466516097,0.9753761755028134,0.9012648358286235,2.9886966934668275,0.4,1.1980005882546247,1.6375181123328402
SV203,15,Selection,mll,72.80659130147339,168.03639086813078,0.9744075319927922,0.7620326019283248,2.972209598012197,0.4,1.2068093805528226,1.5803155595905962
SV203,15,Matching,mll,72.73405937282541,167.89132701083483,0.9744173996344497,0.998307899544659,2.991689331854294,0.4,1.1421975166224818,1.5544901968567155
SV204,15,Averaging,mll,163.37527344140182,349.1737551479876,0.9283670215185199,0.9538019025535343,2.412566205843236,0.4,1.361141565585455,1.663843068928667
SV204,15,Selection,mll,162.7621014015486,347.94741106828116,0.9270482914593408,0.7626088995978574,2.980781213652068,0.4,1.198476929831714,1.3192933469048853
SV204,15,Matching,mll,163.40605301712094,349.23531429942585,0.9261259284102465,0.9869715792085282,2.868062787734113,0.4,1.2387172591145568,1.3404871723476324
SV205,15,Averaging,mll,96.35683873544042,215.13688573606484,0.9857637648443714,0.2541129202897447,2.998966768717143,0.4,0.8438460161779868,1.082328399978641
SV205,15,Selection,mll,98.93670327059624,220.29661480637648,0.9825604543639107,0.3311138800337458,2.9827232330085844,0.4,0.8582891058005244,1.1824747518413923
SV205,15,Matching,mll,97.4600518494679,217.3433119641198,0.9837311927549104,0.15799026078084433,2.9764794228560287,0.4,0.7861706351549723,1.06463255091048
SV206,15,Averaging,mll,255.7928328589441,534.0088739830722,0.9085603736496392,0.469957338956048,0.8295634121978965,0.4,1.0554127967487565,1.6479736464615387
SV206,15,Selection,mll,256.3110376878354,535.0452836408548,0.9079344328476094,0.5261487934849896,1.414236458617798,0.4,0.9202313162925395,1.2654797613134885
SV206,15,Matching,mll,255.64390339965695,533.7110150644979,0.908821574760416,0.5032125405996164,0.8158038275523866,0.4,0.9313818737273981,1.5101446815480342
SV207,15,Averaging,mll,102.90266671074326,228.22854168667052,0.9796832827021548,0.07305979325196339,2.291028348724729,0.4,0.8020357239235711,0.9152851366200792
SV207,15,Selection,mll,103.03954975033139,228.50230776584678,0.9800722368312503,0.256617773805611,2.6042646545431074,0.4,0.823772770705544,0.9181531245801398
SV207,15,Matching,mll,102.94390357385811,228.31101541290022,0.9799310189459716,0.006507936126148278,2.3089773814619807,0.4,0.8021165344695921,0.9201439406939473
SV208,15,Averaging,mll,159.87776911190872,342.1787464890014,0.9502475823248634,0.760773251045707,2.977878539340634,0.4,1.2036219187552386,1.2620662315084952
SV208,15,Selection,mll,162.13789250618547,346.6989932775549,0.9422159141137403,0.6239128389608551,2.9751032868889467,0.4,0.9185674651587007,1.0154807568363535
SV208,15,Matching,mll,161.36324503918829,345.14969834356054,0.9443350905179018,0.9253034490037875,2.964434046819128,0.4,0.9912138910343352,1.0328503785874452
SV209,15,Averaging,mll,90.36624651939029,203.15570130396458,0.9887063839757787,0.887844417429414,2.7438172506957192,0.4,1.2820310081869462,1.6531837671267373
SV209,15,Selection,mll,86.79044859136283,196.00410544790967,0.9865343337581424,0.6722611320917243,2.701395915619501,0.4,1.3086719319166966,1.5583051037657722
SV209,15,Matching,mll,88.91689444185025,200.2569971488845,0.9840412358046244,0.9371791823001069,2.2543311336610947,0.4,1.188556000882236,1.487951302571242
SV210,15,Averaging,mll,120.08669611473982,262.5966004946636,0.9631538339445205,0.931787506610481,2.919373217582526,0.4,0.8611437538627759,1.2212801262150366
SV210,15,Selection,mll,120.00956017942866,262.4423286240413,0.9637014911798506,0.795138298571288,2.6261296968346115,0.4,0.8621799335582423,1.21727308676951
SV210,15,Matching,mll,120.21658960455902,262.85638747430204,0.9639597506256027,0.9978696105676822,2.881524875049457,0.4,0.8334953764049766,1.2278328577098117
SV211,15,Averaging,mll,124.23515217875357,270.8935126226911,0.9784136497616983,0.47721560583767547,2.9978898412244934,0.4,0.798717433692624,1.1612748651662814
SV211,15,Selection,mll,126.11616443334631,274.6555371318766,0.9762881951546704,0.4978140673742508,2.994647074916994,0.4,0.8167696769960225,1.062900295375568
SV211,15,Matching,mll,125.75780241137048,273.9388130879249,0.9764687717270238,0.49568140126429566,2.9706569690965288,0.4,0.8376258024297262,1.0616280330275225
SV212,15,Averaging,mll,118.23073610833214,258.88468048184825,0.9689823211648668,0.18172486041066419,2.932363196471853,0.4,0.8084857636587496,0.9938479921581376
SV212,15,Selection,mll,118.46990454253198,259.36301735024796,0.9686550704019932,0.394204638083503,2.8326411844964223,0.4,0.792921618959414,1.011758829983007
SV212,15,Matching,mll,118.50023181795731,259.4236719010986,0.9687566421853696,0.044040796762426185,2.9749837519752944,0.4,0.801182256275639,1.0016285537894267
SV213,15,Averaging,mll,137.13025964530345,296.6837275557909,0.95790347768823,0.8773411909232541,2.9079907838541694,0.4,1.0416555111183323,1.4221809711304942
SV213,15,Selection,mll,137.49699006685887,297.4171883989017,0.9565310891213932,0.9860951210695738,2.4523250575014366,0.4,1.1904627378729493,1.7763563425765885
SV213,15,Matching,mll,137.48856600870224,297.40034028258845,0.9565384992761417,0.9998775652037033,2.4049390672516133,0.4,1.1734116397574192,1.7484351070942161
SV214,15,Averaging,mll,87.75963806334163,197.94248439186725,0.9915009567374717,0.1054385043927869,2.9639555765636247,0.4,0.8325813270093545,1.0644167084455245
SV214,15,Selection,mll,87.8381712960939,198.0995508573718,0.9910378033878697,0.40581264981355425,2.9760962004807707,0.4,0.8011281754144984,1.0689575707664019
SV214,15,Matching,mll,87.96849272089906,198.36019370698213,0.9907944976278953,0.03798115067854853,2.9716307459184574,0.4,0.7892423897158535,1.0584437222545664
SV215,15,Averaging,mll,155.73869552023626,333.9005993056565,0.9629545978933544,0.8384383203344806,0.8246553223944675,0.4,2.430730540213833,2.277563037112307
SV215,15,Selection,mll,150.48441497349268,323.3920382121693,0.977897997607402,0.6707187086195292,1.7334033176982213,0.4,1.0139555748967806,0.952006828564111
SV215,15,Matching,mll,152.56038641585087,327.5439810968857,0.9709174921956295,0.8544903427385586,1.3564085362384135,0.4,1.049914653426251,0.921843186006324
SV216,15,Averaging,mll,122.40679136779258,267.23679100076913,0.9794188299107532,0.6603828369393472,2.1948592229295434,0.4,0.7137643615639023,0.992477284310798
SV216,15,Selection,mll,123.00210483459578,268.42741793437557,0.977040890110929,0.5272943665359441,2.30431919768091,0.4,0.6552571413066993,0.9016472611874582
SV216,15,Matching,mll,122.71080055605279,267.84480937728955,0.9785369974518779,0.594142164025966,2.968540834594178,0.4,0.7462185158908666,0.8903497544114932
