subject_id,location,strategy,fit_type,error,bic,r2,pcommon,sigma_v,sigma_a,sigma_p,mu_p
LV001,raw,Averaging,mll,654.1020427425015,1328.3173285498951,0.7831556591618509,0.9841824242558689,0.2343015070593498,0.1,1.0786909281052253,1.5
LV001,raw,Selection,mll,654.1224420557855,1328.3581271764633,0.783155605443411,0.9836946064367121,0.2342980217320577,0.1,1.0184815289058218,1.5
LV001,raw,Matching,mll,654.2581938152188,1328.6296306953298,0.7833610558831865,0.9812864802367137,0.23566512210162327,0.1,0.9802892021726268,1.5
LV002,raw,Averaging,mll,764.4274627858607,1548.9681686366137,0.7882277227841022,0.9999295990129308,0.41649153213254464,0.1,0.8636356534701516,1.5
LV002,raw,Selection,mll,764.2484647481072,1548.6101725611065,0.7854243710386609,0.9998208152944316,0.3955770516224258,0.1,2.866028277453217,1.5
LV002,raw,Matching,mll,764.1862379482877,1548.4857189614677,0.7852622612361788,0.999897720208009,0.39412902992606286,0.1,2.515052398712619,1.5
LV003,raw,Averaging,mll,270.7824334437492,561.6781099523907,0.9647026427407501,0.9999977804893984,0.25764870494725045,0.1,0.9863980350787519,1.5
LV003,raw,Selection,mll,271.123029814103,562.3593026930984,0.9651694188062855,0.9999910844657268,0.2676051623677426,0.1,0.9954716777849266,1.5
LV003,raw,Matching,mll,270.74449858420456,561.6022402333015,0.9646514230283213,0.9999967300153151,0.2564457694711239,0.1,1.5891350308964152,1.5
LV005,raw,Averaging,mll,395.01106016960784,810.135363404108,0.9268650702724528,0.9999394697738113,0.2307926816341949,0.1,1.2051242984449397,1.5
LV005,raw,Selection,mll,395.71382312433934,811.540889313571,0.9285376660678555,0.9994679060508713,0.2565705259785132,0.1,0.8801760908569926,1.5
LV005,raw,Matching,mll,395.10454362502065,810.3223303149337,0.9270683242893432,0.9998930366896397,0.23387608249441424,0.1,1.4036275785618266,1.5
LV007,raw,Averaging,mll,150.991994590183,322.09723224525834,0.9980476927709786,0.999441670760584,0.2192523573100306,0.1,2.9001190987894114,1.5
LV007,raw,Selection,mll,150.8853996625365,321.8840423899654,0.9980195883004224,0.9991538420469802,0.2163612509000651,0.1,2.8670779753088533,1.5
LV007,raw,Matching,mll,148.78780966502057,317.6888623949335,0.9978682061204871,0.9985649329743125,0.24345243351552004,0.1,0.894095646551045,1.5
LV008,raw,Averaging,mll,685.6103406578985,1391.3339243806893,0.7414917651364024,0.783143670003465,0.234034745819,0.1,1.1197616369874863,1.5
LV008,raw,Selection,mll,685.7198571553616,1391.5529573756155,0.7414582213933906,0.8701525377290678,0.23380206592000796,0.1,1.0749081474842952,1.5
LV008,raw,Matching,mll,685.3690325125483,1390.8513080899888,0.7379700242417533,0.8477197332001888,0.20444225588276724,0.1,2.3795537167262473,1.5
LV009,raw,Averaging,mll,338.55261951395744,697.2184820928072,0.9356592651564096,0.41291498211231165,0.2039887159676844,0.1,2.8261938084112312,1.5
LV009,raw,Selection,mll,338.0532857520045,696.2198145689014,0.9348348365269371,0.9142042659311767,0.1693886743534531,0.1,2.930782942212642,1.5
LV009,raw,Matching,mll,338.832138150032,697.7775193649563,0.9356307974111506,0.3966443056584753,0.20300188188612736,0.1,2.743524299540402,1.5
LV011,raw,Averaging,mll,667.8316701539733,1355.7765833728388,0.7700822505471503,0.00839647674349038,2.5543396103131815,0.1,2.094399625982556,1.5
LV011,raw,Selection,mll,668.326645174137,1356.7665334131661,0.7687579622400946,0.0005136166723116671,2.4513232383827592,0.1,2.998494377032736,1.5
LV011,raw,Matching,mll,666.2728530291804,1352.658949123253,0.7742923707619735,0.06170018000949852,2.9971537494122718,0.1,1.8996618424194693,1.5
LV012,raw,Averaging,mll,821.8392222683378,1663.791687601568,0.6582370406925029,0.9999365212562084,0.28647079631260797,0.1,1.0110318920273933,1.5
LV012,raw,Selection,mll,821.8002022781981,1663.7136476212884,0.6558789798646243,0.9999356357097279,0.2711201411420251,0.1,0.7648702220835664,1.5
LV012,raw,Matching,mll,821.8406427625347,1663.7945285899616,0.6570972654327172,0.9999368216265542,0.2799198686248088,0.1,1.2204279051325,1.5
LV013,raw,Averaging,mll,900.4282007176379,1820.969644500168,0.6133607538082255,0.9926090606534739,0.2374623698132571,0.1,0.8099956998204981,1.5
LV013,raw,Selection,mll,900.4383080076585,1820.9898590802093,0.6133609587053057,0.9914727653244818,0.23759132072603578,0.1,0.821400741360863,1.5
LV013,raw,Matching,mll,900.4885597534884,1821.090362571869,0.613241729723307,0.9908552216269749,0.2371066181698334,0.1,0.9237877282012747,1.5
LV015,raw,Averaging,mll,100.83930624017313,221.79185554523858,0.9967359475377916,0.1170891003812361,0.15679717249153224,0.1,2.0035176525989713,1.5
LV015,raw,Selection,mll,100.72470291594242,221.56264889677715,0.9967293490632885,0.8627052542941412,0.1388728781937192,0.1,1.4331676884782623,1.5
LV015,raw,Matching,mll,100.85875386986639,221.8307508046251,0.9967360938222622,0.054187541522688926,0.16003928451830454,0.1,1.878769573545554,1.5
LV016,raw,Averaging,mll,776.3691153193229,1572.851473703538,0.684449068481048,0.299782232066227,0.14275087789051996,0.1,2.3736970313272954,1.5
LV016,raw,Selection,mll,776.3895166730817,1572.8922764110557,0.6844490046910242,0.4616710089706717,0.14430170725029867,0.1,2.7042835321098524,1.5
LV016,raw,Matching,mll,776.3067742833865,1572.7267916316653,0.68441380057125,0.033433772859011085,0.12191989236621491,0.1,0.5401949500191756,1.5
LV017,raw,Averaging,mll,3.9975503103556793,28.10834368560368,0.999993594616623,0.31855362882264,0.13929559922094614,0.1,2.402296683779714,1.5
LV017,raw,Selection,mll,4.048551144414781,28.210345353721884,0.9999934631620813,0.44153059015338714,0.14298608677014785,0.1,2.677641353037757,1.5
LV017,raw,Matching,mll,4.089311360145332,28.291865785182985,0.999993499468574,0.03330657784338407,0.14590511648924037,0.1,2.9583670273270015,1.5
LV018,raw,Averaging,mll,62.48065530841225,145.07455368171682,0.9999645224377168,0.9999866711911034,0.21630173528155036,0.1,0.8112507259190509,1.5
LV018,raw,Selection,mll,63.79846068786149,147.7101644406153,0.9997453818594644,0.9997075418177125,0.24402819185241623,0.1,1.5538543375076277,1.5
LV018,raw,Matching,mll,62.97201413853794,146.0572713419682,0.9999325998410725,0.9999019666097303,0.22783736554970926,0.1,2.972815401462361,1.5
LV019,raw,Averaging,mll,100.72266824875763,221.55857956240757,0.9975842369601611,0.9999999644722858,0.2113325825850365,0.1,1.0611317024773848,1.5
LV019,raw,Selection,mll,102.20047095104073,224.51418496697377,0.9978759736722964,0.9999964565484338,0.24882811468022573,0.1,2.58643109848887,1.5
LV019,raw,Matching,mll,100.69501989244883,221.50328284978997,0.9975741832013744,0.9999999480588431,0.21017132653771758,0.1,0.936818829660337,1.5
LV020,raw,Averaging,mll,320.02126512341556,660.1557733117235,0.904267727773363,0.6753931623517665,1.717397998205511,0.1,1.0333718182849259,1.5
LV020,raw,Selection,mll,322.4493915870937,665.0120262390798,0.9168765773814802,0.6824542637012545,0.9089409509638009,0.1,1.7012807535442438,1.5
LV020,raw,Matching,mll,305.35828443137353,630.8298119276394,0.9341488746630642,0.871101783584617,0.8699825870536083,0.1,0.10407624002579169,1.5
LV021,raw,Averaging,mll,141.20960445292627,302.5324519707449,0.9890089191579166,0.6881387850718812,0.1558176972242419,0.1,1.9582060063060238,1.5
LV021,raw,Selection,mll,141.19829838035045,302.50983982559325,0.9890180148886384,0.8236547649114414,0.16027279550161252,0.1,2.0831904445628164,1.5
LV021,raw,Matching,mll,141.2780506808881,302.66934442666854,0.9890505895064647,0.4184990914993908,0.16542762480339215,0.1,2.9506747809588045,1.5
LV022,raw,Averaging,mll,432.72828009116677,885.5698032472259,0.8920075543541445,0.27276781312806836,0.14318096957442034,0.1,2.3893701808350176,1.5
LV022,raw,Selection,mll,432.67728333724114,885.4678097393746,0.892007667026119,0.41618435671252796,0.13442982160799646,0.1,2.873135187224237,1.5
LV022,raw,Matching,mll,432.66207265199796,885.4373883688883,0.8919864624386771,0.04800330172070219,0.12465550278184848,0.1,0.5607684296195234,1.5
LV023,raw,Averaging,mll,902.2398728459411,1824.5929887567745,0.7266501961937877,0.9999022697738863,0.2698012987371488,0.1,1.4692830299989499,1.5
LV023,raw,Selection,mll,902.1767900768716,1824.4668232186355,0.7263331801166256,0.9998370627434936,0.2682918287081665,0.1,1.4476953732956956,1.5
LV023,raw,Matching,mll,868.5646760969902,1757.2425952588726,0.7825934806508477,0.8384742010937316,1.2027489567819067,0.1,2.0894407805696984,1.5
LV024,raw,Averaging,mll,897.957348884353,1816.0279408335982,0.7626525806388251,0.4562675571135129,2.898094099218869,0.1,1.5084514003941791,1.5
LV024,raw,Selection,mll,921.7246434082481,1863.5625298813884,0.6951440120764054,0.15726934707522972,2.1850602436267446,0.1,0.10381545814846471,1.5
LV024,raw,Matching,mll,895.4560544559611,1811.0253519768144,0.7678650716835209,0.5186371000044679,2.924148064224255,0.1,0.3113431600924097,1.5
LV025,raw,Averaging,mll,525.6341846777023,1071.3816124202967,0.8598065161855035,0.007967083247449741,0.29138605594560546,0.1,0.3924191043127807,1.5
LV025,raw,Selection,mll,525.6152868737944,1071.343816812481,0.8597430811273123,0.21256124585521835,0.2907208108440066,0.1,0.821050114624247,1.5
LV025,raw,Matching,mll,525.6859224810455,1071.4850880269832,0.8591127409385607,0.032263029307149416,0.2837086945590691,0.1,1.725289669582543,1.5
SV103,raw,Averaging,mll,190.79993492446064,401.71311291381363,0.9930347641676688,0.9992311298126819,0.2196098757039943,0.1,2.9231579876560354,1.5
SV103,raw,Selection,mll,190.70908215651266,401.5314073779177,0.9930352743494485,0.9988722732234377,0.217807814413991,0.1,2.9203775775897545,1.5
SV103,raw,Matching,mll,190.6585943594893,401.430431783871,0.9930353270504434,0.9991624539021186,0.21619443483281173,0.1,2.8925225456380463,1.5
SV110,raw,Averaging,mll,64.53442780824219,149.1820986813767,0.9998440946178105,0.9999338930386481,0.22061215024934677,0.1,2.9001185416965027,1.5
SV110,raw,Selection,mll,65.26166635890226,150.63657578269684,0.9997124195416252,0.9997283690278339,0.23706363493688878,0.1,0.7955847872810717,1.5
SV110,raw,Matching,mll,64.65611655305548,149.42547617100328,0.9999130858650425,0.9998269297282878,0.22463986269550135,0.1,2.8712340134050236,1.5
SV111,raw,Averaging,mll,289.7415864828117,599.5964160305158,0.9802394938902191,0.9998910600792255,0.3037533712881059,0.1,2.4981625747683314,1.5
SV111,raw,Selection,mll,289.34514607291237,598.8035352107171,0.9803541255500614,0.9998209968170548,0.29747799354920507,0.1,2.300095081466398,1.5
SV111,raw,Matching,mll,261.8978862096151,543.9090154841225,0.9758910171542351,0.9680931537681781,0.42796630282166526,0.1,0.11811985346717466,1.5
SV113,raw,Averaging,mll,78.74858364613002,177.61041035715235,0.9988075844138072,0.9999999822946034,0.2093189036896199,0.1,1.0745558963391197,1.5
SV113,raw,Selection,mll,78.76802183436271,177.64928673361774,0.998810612607408,0.9999999465081686,0.21005911443975664,0.1,1.0462234202041916,1.5
SV113,raw,Matching,mll,82.33455317221848,184.78234940932927,0.998461691828207,0.9999311700824705,0.2957773077489574,0.1,1.8547427515535944,1.5
SV119,raw,Averaging,mll,96.62940384295558,213.37205075080348,0.999527086433101,0.9767974877909557,0.2099080529167892,0.1,2.933743211485119,1.5
SV119,raw,Selection,mll,96.61180451275905,213.33685209041042,0.9995372518114717,0.9777654495581732,0.20931767141973812,0.1,2.7583369844781536,1.5
SV119,raw,Matching,mll,96.49890261766137,213.11104830021506,0.999519720958076,0.9779726809089985,0.20465508984259068,0.1,2.829382201697463,1.5
SV201,raw,Averaging,mll,70.38418052269816,160.88160411028863,0.9999535063566874,0.9997521653294239,0.22192595600329076,0.1,2.90289437399635,1.5
SV201,raw,Selection,mll,69.70437274128523,159.52198854746277,0.999961017867058,0.9999048944669228,0.19920045593540195,0.1,2.999283766612121,1.5
SV201,raw,Matching,mll,70.31236852106571,160.73798010702373,0.9999595486396846,0.9997172662910229,0.21926541902546964,0.1,2.9071416310779155,1.5
SV202,raw,Averaging,mll,65.19021439405873,150.49367185300977,0.9987201050719515,0.9620483886960983,0.10201851490452735,0.1,2.201916384844714,1.5
SV202,raw,Selection,mll,65.29203387222981,150.69731080935193,0.9987205708196852,0.44151964403477645,0.14298065413760447,0.1,2.677700638160766,1.5
SV202,raw,Matching,mll,65.37331158045383,150.85986622579998,0.9987215177543036,0.06484854094245365,0.14968424143265568,0.1,2.8690670683683166,1.5
SV203,raw,Averaging,mll,5.50452387944514,31.1222908237826,0.999952977041255,0.9999999972987567,0.20723272946273574,0.1,2.7761100018755105,1.5
SV203,raw,Selection,mll,5.240991352451527,30.595225769795373,0.9999744733583604,0.9999999968224581,0.2055845101124401,0.1,2.4237647158499342,1.5
SV203,raw,Matching,mll,5.270442921134171,30.65412890716066,0.9999720602379579,0.9999999975529318,0.20524760289914162,0.1,2.7101126796339483,1.5
SV204,raw,Averaging,mll,118.46657806066767,257.0463991862277,0.9911544149977753,0.999852877413363,0.3390418026394629,0.1,2.6938412992460345,1.5
SV204,raw,Selection,mll,116.02139936740268,252.15604179969768,0.9921239718483331,0.9998931154111678,0.31435230792600266,0.1,2.6922417283594062,1.5
SV204,raw,Matching,mll,116.06335760692335,252.239958278739,0.9918836301125913,0.9999389549553275,0.335875297228508,0.1,2.7415834801062133,1.5
SV205,raw,Averaging,mll,72.9382609386396,165.98976494217152,0.9992882087876194,0.9046347490803037,0.20882717003136742,0.1,2.9595860298178693,1.5
SV205,raw,Selection,mll,72.67331688362772,165.45987683214776,0.99929963639867,0.9500884032304575,0.19808635318300952,0.1,2.8976415417011956,1.5
SV205,raw,Matching,mll,73.12220066795474,166.3576444008018,0.9992864855869267,0.8793624043325236,0.20886433358209658,0.1,2.852173280384775,1.5
SV206,raw,Averaging,mll,379.78748001648034,779.688203097853,0.9216018499310913,0.21831399314663752,0.8852466436004133,0.1,1.4074799903166473,1.5
SV206,raw,Selection,mll,379.6077196340933,779.328682333079,0.9217613285227881,0.3894765249095278,0.8632731010253484,0.1,1.715761672095467,1.5
SV206,raw,Matching,mll,376.39321074891313,772.8996645627186,0.9328171408375516,0.4237009343842561,0.5404966962325054,0.1,0.10043404439216781,1.5
SV207,raw,Averaging,mll,24.560134660454118,69.23351238580055,0.9998447728422767,0.7669875492175313,0.17246587290306606,0.1,1.1475881343272962,1.5
SV207,raw,Selection,mll,24.83307761838631,69.77939830166494,0.9998520675509085,0.623454703691669,0.18238494144358772,0.1,2.6947197867855386,1.5
SV207,raw,Matching,mll,24.591153376814194,69.29554981852071,0.9998431643109327,0.8631722044714562,0.16750834079318364,0.1,0.2825211756109644,1.5
SV208,raw,Averaging,mll,130.81568141556895,281.74460589603024,0.9977062220223805,0.9999117182911106,0.2576235298729025,0.1,0.8707461704319537,1.5
SV208,raw,Selection,mll,129.5476437317695,279.20853052843137,0.9980876999584559,0.9999714123776737,0.21987486025783923,0.1,0.33020994522061886,1.5
SV208,raw,Matching,mll,129.93399606031008,279.9812351855125,0.9979942120307147,0.9999305112242421,0.2518189120831164,0.1,1.5032279577841159,1.5
SV209,raw,Averaging,mll,84.98153849064863,190.07632004618958,0.9974798599577495,0.9998619348413341,0.2918989202668291,0.1,2.9619291971811745,1.5
SV209,raw,Selection,mll,84.64366851531376,189.40058009551984,0.9977061644278197,0.9997772842258167,0.2935657138596851,0.1,2.921587964633444,1.5
SV209,raw,Matching,mll,83.0293038986063,186.17185086210492,0.9978066542597944,0.9999307301913071,0.2872475662829186,0.1,1.8067188970553647,1.5
SV210,raw,Averaging,mll,31.021030381312666,82.15530382751766,0.9970986528336249,0.9998515296159692,0.3220478350817894,0.1,2.5239138777234125,1.5
SV210,raw,Selection,mll,28.737436812645612,77.58811669018354,0.9979758323249234,0.9998577266651952,0.3140283753830264,0.1,2.8413192578591535,1.5
SV210,raw,Matching,mll,29.4749068301697,79.06305672523172,0.9975014727764826,0.9998887607301635,0.3417750272924047,0.1,2.9238352217927073,1.5
SV211,raw,Averaging,mll,76.6430172973453,173.3992776595829,0.9999567550071738,0.9959240229023806,0.21633870350684573,0.1,2.878120872842003,1.5
SV211,raw,Selection,mll,76.4571945593895,173.02763218367133,0.9998912560114772,0.9955660257030993,0.21016557578922804,0.1,2.9085855330052564,1.5
SV211,raw,Matching,mll,76.4100818147031,172.93340669429853,0.999943268177905,0.995968590245343,0.20927213462980304,0.1,2.9431169220230453,1.5
SV212,raw,Averaging,mll,21.5568513027686,63.226945670429515,0.9999982564983587,0.9469656682846567,0.1729019511835672,0.1,2.7242928404678373,1.5
SV212,raw,Selection,mll,21.70225182637029,63.5177467176329,0.9999919659909312,0.9119334821857515,0.17996691770600962,0.1,2.923278008692169,1.5
SV212,raw,Matching,mll,22.23991038758767,64.59306384006766,0.9999862671295157,0.8710086259559899,0.19982906659496633,0.1,0.7845157515441067,1.5
SV213,raw,Averaging,mll,73.92169490508006,167.95663287505243,0.9992894033156908,0.9999996277806391,0.20931596177579706,0.1,0.967949414750209,1.5
SV213,raw,Selection,mll,75.08560424757624,170.2844515600448,0.9992028918356134,0.9999802549719702,0.23818849440173465,0.1,2.8389050401513805,1.5
SV213,raw,Matching,mll,75.42062583121614,170.9544947273246,0.9991628802408818,0.9999905890102513,0.24485970092885564,0.1,0.8177774429108855,1.5
SV214,raw,Averaging,mll,23.07545071343081,66.26414449175394,0.9999807522830283,0.681322535514701,0.20527691113995838,0.1,2.1652958136745784,1.5
SV214,raw,Selection,mll,22.714479573276012,65.54220221144435,0.9999879250813514,0.841443432265622,0.18644377574428586,0.1,2.9584084041230003,1.5
SV214,raw,Matching,mll,22.421786206718146,64.95681547832861,0.9999946305313678,0.9235109092181045,0.16817967949824073,0.1,2.640270736316038,1.5
SV215,raw,Averaging,mll,179.29381657521554,378.70087621532343,0.9943086424538671,0.9999840906864244,0.21636787248624084,0.1,1.6180557091164978,1.5
SV215,raw,Selection,mll,179.42047881650754,378.9542006979074,0.9944124099603782,0.9999704826970199,0.2210307646384458,0.1,0.7845849820913967,1.5
SV215,raw,Matching,mll,179.13930255900405,378.39184818290045,0.9942857272585334,0.9999904706228436,0.21161854048918077,0.1,0.9072129493606417,1.5
SV216,raw,Averaging,mll,79.16614928767581,178.44554164024393,0.9998548867679711,0.9985187160913586,0.21777914522517236,0.1,2.8563769746973753,1.5
SV216,raw,Selection,mll,79.07308169577104,178.2594064564344,0.9999637320723166,0.9981763451165728,0.21636115896320893,0.1,2.831354409998502,1.5
SV216,raw,Matching,mll,79.05267034333093,178.21858375155418,0.999964224791673,0.9984689460129389,0.2151677785263596,0.1,2.900118895776851,1.5
LV001,visible,Averaging,mll,45.621322677234744,107.86643598994476,0.9955973960467702,0.9878545188332367,0.2152036218787721,0.1,2.932988727378011,1.5
LV001,visible,Selection,mll,45.55429030483063,107.73237124513653,0.9955070310728044,0.9893080263522841,0.20921490691900152,0.1,2.891124461476262,1.5
LV001,visible,Matching,mll,45.58345305064713,107.79069673676953,0.9955297985130547,0.98627384392453,0.2111354160972765,0.1,2.8977836243601347,1.5
LV002,visible,Averaging,mll,184.91907999962618,386.0326481038056,0.8095723171947118,0.9897764482489737,0.2896050090304904,0.1,2.9944337335523454,1.5
LV002,visible,Selection,mll,174.54208120369304,365.27865051193936,0.8749646003380144,0.9998287289143934,0.3618220118003399,0.1,2.601294125649627,1.5
LV002,visible,Matching,mll,175.16197667680575,366.5184414581648,0.863306903576054,0.9875653443185974,0.41744922777582394,0.1,1.9837382741530076,1.5
LV003,visible,Averaging,mll,24.231146420808653,67.54101444763444,0.9999078349059263,0.9999999644180276,0.2043096075187223,0.1,2.430349915975181,1.5
LV003,visible,Selection,mll,24.245378640593856,67.56947888720484,0.999908206853197,0.9999998717387615,0.20564058535757815,0.1,2.818923002919621,1.5
LV003,visible,Matching,mll,24.110916762363466,67.30055513074407,0.9999010666461331,0.9999999872872433,0.19374119938155532,0.1,1.3996843421176701,1.5
LV005,visible,Averaging,mll,105.5640239134442,229.72957534901647,0.9916135907649619,0.9999299069586537,0.22788001051174306,0.1,1.1539684384218802,1.5
LV005,visible,Selection,mll,104.92464760232768,228.45082272678343,0.9913898836717677,0.9999925181960934,0.1970992643684224,0.1,0.7780795026447836,1.5
LV005,visible,Matching,mll,105.34654802626288,229.29462357465383,0.9917915392305086,0.9998930366896397,0.2231042434317362,0.1,2.933076158593411,1.5
LV007,visible,Averaging,mll,150.991994590183,322.09723224525834,0.9980476927709786,0.999441670760584,0.2192523573100306,0.1,2.9001190987894114,1.5
LV007,visible,Selection,mll,150.8853996625365,321.8840423899654,0.9980195883004224,0.9991538420469802,0.2163612509000651,0.1,2.8670779753088533,1.5
LV007,visible,Matching,mll,148.78780966502057,317.6888623949335,0.9978682061204871,0.9985649329743125,0.24345243351552004,0.1,0.894095646551045,1.5
LV008,visible,Averaging,mll,21.07587531243788,57.559145936026546,0.9976417323085459,0.9008676475496792,0.20739477935718656,0.1,2.947350214904738,1.5
LV008,visible,Selection,mll,21.059314736547396,57.52602478424558,0.9975393832805061,0.927745258029716,0.20059328249069527,0.1,2.764110249059785,1.5
LV008,visible,Matching,mll,21.061505374418918,57.53040605998862,0.9975912323861975,0.9025319957445079,0.2003138913639868,0.1,2.959602051639257,1.5
LV009,visible,Averaging,mll,25.33353484005231,69.26859720223268,0.9995612444497216,0.8724235261478641,0.17418460110904602,0.1,2.0943947906995675,1.5
LV009,visible,Selection,mll,25.31584966889639,69.23322685992085,0.9995575609688888,0.9170681316882908,0.16824414881146865,0.1,2.874699241851733,1.5
LV009,visible,Matching,mll,25.524264797520747,69.65005711716957,0.9995568972765471,0.9121661149410654,0.18241154889315792,0.1,0.6195257020393258,1.5
LV011,visible,Averaging,mll,105.75412626091453,228.9950893746597,0.8363093902573645,0.27275986480290765,2.8975107716659676,0.1,2.3820146582382185,1.5
LV011,visible,Selection,mll,107.5008416235542,232.48852009993902,0.8264441044492145,0.1364921337029483,2.957555218584895,0.1,2.973354140511716,1.5
LV011,visible,Matching,mll,110.90667571389493,239.3001882806205,0.8327784662436578,0.5828601496597878,0.99938496770906,0.1,0.1909271725680669,1.5
LV015,visible,Averaging,mll,69.63891805536416,159.26340033236426,0.9970740234085017,0.14408216074668725,0.15255583716090296,0.1,0.6097978037006024,1.5
LV015,visible,Selection,mll,69.53947675073388,159.0645177231037,0.9970747558662427,0.8808139406174834,0.13179858174408887,0.1,1.9127912277026968,1.5
LV015,visible,Matching,mll,69.6655904576364,159.31674513690874,0.99707431100959,0.043892197506219525,0.16040137429035187,0.1,1.9520464789597207,1.5
LV016,visible,Averaging,mll,25.68226351445426,65.23944546876133,0.9712230215819823,0.8294192746414891,0.10907093699035852,0.1,2.2058555917439615,1.5
LV016,visible,Selection,mll,25.69602209963208,65.26696263911697,0.9712443857906199,0.3133464852823311,0.14532356171350022,0.1,2.713290942103364,1.5
LV016,visible,Matching,mll,25.68346317415137,65.24184478815556,0.9712230175352203,0.03826388492166005,0.12361893004853827,0.1,0.6056197736383389,1.5
LV017,visible,Averaging,mll,3.9975503103556793,28.10834368560368,0.999993594616623,0.31855362882264,0.13929559922094614,0.1,2.402296683779714,1.5
LV017,visible,Selection,mll,4.048551144414781,28.210345353721884,0.9999934631620813,0.44153059015338714,0.14298608677014785,0.1,2.677641353037757,1.5
LV017,visible,Matching,mll,4.089311360145332,28.291865785182985,0.999993499468574,0.03330657784338407,0.14590511648924037,0.1,2.9583670273270015,1.5
LV018,visible,Averaging,mll,62.48065530841225,145.07455368171682,0.9999645224377168,0.9999866711911034,0.21630173528155036,0.1,0.8112507259190509,1.5
LV018,visible,Selection,mll,63.79846068786149,147.7101644406153,0.9997453818594644,0.9997075418177125,0.24402819185241623,0.1,1.5538543375076277,1.5
LV018,visible,Matching,mll,62.97201413853794,146.0572713419682,0.9999325998410725,0.9999019666097303,0.22783736554970926,0.1,2.972815401462361,1.5
LV019,visible,Averaging,mll,87.10121880455245,194.2525204464037,0.9985446982274471,0.9999994991552285,0.23522050837463523,0.1,2.7186280058826187,1.5
LV019,visible,Selection,mll,86.19940021135059,192.44888326,0.9984005611885247,0.9999998932041103,0.21121616387006492,0.1,1.2069503166884044,1.5
LV019,visible,Matching,mll,85.93128823411863,191.91265930553607,0.9983367517659324,0.9999999810805625,0.19931580416635858,0.1,1.763834125587765,1.5
LV020,visible,Averaging,mll,320.02126512341556,660.1557733117235,0.904267727773363,0.6753931623517665,1.717397998205511,0.1,1.0333718182849259,1.5
LV020,visible,Selection,mll,322.4493915870937,665.0120262390798,0.9168765773814802,0.6824542637012545,0.9089409509638009,0.1,1.7012807535442438,1.5
LV020,visible,Matching,mll,305.35828443137353,630.8298119276394,0.9341488746630642,0.871101783584617,0.8699825870536083,0.1,0.10407624002579169,1.5
LV021,visible,Averaging,mll,18.032828761705343,55.63193591792114,0.9998575693465632,0.27714844202747013,0.1742781198785923,0.1,2.544309348655451,1.5
LV021,visible,Selection,mll,17.862323930814334,55.29092625613912,0.99984915985944,0.951496800875972,0.14238157166498014,0.1,1.6584606156476989,1.5
LV021,visible,Matching,mll,17.99950551279523,55.56528942010092,0.9998559652056151,0.398490124016649,0.16837336883691092,0.1,2.931512275613725,1.5
LV022,visible,Averaging,mll,40.359002191798275,98.62412706355265,0.9978210047235053,0.7285073750040513,0.12215416168273406,0.1,0.39759005895273014,1.5
LV022,visible,Selection,mll,40.35420355300978,98.61452978597566,0.997821008617716,0.4388401190101812,0.1000002537456765,0.1,2.048699779796191,1.5
LV022,visible,Matching,mll,40.420815641874995,98.74775396370609,0.997825445647811,0.032999575882514655,0.14571691372745832,0.1,2.95757266367529,1.5
LV023,visible,Averaging,mll,183.3876472663958,383.3990851682669,0.909460565194784,0.9998715904108377,0.27438863290129245,0.1,2.1401069642693518,1.5
LV023,visible,Selection,mll,183.30077253042504,383.2253356963254,0.9080065264706144,0.9998254267585793,0.25644828764070343,0.1,1.833438950000859,1.5
LV023,visible,Matching,mll,182.95542413404286,382.534638903561,0.9046967436162142,0.9990651276936875,0.2821968700681706,0.1,1.4683882733310494,1.5
LV024,visible,Averaging,mll,432.83993961796125,883.713680759135,0.6613438094928268,0.5322422095253532,2.2790172179182315,0.1,1.7911616546690048,1.5
LV024,visible,Selection,mll,434.95276826273493,887.9393380486823,0.6529087941103384,0.38799762750916444,1.3314290459358995,0.1,2.8800986233333363,1.5
LV024,visible,Matching,mll,430.1630674830395,878.3599364892915,0.6769260035459563,0.6096954578772873,1.335338513055205,0.1,0.18962459348623273,1.5
LV025,visible,Averaging,mll,53.94752945530893,125.52826625595678,0.9970981744572851,0.0034863328875007304,0.29076321067772815,0.1,0.5235299704762953,1.5
LV025,visible,Selection,mll,53.98240963949621,125.59802662433134,0.9969837287682382,0.5937755715732147,0.2840779218675624,0.1,0.23831996706434902,1.5
LV025,visible,Matching,mll,53.95652830817189,125.5462639616827,0.9966265702997351,0.24885058680978284,0.26242628936203677,0.1,0.26675570426546513,1.5
SV103,visible,Averaging,mll,174.2057655029517,368.4616138432022,0.9928813766514165,0.9991986335751128,0.22036808903638516,0.1,2.878696419572349,1.5
SV103,visible,Selection,mll,174.03639817200244,368.1228791813037,0.9928943715452939,0.9989626488838369,0.2163322809797383,0.1,2.9708550507365916,1.5
SV103,visible,Matching,mll,174.11744813438648,368.2849791060718,0.9928850339502544,0.9989988046777993,0.21855168338347905,0.1,2.904247891038079,1.5
SV110,visible,Averaging,mll,64.53442780824219,149.1820986813767,0.9998440946178105,0.9999338930386481,0.22061215024934677,0.1,2.9001185416965027,1.5
SV110,visible,Selection,mll,65.26166635890226,150.63657578269684,0.9997124195416252,0.9997283690278339,0.23706363493688878,0.1,0.7955847872810717,1.5
SV110,visible,Matching,mll,64.65611655305548,149.42547617100328,0.9999130858650425,0.9998269297282878,0.22463986269550135,0.1,2.8712340134050236,1.5
SV111,visible,Averaging,mll,267.7671282388521,555.584339315003,0.979778445717292,0.9998893174689565,0.3026135414402666,0.1,2.515223185249149,1.5
SV111,visible,Selection,mll,267.34096097309964,554.7320047834982,0.9799295590822764,0.9998214321675093,0.295786237898392,0.1,2.286014424644871,1.5
SV111,visible,Matching,mll,244.88312815153998,509.8163391403788,0.9570423123076456,0.9374775126362093,0.5715377833012831,0.1,0.4861481378704569,1.5
SV113,visible,Averaging,mll,42.05934287025865,104.10424996215323,0.9997557267421319,0.9999999632974589,0.21139214384200877,0.1,2.844954334593637,1.5
SV113,visible,Selection,mll,41.769265484117646,103.52409518987122,0.9997605112251355,0.9999999855291324,0.20035326579934587,0.1,0.9858399777644047,1.5
SV113,visible,Matching,mll,45.91769207648187,111.82094837459968,0.9987473377070986,0.9999328739712363,0.3021056884913065,0.1,1.8225088579515436,1.5
SV119,visible,Averaging,mll,81.1375199477968,182.32512273289242,0.9997605005435591,0.9683660467699506,0.21616374919535594,0.1,2.924243048919334,1.5
SV119,visible,Selection,mll,80.68170413568203,181.41349110866287,0.9997409283787487,0.9851169271848146,0.19967572869943076,0.1,2.9641484959670286,1.5
SV119,visible,Matching,mll,80.80261388104007,181.65531059937896,0.9997661655946416,0.9771129393164709,0.2052229079793116,0.1,2.965577280270616,1.5
SV201,visible,Averaging,mll,70.38418052269816,160.88160411028863,0.9999535063566874,0.9997521653294239,0.22192595600329076,0.1,2.90289437399635,1.5
SV201,visible,Selection,mll,69.70437274128523,159.52198854746277,0.999961017867058,0.9999048944669228,0.19920045593540195,0.1,2.999283766612121,1.5
SV201,visible,Matching,mll,70.31236852106571,160.73798010702373,0.9999595486396846,0.9997172662910229,0.21926541902546964,0.1,2.9071416310779155,1.5
SV202,visible,Averaging,mll,65.19021439405873,150.49367185300977,0.9987201050719515,0.9620483886960983,0.10201851490452735,0.1,2.201916384844714,1.5
SV202,visible,Selection,mll,65.29203387222981,150.69731080935193,0.9987205708196852,0.44151964403477645,0.14298065413760447,0.1,2.677700638160766,1.5
SV202,visible,Matching,mll,65.37331158045383,150.85986622579998,0.9987215177543036,0.06484854094245365,0.14968424143265568,0.1,2.8690670683683166,1.5
SV203,visible,Averaging,mll,5.50452387944514,31.1222908237826,0.999952977041255,0.9999999972987567,0.20723272946273574,0.1,2.7761100018755105,1.5
SV203,visible,Selection,mll,5.240991352451527,30.595225769795373,0.9999744733583604,0.9999999968224581,0.2055845101124401,0.1,2.4237647158499342,1.5
SV203,visible,Matching,mll,5.270442921134171,30.65412890716066,0.9999720602379579,0.9999999975529318,0.20524760289914162,0.1,2.7101126796339483,1.5
SV204,visible,Averaging,mll,118.46657806066767,257.0463991862277,0.9911544149977753,0.999852877413363,0.3390418026394629,0.1,2.6938412992460345,1.5
SV204,visible,Selection,mll,116.02139936740268,252.15604179969768,0.9921239718483331,0.9998931154111678,0.31435230792600266,0.1,2.6922417283594062,1.5
SV204,visible,Matching,mll,116.06335760692335,252.239958278739,0.9918836301125913,0.9999389549553275,0.335875297228508,0.1,2.7415834801062133,1.5
SV205,visible,Averaging,mll,72.9382609386396,165.98976494217152,0.9992882087876194,0.9046347490803037,0.20882717003136742,0.1,2.9595860298178693,1.5
SV205,visible,Selection,mll,72.67331688362772,165.45987683214776,0.99929963639867,0.9500884032304575,0.19808635318300952,0.1,2.8976415417011956,1.5
SV205,visible,Matching,mll,73.12220066795474,166.3576444008018,0.9992864855869267,0.8793624043325236,0.20886433358209658,0.1,2.852173280384775,1.5
SV206,visible,Averaging,mll,379.78748001648034,779.688203097853,0.9216018499310913,0.21831399314663752,0.8852466436004133,0.1,1.4074799903166473,1.5
SV206,visible,Selection,mll,379.6077196340933,779.328682333079,0.9217613285227881,0.3894765249095278,0.8632731010253484,0.1,1.715761672095467,1.5
SV206,visible,Matching,mll,376.39321074891313,772.8996645627186,0.9328171408375516,0.4237009343842561,0.5404966962325054,0.1,0.10043404439216781,1.5
SV207,visible,Averaging,mll,24.560134660454118,69.23351238580055,0.9998447728422767,0.7669875492175313,0.17246587290306606,0.1,1.1475881343272962,1.5
SV207,visible,Selection,mll,24.83307761838631,69.77939830166494,0.9998520675509085,0.623454703691669,0.18238494144358772,0.1,2.6947197867855386,1.5
SV207,visible,Matching,mll,24.591153376814194,69.29554981852071,0.9998431643109327,0.8631722044714562,0.16750834079318364,0.1,0.2825211756109644,1.5
SV208,visible,Averaging,mll,130.81568141556895,281.74460589603024,0.9977062220223805,0.9999117182911106,0.2576235298729025,0.1,0.8707461704319537,1.5
SV208,visible,Selection,mll,129.5476437317695,279.20853052843137,0.9980876999584559,0.9999714123776737,0.21987486025783923,0.1,0.33020994522061886,1.5
SV208,visible,Matching,mll,129.93399606031008,279.9812351855125,0.9979942120307147,0.9999305112242421,0.2518189120831164,0.1,1.5032279577841159,1.5
SV209,visible,Averaging,mll,84.98153849064863,190.07632004618958,0.9974798599577495,0.9998619348413341,0.2918989202668291,0.1,2.9619291971811745,1.5
SV209,visible,Selection,mll,84.64366851531376,189.40058009551984,0.9977061644278197,0.9997772842258167,0.2935657138596851,0.1,2.921587964633444,1.5
SV209,visible,Matching,mll,83.0293038986063,186.17185086210492,0.9978066542597944,0.9999307301913071,0.2872475662829186,0.1,1.8067188970553647,1.5
SV210,visible,Averaging,mll,31.021030381312666,82.15530382751766,0.9970986528336249,0.9998515296159692,0.3220478350817894,0.1,2.5239138777234125,1.5
SV210,visible,Selection,mll,28.737436812645612,77.58811669018354,0.9979758323249234,0.9998577266651952,0.3140283753830264,0.1,2.8413192578591535,1.5
SV210,visible,Matching,mll,29.4749068301697,79.06305672523172,0.9975014727764826,0.9998887607301635,0.3417750272924047,0.1,2.9238352217927073,1.5
SV211,visible,Averaging,mll,76.6430172973453,173.3992776595829,0.9999567550071738,0.9959240229023806,0.21633870350684573,0.1,2.878120872842003,1.5
SV211,visible,Selection,mll,76.4571945593895,173.02763218367133,0.9998912560114772,0.9955660257030993,0.21016557578922804,0.1,2.9085855330052564,1.5
SV211,visible,Matching,mll,76.4100818147031,172.93340669429853,0.999943268177905,0.995968590245343,0.20927213462980304,0.1,2.9431169220230453,1.5
SV212,visible,Averaging,mll,21.5568513027686,63.226945670429515,0.9999982564983587,0.9469656682846567,0.1729019511835672,0.1,2.7242928404678373,1.5
SV212,visible,Selection,mll,21.70225182637029,63.5177467176329,0.9999919659909312,0.9119334821857515,0.17996691770600962,0.1,2.923278008692169,1.5
SV212,visible,Matching,mll,22.23991038758767,64.59306384006766,0.9999862671295157,0.8710086259559899,0.19982906659496633,0.1,0.7845157515441067,1.5
SV213,visible,Averaging,mll,73.92169490508006,167.95663287505243,0.9992894033156908,0.9999996277806391,0.20931596177579706,0.1,0.967949414750209,1.5
SV213,visible,Selection,mll,75.08560424757624,170.2844515600448,0.9992028918356134,0.9999802549719702,0.23818849440173465,0.1,2.8389050401513805,1.5
SV213,visible,Matching,mll,75.42062583121614,170.9544947273246,0.9991628802408818,0.9999905890102513,0.24485970092885564,0.1,0.8177774429108855,1.5
SV214,visible,Averaging,mll,23.07545071343081,66.26414449175394,0.9999807522830283,0.681322535514701,0.20527691113995838,0.1,2.1652958136745784,1.5
SV214,visible,Selection,mll,22.714479573276012,65.54220221144435,0.9999879250813514,0.841443432265622,0.18644377574428586,0.1,2.9584084041230003,1.5
SV214,visible,Matching,mll,22.421786206718146,64.95681547832861,0.9999946305313678,0.9235109092181045,0.16817967949824073,0.1,2.640270736316038,1.5
SV215,visible,Averaging,mll,161.17327938509584,342.3966416074905,0.9961950104467673,0.9998691888830028,0.2488942306123151,0.1,1.3609291850053098,1.5
SV215,visible,Selection,mll,159.4277694709962,338.9056217792912,0.9957274072270624,0.9999890035033667,0.1979539454611469,0.1,2.7908889331929134,1.5
SV215,visible,Matching,mll,159.44915384293577,338.94839052317036,0.9957475501029083,0.9999961847767871,0.20035073874286077,0.1,0.784312490275171,1.5
SV216,visible,Averaging,mll,79.16614928767581,178.44554164024393,0.9998548867679711,0.9985187160913586,0.21777914522517236,0.1,2.8563769746973753,1.5
SV216,visible,Selection,mll,79.07308169577104,178.2594064564344,0.9999637320723166,0.9981763451165728,0.21636115896320893,0.1,2.831354409998502,1.5
SV216,visible,Matching,mll,79.05267034333093,178.21858375155418,0.999964224791673,0.9984689460129389,0.2151677785263596,0.1,2.900118895776851,1.5
LV001,invisible,Averaging,mll,599.1592036936079,1217.3075701037837,0.37620563997624257,0.956479609927907,0.2373430776136916,0.1,0.8260814568148821,1.5
LV001,invisible,Selection,mll,599.1592015008264,1217.3075657182208,0.37638185691736015,0.9622518035193613,0.23747011664473536,0.1,0.8215849444708765,1.5
LV001,invisible,Matching,mll,599.1592015008264,1217.3075657182208,0.3776115142920655,0.9505028434977538,0.23766082787388654,0.1,0.8209756529392349,1.5
LV002,invisible,Averaging,mll,583.9747055249544,1187.1150952665457,0.706514751445769,0.9999859037676548,0.3901598229192903,0.1,1.986093812778322,1.5
LV002,invisible,Selection,mll,583.9482118163077,1187.0621078492522,0.7170386941170264,0.9998292758933794,0.4560652752194505,0.1,0.5344852624217546,1.5
LV002,invisible,Matching,mll,584.1542728550202,1187.4742299266773,0.7060216977101907,0.9999638921819393,0.38716611777268395,0.1,2.7761272483989656,1.5
LV003,invisible,Averaging,mll,245.309447621405,507.03570726382446,0.6958137589221964,0.8398167505300544,1.2763066394887457,0.1,1.8290759293627472,1.5
LV003,invisible,Selection,mll,244.39367519453725,505.20416241008894,0.6790512821022208,0.8261955182999379,0.6977677112270282,0.1,2.838395714738631,1.5
LV003,invisible,Matching,mll,244.20953834070787,504.83588870243017,0.617611920121285,0.9999338347990232,0.2593533260765533,0.1,0.8845688029694673,1.5
LV005,invisible,Averaging,mll,286.0820171136711,589.4969911970102,0.7168661011309919,0.9998930366896397,0.23707829102428904,0.1,1.0885549972863302,1.5
LV005,invisible,Selection,mll,286.08379340026954,589.5005437702071,0.7167651066751481,0.9998269297282878,0.23615664651740387,0.1,0.866509897315512,1.5
LV005,invisible,Matching,mll,286.08473758057374,589.5024321308155,0.7164269354712118,0.9998930366896397,0.23385767406129226,0.1,0.9840346615430046,1.5
LV008,invisible,Averaging,mll,634.2294697938244,1287.8713380989966,0.6315250280069167,0.12247594965040001,0.15042900727556255,0.1,2.8851267748022673,1.5
LV008,invisible,Selection,mll,634.157300217306,1287.7269989459598,0.6314507937852976,0.2671839305963473,0.134177924239743,0.1,2.8846516240222315,1.5
LV008,invisible,Matching,mll,634.2773334020333,1287.9670653154144,0.6314501048444262,0.24949365038954502,0.14360023120535095,0.1,2.346018945642254,1.5
LV009,invisible,Averaging,mll,310.69862205396333,638.7302010775946,0.6542155061137536,0.4962481154521737,0.20694298376345563,0.1,2.623729501571337,1.5
LV009,invisible,Selection,mll,310.72716298736697,638.7872829444019,0.6539684993530943,0.7790192122315289,0.20532299511921992,0.1,1.922896005505901,1.5
LV009,invisible,Matching,mll,310.9194263637601,639.1718096971882,0.655899628677615,0.4957446065881686,0.22123625532112023,0.1,1.5330205979017075,1.5
LV011,invisible,Averaging,mll,553.4669110858176,1125.4300757343294,0.5912116190311041,0.001093046281956802,2.6126560867784403,0.1,2.3168043901346174,1.5
LV011,invisible,Selection,mll,556.8514855702726,1132.1992247032395,0.5771586184918758,0.0009817728030287352,1.961878842761781,0.1,2.9991725476241187,1.5
LV011,invisible,Matching,mll,552.5225647670761,1123.5413830968464,0.5950120288407147,0.0005849872918291196,2.899944222318325,0.1,2.9979307024818125,1.5
LV012,invisible,Averaging,mll,821.8392222683378,1663.791687601568,0.6582370406925029,0.9999365212562084,0.28647079631260797,0.1,1.0110318920273933,1.5
LV012,invisible,Selection,mll,821.8002022781981,1663.7136476212884,0.6558789798646243,0.9999356357097279,0.2711201411420251,0.1,0.7648702220835664,1.5
LV012,invisible,Matching,mll,821.8406427625347,1663.7945285899616,0.6570972654327172,0.9999368216265542,0.2799198686248088,0.1,1.2204279051325,1.5
LV013,invisible,Averaging,mll,900.4282007176379,1820.969644500168,0.6133607538082255,0.9926090606534739,0.2374623698132571,0.1,0.8099956998204981,1.5
LV013,invisible,Selection,mll,900.4383080076585,1820.9898590802093,0.6133609587053057,0.9914727653244818,0.23759132072603578,0.1,0.821400741360863,1.5
LV013,invisible,Matching,mll,900.4885597534884,1821.090362571869,0.613241729723307,0.9908552216269749,0.2371066181698334,0.1,0.9237877282012747,1.5
LV015,invisible,Averaging,mll,28.84186289050302,68.26280735485452,0.6856403622094074,0.6006489479977386,0.10884678060850543,0.1,2.519396090619229,1.5
LV015,invisible,Selection,mll,28.845502578082495,68.27008673001347,0.6856751125328318,0.46167459952620554,0.14427223158934108,0.1,2.704270203544347,1.5
LV015,invisible,Matching,mll,28.842262777068708,68.26360712798589,0.6856403583284262,0.050693465164041496,0.12192574719120534,0.1,0.7667366502042818,1.5
LV016,invisible,Averaging,mll,746.9918344017806,1513.69631769058,0.6283580549815699,0.10003209624442552,0.14753677242508473,0.1,2.94870651751114,1.5
LV016,invisible,Selection,mll,746.9291140804525,1513.5708770479237,0.6282824784483372,0.2675087982506945,0.1342780033605958,0.1,2.883445678139329,1.5
LV016,invisible,Matching,mll,746.9200047596969,1513.5526584064125,0.6282446067545385,0.03355842051156924,0.12172868429583471,0.1,0.5388355115317358,1.5
LV019,invisible,Averaging,mll,12.921189819264722,34.34201967069809,0.7955990651391419,0.9999620281878758,0.634885590337585,0.1,2.9636380854170934,1.5
LV019,invisible,Selection,mll,12.929968412629648,34.359576857427946,0.7516473417295209,0.989376803412359,0.253697967672232,0.1,0.10048080641971274,1.5
LV019,invisible,Matching,mll,12.836272841252999,34.17218571467465,0.7567797792299198,0.9999999996838433,0.2841322087408538,0.1,2.9951747896566396,1.5
LV021,invisible,Averaging,mll,122.57791728555726,259.8937992283227,0.6856403622128066,0.6006489479830996,0.10884678060875362,0.1,2.519396090623992,1.5
LV021,invisible,Selection,mll,122.59882650573516,259.9356176686785,0.6857448343991253,0.24066406789445677,0.15230270322173065,0.1,2.9819351871738333,1.5
LV021,invisible,Matching,mll,122.57961680346136,259.8971982641309,0.6856403583318273,0.03345317222224758,0.12189052081694546,0.1,0.5399818684194903,1.5
LV022,invisible,Averaging,mll,390.64072602206,799.4377195508932,0.6735911147636233,0.7768221776692026,0.10855272863443952,0.1,1.4178678474563866,1.5
LV022,invisible,Selection,mll,390.6888459125486,799.5339593318704,0.6736264165941507,0.46168051575771374,0.1442246855897216,0.1,2.704248241795119,1.5
LV022,invisible,Matching,mll,390.6460245190555,799.4483165448843,0.6735911109071868,0.03348269615571002,0.12184558063268013,0.1,0.5396586503645653,1.5
LV023,invisible,Averaging,mll,730.4852410282707,1479.9596447731094,0.5974816840659843,0.9999005811212318,0.27432892891151733,0.1,1.0498330797167807,1.5
LV023,invisible,Selection,mll,730.4683495241165,1479.925861764801,0.5961158097535922,0.9998399123384012,0.26941968671418287,0.1,1.004324560193531,1.5
LV023,invisible,Matching,mll,727.2895598506105,1473.568282417789,0.5948778187215927,0.9995490705058472,0.2681803304618997,0.1,2.8989657123709107,1.5
LV024,invisible,Averaging,mll,437.1530194116274,892.3398403464672,0.6248082287423566,0.9983150527629246,0.23760969148725328,0.1,0.8223608525394983,1.5
LV024,invisible,Selection,mll,437.1572098316361,892.3482211864847,0.6246913671045009,0.997679456779339,0.23708034062871042,0.1,0.8700974632374218,1.5
LV024,invisible,Matching,mll,437.1671100649088,892.36802165303,0.6246523256497001,0.9979722542041153,0.23678636264763459,0.1,0.8840288378309694,1.5
LV025,invisible,Averaging,mll,446.5401603684616,911.4674713671048,0.6386469356723365,0.10010934520623402,0.14752824634907086,0.1,2.9486566334506636,1.5
LV025,invisible,Selection,mll,446.5000092667221,911.3871691636258,0.6385731775972703,0.2674440844406893,0.13426027714807898,0.1,2.8836859032021156,1.5
LV025,invisible,Matching,mll,446.49418425241504,911.3755191350117,0.6385362172723994,0.033560316656251504,0.12170415763302911,0.1,0.5388150076797101,1.5
SV103,invisible,Averaging,mll,12.819097429914915,34.13783489199848,0.5200351735013171,0.6191588484896857,0.15914543386093696,0.1,2.326998097422043,1.5
SV103,invisible,Selection,mll,12.819097429914915,34.13783489199848,0.5252141673934985,0.9409835448854192,0.15803032603039077,0.1,1.8923578090807571,1.5
SV103,invisible,Matching,mll,12.819537509201915,34.13871505057248,0.5452793186718039,0.9616118849909908,0.1695580653151427,0.1,2.692014035472302,1.5
SV111,invisible,Averaging,mll,16.0217377191929,40.54311547055445,0.5014082661700385,0.9978069496284945,2.2974988405163494,0.1,2.9858122350237406,1.5
SV111,invisible,Selection,mll,16.02073780283217,40.54111563783299,0.5003277982707197,0.9754419896890105,2.010810133569413,0.1,0.877949446899067,1.5
SV111,invisible,Matching,mll,16.021137709388498,40.541915450945645,0.499946101463956,0.999905058418822,1.8941297866692792,0.1,2.315400308583547,1.5
SV113,invisible,Averaging,mll,34.589670337928695,79.75842224970587,0.5984551104273121,0.9908756440545369,0.23758151516336848,0.1,0.7846352209433052,1.5
SV113,invisible,Selection,mll,34.5904657549042,79.76001308365689,0.5984553231545957,0.9896926351804484,0.2375540840793631,0.1,0.8230635031739207,1.5
SV113,invisible,Matching,mll,34.59326679159334,79.76561515703516,0.5984549086091704,0.9888703009191874,0.23758303367239247,0.1,0.8205237087732079,1.5
SV119,invisible,Averaging,mll,14.172570030385064,36.84478009293878,0.7238233440856938,0.995362130073454,0.23511160595611863,0.1,1.0551034968608433,1.5
SV119,invisible,Selection,mll,14.173136584634591,36.84591320143783,0.7241264014386806,0.9941984177156081,0.23762582066469204,0.1,0.8224649809329447,1.5
SV119,invisible,Matching,mll,14.173610861166543,36.84686175450173,0.7238568955563089,0.9944719664247019,0.23566851093783317,0.1,0.9735460666716931,1.5
SV215,invisible,Averaging,mll,16.021737719193013,40.543115470554675,0.5014082661763107,0.9978069496284618,2.2974988405163494,0.1,2.9858122350237406,1.5
SV215,invisible,Selection,mll,16.020737802832237,40.54111563783312,0.5003277982770176,0.9754419896890105,2.0108101335694144,0.1,0.8779494468990678,1.5
SV215,invisible,Matching,mll,16.021137709388583,40.541915450945815,0.4999461014702552,0.9999050584188249,1.894129786669301,0.1,2.3154003085835466,1.5
LV001,5,Averaging,mll,58.42435078198215,133.66610776285228,0.9923277553311524,0.9891584235679807,0.21132256574063124,0.1,2.991735137298848,1.5
LV001,5,Selection,mll,58.397830192563205,133.6130665840144,0.9923427332187258,0.9897074403030494,0.20844092403110492,0.1,2.8996255581719637,1.5
LV001,5,Matching,mll,58.42187176336566,133.6611497256193,0.9922879353396911,0.9862408950230849,0.2092838449179046,0.1,2.938270037773939,1.5
LV002,5,Averaging,mll,267.36300861296456,551.5434234248171,0.7592868986011376,0.9999343454602345,0.4230518081889723,0.1,0.9314351287748595,1.5
LV002,5,Selection,mll,267.3230670330886,551.4635402650651,0.7596269945161735,0.9998394666081832,0.42587672605139676,0.1,2.5770361656768137,1.5
LV002,5,Matching,mll,262.54915486492763,541.9157159287432,0.7913572782191429,0.9523616558572466,1.3675767304399042,0.1,0.16783956929679683,1.5
LV003,5,Averaging,mll,84.75891143846188,186.33522907581175,0.9710527367376163,0.9999902175589396,0.2516950703554792,0.1,2.900114648005945,1.5
LV003,5,Selection,mll,84.73873270239899,186.29487160368598,0.9709773645827643,0.9999895116191782,0.24944915868492754,0.1,1.0208034569054978,1.5
LV003,5,Matching,mll,84.72645813653926,186.27032247196652,0.9709295684546103,0.9999932270937739,0.24798057694709597,0.1,0.9788198412435075,1.5
LV005,5,Averaging,mll,143.5280977304177,303.87360165972336,0.9087489793551792,0.9999652664227459,0.2357882087721441,0.1,0.7595969908768279,1.5
LV005,5,Selection,mll,143.4864780132974,303.7903622254828,0.9083764416831517,0.9999388084530771,0.23076729884623431,0.1,1.2208583218403368,1.5
LV005,5,Matching,mll,143.52735912679586,303.87212445247974,0.9087940020550039,0.9999450223227612,0.23617531609969258,0.1,1.1352932725054907,1.5
LV007,5,Averaging,mll,43.98883819359901,104.79508258608601,0.9982774562999261,0.9985710382304323,0.21958417459926458,0.1,2.7293688988944664,1.5
LV007,5,Selection,mll,43.91503322826091,104.64747265540981,0.9979320195543097,0.9963135797440943,0.2414614961148023,0.1,0.8694633521906624,1.5
LV007,5,Matching,mll,39.76429269653488,96.34599159195776,0.9930723558465612,0.8734626315743288,0.33302910291786975,0.1,1.4236878807892122,1.5
LV008,5,Averaging,mll,134.14359089295507,285.1045879847982,0.9141360256170676,0.9001026609066407,0.20471440362958476,0.1,2.985429544046316,1.5
LV008,5,Selection,mll,134.17197398717542,285.1613541732388,0.9141080401577435,0.9094989616804253,0.2036773497199642,0.1,2.787592337537227,1.5
LV008,5,Matching,mll,134.062467446569,284.942341092026,0.9132811455776468,0.9750608803558571,0.17688474043135582,0.1,2.7078709081738976,1.5
LV009,5,Averaging,mll,111.94078118704195,240.6989685729719,0.9383293298683604,0.4183988916876501,0.20952140099590016,0.1,2.8591000380508054,1.5
LV009,5,Selection,mll,111.78643640994872,240.39027901878544,0.9376338636082029,0.852859723436101,0.18530016432906435,0.1,2.960616379877348,1.5
LV009,5,Matching,mll,111.72218081640983,240.26176783170766,0.9372681414722533,0.9484888284845824,0.16394633332770397,0.1,2.316849962351413,1.5
LV011,5,Averaging,mll,212.04864567077684,440.9146975404417,0.7431506583696876,0.12678707441693754,2.9932935737889186,0.1,2.330581741139032,1.5
LV011,5,Selection,mll,212.02032943886977,440.85806507662755,0.74315793240905,0.2396258149107944,2.9874260215440174,0.1,2.9906856305890765,1.5
LV011,5,Matching,mll,212.09005300271366,440.9975122043153,0.7432738729264114,0.13337734294423037,2.9977298225205753,0.1,1.274794883520483,1.5
LV012,5,Averaging,mll,274.8195000313269,566.4564062615418,0.4452448536776602,0.9999359861148464,0.33067518980268457,0.1,2.2872988892864177,1.5
LV012,5,Selection,mll,274.7867338003532,566.3908737995944,0.44101916239281214,0.9999391069903268,0.3095140329908447,0.1,1.8330709878998233,1.5
LV012,5,Matching,mll,274.80823749612654,566.433881191141,0.44382716820829937,0.9999478123570996,0.32369140971126764,0.1,1.84381648791631,1.5
LV013,5,Averaging,mll,298.6838303194297,614.1850668377474,0.6168301742956022,0.9994269727002741,0.23710972382021722,0.1,0.8722026135527999,1.5
LV013,5,Selection,mll,298.6870564553651,614.1915191096182,0.6167908262538555,0.9991647951342191,0.23640454982780687,0.1,0.8450673300683419,1.5
LV013,5,Matching,mll,298.693856487975,614.2051191748379,0.6167907745424903,0.9993001958979704,0.23684478339129142,0.1,0.893917007051776,1.5
LV015,5,Averaging,mll,17.196906782516567,51.21121976392113,0.9985022427956649,0.49421365493255387,0.11556807737365234,0.1,2.3247313227565978,1.5
LV015,5,Selection,mll,17.22750422336183,51.272414645611654,0.9985020702544773,0.4415342243840882,0.14298386526372575,0.1,2.6776216697307182,1.5
LV015,5,Matching,mll,17.261521792343434,51.34044978357486,0.9985014184322112,0.25117076867944876,0.14489762144588644,0.1,2.3505588726272038,1.5
LV016,5,Averaging,mll,245.15923360706176,507.1358734130115,0.741388350407852,0.2207814706293791,0.11885693179940458,0.1,1.2077240609434692,1.5
LV016,5,Selection,mll,245.18719679515527,507.1917997891985,0.7414206847320375,0.46690237839011844,0.14378879111253376,0.1,2.6848640897622125,1.5
LV016,5,Matching,mll,245.15923360706176,507.1358734130115,0.741388350407852,0.033325439568053845,0.12208472905776649,0.1,0.541394605817347,1.5
LV017,5,Averaging,mll,3.5838165930837955,23.985039385055586,0.9999411337637049,0.8089692888509916,0.10951432304547083,0.1,2.2216352728357722,1.5
LV017,5,Selection,mll,3.5905721767532386,23.99855055239447,0.9999415971587171,0.400278455817729,0.1299343493609641,0.1,2.9340159534887222,1.5
LV017,5,Matching,mll,3.6414910851636044,24.100388369215203,0.9999420756234868,0.07930793944594404,0.15140388495833967,0.1,2.828412927130347,1.5
LV018,5,Averaging,mll,26.47568529527073,69.76877678942945,0.9994968450874298,0.9998987801652366,0.2317360711683668,0.1,1.2809113257942424,1.5
LV018,5,Selection,mll,26.66607348056698,70.14955316002195,0.999625940170894,0.9996613113031092,0.24652000928734089,0.1,0.9637846332328432,1.5
LV018,5,Matching,mll,26.28322515411082,69.38385650710964,0.9997399251367997,0.9998930366896397,0.2218926593540938,0.1,2.874788055283987,1.5
LV019,5,Averaging,mll,11.87934630739736,40.57609881368272,0.9997983197459555,0.9999999930497546,0.19803223892245894,0.1,2.823447244193461,1.5
LV019,5,Selection,mll,11.886077077097145,40.589560353082284,0.9997988633868782,0.9999999776857936,0.1981689324295605,0.1,2.8852989788449723,1.5
LV019,5,Matching,mll,11.976063256965322,40.76953271281864,0.9998119758527948,0.9999999775750796,0.21020348194856434,0.1,0.9718201680249646,1.5
LV020,5,Averaging,mll,93.30158396507676,203.4205741290415,0.9033203496352555,0.8324415333613903,1.8683705373634567,0.1,2.2872413032927645,1.5
LV020,5,Selection,mll,94.06281483186288,204.94303586261375,0.9204544931413466,0.7301242581312788,0.8918184880291198,0.1,1.0112371649533354,1.5
LV020,5,Matching,mll,90.74246852740075,198.3023432536895,0.9255955715096541,0.8465089929871326,0.9052710709915178,0.1,1.9191501538386488,1.5
LV021,5,Averaging,mll,3.5838165930837955,23.985039385055586,0.9999411337637049,0.8089692888509916,0.10951432304547083,0.1,2.2216352728357722,1.5
LV021,5,Selection,mll,3.5905721767532386,23.99855055239447,0.9999415971587171,0.400278455817729,0.1299343493609641,0.1,2.9340159534887222,1.5
LV021,5,Matching,mll,3.6414910851636044,24.100388369215203,0.9999420756234868,0.07930793944594404,0.15140388495833967,0.1,2.828412927130347,1.5
LV022,5,Averaging,mll,139.6841271659001,296.1856605306882,0.9125609471561144,0.18758365922394982,0.1206118040123683,0.1,2.8306743347972367,1.5
LV022,5,Selection,mll,139.6893956714033,296.1961975416946,0.9125800018524057,0.41993421511983575,0.13495776571762522,0.1,2.8592152838483216,1.5
LV022,5,Matching,mll,139.6841271659001,296.1856605306882,0.9125609471561144,0.048682178727190405,0.12346747497871802,0.1,0.48254966926960396,1.5
LV023,5,Averaging,mll,271.7706720557199,560.3587503103278,0.7539076552207059,0.9999447218572152,0.2655621674194191,0.1,1.3033507853777393,1.5
LV023,5,Selection,mll,271.7153169085473,560.2480400159826,0.7522394039796098,0.9999435132128671,0.2527537161767182,0.1,1.3192735258068768,1.5
LV023,5,Matching,mll,271.74990005736004,560.317206313608,0.7532259771767917,0.9999391200923614,0.261657641394831,0.1,1.4512740960988737,1.5
LV024,5,Averaging,mll,300.18438147342073,617.1861691457294,0.7610858731922043,0.4889984745887734,2.8815258829457293,0.1,1.8849355540094734,1.5
LV024,5,Selection,mll,307.06013657143257,630.9376793417531,0.7031678321030108,0.05573814580346231,2.7094150492204965,0.1,0.9774557478391481,1.5
LV024,5,Matching,mll,299.3596549201747,615.5367160392374,0.767125653109515,0.4908218872047577,2.4701972433240753,0.1,0.1256819213531487,1.5
LV025,5,Averaging,mll,164.04680501831893,344.91101623552584,0.8976333618421748,0.0008302823887598286,0.3696651509653072,0.1,0.523284664470169,1.5
LV025,5,Selection,mll,164.0412189952518,344.8998441893916,0.8976074513849491,0.236124661854578,0.3691373482537721,0.1,0.7847190391835868,1.5
LV025,5,Matching,mll,164.049923610744,344.917253420376,0.8971909020329282,0.00027357531145394116,0.36600660124208795,0.1,1.892141653981468,1.5
SV103,5,Averaging,mll,40.159475271430935,97.13635674174986,0.998297737706722,0.9996300692505684,0.21984606125800116,0.1,2.9635342699671843,1.5
SV103,5,Selection,mll,40.11500871195163,97.04742362279126,0.9982895682106532,0.9994777260011058,0.216329956418011,0.1,2.8966871676374324,1.5
SV103,5,Matching,mll,39.98809094754519,96.79358809397837,0.9983349598367973,0.9999257071728468,0.20586434893251712,0.1,0.8070984327425649,1.5
SV110,5,Averaging,mll,18.522988239207304,53.8633826773026,0.9999822693304383,0.999991839685344,0.20381511417238787,0.1,2.2304080539785374,1.5
SV110,5,Selection,mll,19.15130258793078,55.12001137474955,0.9996809923932242,0.9997163900960749,0.24909625965171966,0.1,0.7938666042609851,1.5
SV110,5,Matching,mll,18.65267191695628,54.12275003280055,0.9999464709521078,0.999976543286673,0.216314694352796,0.1,1.1823342514770832,1.5
SV111,5,Averaging,mll,94.32139919570241,205.46020459029282,0.977351787625931,0.999893267093921,0.29520267056927163,0.1,2.253735379879657,1.5
SV111,5,Selection,mll,94.22080870842494,205.25902361573787,0.9774732069962649,0.9998221483189647,0.29070032463685025,0.1,2.2301546119593456,1.5
SV111,5,Matching,mll,87.45933972275282,191.73608564439363,0.9456595022878883,0.8693541641919382,0.7603636063608818,0.1,1.8786269683732515,1.5
SV113,5,Averaging,mll,24.703553671319554,66.2245135415271,0.9967783050907923,0.9998837346235862,0.31398821291652607,0.1,2.914016945279474,1.5
SV113,5,Selection,mll,24.585552408882428,65.98851101665285,0.9969214454706055,0.999785468677357,0.3099737328608245,0.1,2.9622985846906413,1.5
SV113,5,Matching,mll,23.978349553892258,64.77410530667251,0.9970354659841942,0.9999344695166896,0.29549506789235935,0.1,1.7307466963134985,1.5
SV119,5,Averaging,mll,23.059729402271007,62.93686500343001,0.9999503508284184,0.9957614186606866,0.19310905751573598,0.1,2.9681412466878854,1.5
SV119,5,Selection,mll,23.148226669064627,63.11385953701725,0.9999486176888693,0.9867697443203608,0.20576750131793423,0.1,2.919771123020731,1.5
SV119,5,Matching,mll,23.198263494906385,63.213933188700764,0.9999515400787452,0.9817022438367422,0.20866536616091183,0.1,2.9887980468969713,1.5
SV201,5,Averaging,mll,22.47965951212158,61.77672522313115,0.9999369859021261,0.999719932437697,0.22245814136516903,0.1,2.9435806720509436,1.5
SV201,5,Selection,mll,22.435912761179743,61.68923172124748,0.9999452486358239,0.9995886382421327,0.21866888920220304,0.1,2.9030730272214953,1.5
SV201,5,Matching,mll,22.46241565616488,61.74223751121775,0.9999429299906712,0.9996590771371491,0.22117091703071015,0.1,2.8247686462532853,1.5
SV202,5,Averaging,mll,34.20902072456815,85.23544764802429,0.9954105009278177,0.49421365492933633,0.1155680773738216,0.1,2.3247313227575073,1.5
SV202,5,Selection,mll,34.23961816541341,85.29664252971482,0.9954103246912044,0.4415342243840874,0.14298386526372636,0.1,2.6776216697307156,1.5
SV202,5,Matching,mll,34.26342365742715,85.34425351374229,0.9954100152980381,0.07942894195478202,0.15141656531572342,0.1,2.8284260349083987,1.5
SV203,5,Averaging,mll,2.699078963478781,22.215564125845557,0.9999724449502619,0.9999999976064143,0.19947890449706324,0.1,2.8814079313568763,1.5
SV203,5,Selection,mll,2.651655542928289,22.120717284744572,0.9999883925200664,0.9999999967818508,0.19900728205057128,0.1,2.7385599257344344,1.5
SV203,5,Matching,mll,2.811387843363888,22.44018188561577,0.9999341979082916,0.9999999925418485,0.2057982822485141,0.1,1.1609864324391617,1.5
SV204,5,Averaging,mll,21.326258491488673,59.46992318186534,0.9957864751671325,0.9998565055792474,0.3358940447278159,0.1,2.6778617763039008,1.5
SV204,5,Selection,mll,20.68214665689329,58.18169951267458,0.9964776061506564,0.999849948711918,0.32616968087888537,0.1,2.9463894147701497,1.5
SV204,5,Matching,mll,21.096196078869806,59.009798356627606,0.9961219834247441,0.9998927981512877,0.3138734162351675,0.1,2.316236989028463,1.5
SV205,5,Averaging,mll,27.9991061492644,72.81561849741679,0.9983974502385338,0.8695684321703396,0.20236572551992826,0.1,2.731777199653288,1.5
SV205,5,Selection,mll,28.007540298110452,72.8324867951089,0.9984320741477097,0.8941683434829525,0.2046663607614066,0.1,2.8668199935144485,1.5
SV205,5,Matching,mll,28.067903663460243,72.95321352580848,0.9983818346018457,0.8210024725902693,0.20200321735277796,0.1,2.574775232447907,1.5
SV206,5,Averaging,mll,109.49556870116443,235.80854360121685,0.9296681994401127,0.19617613383001273,0.8571754224673253,0.1,1.2620080146568984,1.5
SV206,5,Selection,mll,110.76202111108819,238.34144842106437,0.9205859017019027,0.46681853098934406,0.8797377751362268,0.1,0.3707475013213621,1.5
SV206,5,Matching,mll,108.44726227423766,233.7119307473633,0.9375422682583678,0.37671640798246997,0.6363828679551357,0.1,0.8649220922481283,1.5
SV207,5,Averaging,mll,10.405530904729725,37.62846800834744,0.9994668043637317,0.33357258358442976,0.13698688166814435,0.1,2.411580313018322,1.5
SV207,5,Selection,mll,10.42253118274939,37.66246856438677,0.999466671312868,0.44150125444471894,0.14297236026890667,0.1,2.677800237767541,1.5
SV207,5,Matching,mll,10.446081708842808,37.70956961657361,0.9994692220880086,0.08123755993307874,0.15147101868101076,0.1,2.8222466476741817,1.5
SV208,5,Averaging,mll,16.6692189925485,50.155844183984996,0.9999523880236556,0.9999981213212411,0.21141558607442457,0.1,2.0244192167536053,1.5
SV208,5,Selection,mll,17.308242415301702,51.4338910294914,0.9997383561385986,0.9998534083264217,0.25645669872797267,0.1,2.328875166150729,1.5
SV208,5,Matching,mll,16.968843738631577,50.75509367615115,0.9999061080981533,0.9999809326297936,0.2327847251783916,0.1,2.760411872805875,1.5
SV209,5,Averaging,mll,30.774717462559543,78.36684112400708,0.9975657652791771,0.9998497919448686,0.2813325955367543,0.1,2.93834282787461,1.5
SV209,5,Selection,mll,30.67580244205076,78.16901108298951,0.9978456296168373,0.9997703817355236,0.2836439098559323,0.1,2.898859333881534,1.5
SV209,5,Matching,mll,30.13879510711675,77.09499641312149,0.9979781477209596,0.9999281987540904,0.2812382926852895,0.1,1.8447130628364363,1.5
SV210,5,Averaging,mll,21.326258491488673,59.46992318186534,0.9957864751671325,0.9998565055792474,0.3358940447278159,0.1,2.6778617763039008,1.5
SV210,5,Selection,mll,20.68214665689329,58.18169951267458,0.9964776061506564,0.999849948711918,0.32616968087888537,0.1,2.9463894147701497,1.5
SV210,5,Matching,mll,21.096196078869806,59.009798356627606,0.9961219834247441,0.9998927981512877,0.3138734162351675,0.1,2.316236989028463,1.5
SV211,5,Averaging,mll,26.298376974481975,69.41416014785194,0.9999453067132665,0.995330375747159,0.21611784534041092,0.1,2.7642689267829756,1.5
SV211,5,Selection,mll,26.256441832959556,69.3302898648071,0.9999177004220969,0.9940337117265851,0.21193608605652367,0.1,2.950329592392218,1.5
SV211,5,Matching,mll,26.179917537086688,69.17724127306137,0.9999515134829922,0.9962833781557671,0.2057814128907968,0.1,2.897674638799207,1.5
SV212,5,Averaging,mll,5.660907750170597,28.13922169922919,0.9999939480864041,0.9021048601000132,0.17008443695158978,0.1,2.9696307877685264,1.5
SV212,5,Selection,mll,5.637794078630155,28.092994356148303,0.9999998099273375,0.9652025524148512,0.15986774822405272,0.1,2.9355747757977193,1.5
SV212,5,Matching,mll,5.641420934699899,28.10024806828779,0.9999994525907306,0.9549129413979281,0.1603864299432167,0.1,1.9037646584475674,1.5
SV213,5,Averaging,mll,48.96712541838177,114.75165703565153,0.9934997928085869,0.9999943742030886,0.24327925282692656,0.1,0.9504265102131139,1.5
SV213,5,Selection,mll,48.84766414940823,114.51273449770446,0.9935382016981704,0.9999920910820661,0.23683780436846363,0.1,0.8465736778722249,1.5
SV213,5,Matching,mll,49.025533170925335,114.86847254073867,0.9934768956099854,0.9999885423802967,0.24789383253713176,0.1,0.8995619002806986,1.5
SV214,5,Averaging,mll,9.789546331201667,36.39649886129133,0.9999510380334788,0.8415780875814203,0.1841797715029868,0.1,2.855839130626498,1.5
SV214,5,Selection,mll,9.860472218433786,36.53835063575556,0.9999525117250373,0.811255070130623,0.19315293901082356,0.1,2.950428066942513,1.5
SV214,5,Matching,mll,9.732498856453951,36.282403911795896,0.9999448829788774,0.9236123187569344,0.16760666986662176,0.1,2.804334150239008,1.5
SV215,5,Averaging,mll,73.03574585957446,162.88889791803692,0.9907892810087444,0.9999805524599938,0.22118466039488488,0.1,0.8420201276668127,1.5
SV215,5,Selection,mll,73.03888203795546,162.89517027479891,0.9907748376225333,0.9999640867220748,0.22106407116723492,0.1,0.7752351575480209,1.5
SV215,5,Matching,mll,73.1012451182441,163.01989643537618,0.9908762181393946,0.9999684078722373,0.2253190894288442,0.1,0.6675802980337331,1.5
SV216,5,Averaging,mll,24.079913031343096,64.97723226157419,0.9999463833170873,0.9983644918556288,0.21773845590267774,0.1,2.9301440184113825,1.5
SV216,5,Selection,mll,24.06912247738254,64.95565115365306,0.9999331107651414,0.9977467763768865,0.2151938993168895,0.1,2.853048895862431,1.5
SV216,5,Matching,mll,24.027242366152294,64.87189093119258,0.999966387303576,0.9984348803823767,0.21235046016356504,0.1,2.9575310230017138,1.5
LV001,10,Averaging,mll,268.9671609309132,554.7517280607144,0.4105679589474003,0.25868550320776557,0.14444376681810045,0.1,2.366334838873237,1.5
LV001,10,Selection,mll,268.9706466552474,554.7586995093827,0.41072897172108835,0.4138818604797757,0.14892252765476086,0.1,2.3834568334614925,1.5
LV001,10,Matching,mll,268.9501198648321,554.7176459285522,0.4104469733679309,0.03744295436958728,0.1000000337737794,0.1,2.5028022367793623,1.5
LV002,10,Averaging,mll,267.52813709048166,551.8736803798513,0.7944049620851824,0.9999967471478934,0.4821947706406923,0.1,2.9752145304934587,1.5
LV002,10,Selection,mll,267.17377452938604,551.16495525766,0.7838932784798444,0.999865493619912,0.38617267927972254,0.1,2.8362786891081604,1.5
LV002,10,Matching,mll,267.4286730915424,551.6747523819728,0.7806434825843525,0.9998929164607652,0.36200895371750147,0.1,2.8389597606141774,1.5
LV003,10,Averaging,mll,77.31257403722445,171.4425542733369,0.9742454374707445,0.9999989300490243,0.25379816414986506,0.1,0.6848974078119725,1.5
LV003,10,Selection,mll,76.86425403750397,170.54591427389593,0.9725774745359695,0.9999999456698873,0.21009181846179628,0.1,0.7175075127554419,1.5
LV003,10,Matching,mll,77.23552879021187,171.28846377931174,0.9739590880604831,0.9999996316147647,0.24461673480709095,0.1,0.980854672270134,1.5
LV005,10,Averaging,mll,130.46208779668598,277.7415817922599,0.9264804560658519,0.9999792134713718,0.21849865073464492,0.1,1.888915277148995,1.5
LV005,10,Selection,mll,130.53699357035316,277.8913933395943,0.9270364920951066,0.9999547480449502,0.2264374628500249,0.1,0.7458456546100946,1.5
LV005,10,Matching,mll,130.54262274154303,277.902651681974,0.9271309963168038,0.9999657801718521,0.2273463275678774,0.1,0.7221161047530189,1.5
LV007,10,Averaging,mll,43.87560838010803,104.56862295910405,0.9982788980763396,0.9995071049562877,0.22074415745483494,0.1,2.918884096962922,1.5
LV007,10,Selection,mll,43.84843271997192,104.51427163883183,0.9982824638512674,0.9992680530873175,0.2185183031184501,0.1,2.950766547403182,1.5
LV007,10,Matching,mll,43.831461294546926,104.48032878798185,0.9982840217553132,0.9994273667713939,0.21764490405603845,0.1,2.9723823399404976,1.5
LV008,10,Averaging,mll,267.2154463771768,551.2482989532416,0.653023830954939,0.6467753127842062,0.23191522810075413,0.1,1.1913139319502368,1.5
LV008,10,Selection,mll,267.2200789455916,551.2575640900711,0.6518991500206551,0.8541607483491414,0.22403003569254012,0.1,1.1874121680476561,1.5
LV008,10,Matching,mll,267.2243015097411,551.2660092183702,0.6498347328560279,0.6700797109429006,0.20932337761125155,0.1,2.751983969805522,1.5
LV009,10,Averaging,mll,100.61119212991943,218.03979045872686,0.9458913137058956,0.9208358209675879,0.15015072406984828,0.1,1.5877108451506792,1.5
LV009,10,Selection,mll,100.62026196369843,218.05793012628484,0.9459064469594649,0.8819264245708401,0.15475021123362634,0.1,2.4348487112720654,1.5
LV009,10,Matching,mll,100.75884151700517,218.33508923289833,0.9463178175247846,0.2091451143217855,0.18579455278707113,0.1,2.3113464888926476,1.5
LV011,10,Averaging,mll,218.11554545221398,453.048497103316,0.7668751871284003,0.0231187200085872,2.2692869312447375,0.1,1.9524201598167212,1.5
LV011,10,Selection,mll,217.09897656303679,451.01535932496154,0.7746428070070803,0.2926488451867593,2.746969347925704,0.1,2.747733638020367,1.5
LV011,10,Matching,mll,216.87246106338455,450.56232832565706,0.7764650498321042,0.020577602280762896,2.9932686406474174,0.1,1.3345533009907937,1.5
LV012,10,Averaging,mll,277.04036048758775,570.8981271740635,0.638856392056002,0.9997199664179274,0.23764808408198068,0.1,0.859620009472315,1.5
LV012,10,Selection,mll,277.04036091368357,570.8981280262551,0.6388563990416307,0.9995468961462152,0.23755657564049473,0.1,0.8116798635197187,1.5
LV012,10,Matching,mll,277.04737608774764,570.9121583743832,0.6388940725362736,0.9996638847026911,0.23798591412364736,0.1,0.8818655155484538,1.5
LV013,10,Averaging,mll,301.63176888822517,620.0809439753383,0.6300272006318507,0.6642535758068037,0.22815148656003104,0.1,1.4873153393176397,1.5
LV013,10,Selection,mll,301.6803898372366,620.1781858733611,0.6299473047273847,0.8506789338846127,0.22779206124469153,0.1,1.1167181186211332,1.5
LV013,10,Matching,mll,301.65615606746144,620.1297183338108,0.6270252208822851,0.7114489429779618,0.20739616095802998,0.1,2.838440706267288,1.5
LV015,10,Averaging,mll,47.842338916079285,112.50208403104656,0.992780157715308,0.2952500129981384,0.1433914461490737,0.1,2.958183017441074,1.5
LV015,10,Selection,mll,47.81531284246891,112.44803188382582,0.9927782850499134,0.4381711373774601,0.10000025391843097,0.1,2.0469559909194843,1.5
LV015,10,Matching,mll,47.87260490478559,112.56261600845917,0.9927837635922906,0.08110599792665515,0.1514600611466127,0.1,2.8222466789405694,1.5
LV016,10,Averaging,mll,245.15583457142264,507.12907534173326,0.6856403622190503,0.60064894796381,0.10884678060906056,0.1,2.519396090625486,1.5
LV016,10,Selection,mll,245.18677191584817,507.1909500305843,0.6856751125424738,0.46167459952619316,0.14427223158927374,0.1,2.704270203544352,1.5
LV016,10,Matching,mll,245.15923360723102,507.13587341335005,0.6856403583380691,0.03345317222199617,0.12189052081676859,0.1,0.5399818684256082,1.5
LV017,10,Averaging,mll,0.18479284046498906,17.186991879817974,0.9999999962500002,0.4942136549301215,0.11556807737379193,0.1,2.3247313227578275,1.5
LV017,10,Selection,mll,0.18819187627352235,17.19378995143504,0.9999999925000003,0.4049718357222436,0.13020795285113101,0.1,2.875646721932254,1.5
LV017,10,Matching,mll,0.23919577332399472,17.295797745535985,0.9999995312500013,0.07942894195476373,0.15141656531572903,0.1,2.828426034908381,1.5
LV018,10,Averaging,mll,17.826035187033934,52.46947657295586,0.9999592032336816,0.9999901858085786,0.2160243358176207,0.1,0.7668045846858348,1.5
LV018,10,Selection,mll,18.130328702191115,53.07806360327022,0.9997813095558993,0.9998906154002437,0.23682022727864152,0.1,0.6629228771535017,1.5
LV018,10,Matching,mll,17.651358260084336,52.12012271905667,0.9999903623944632,0.9999930252915988,0.1979600640218751,0.1,2.838385850653437,1.5
LV019,10,Averaging,mll,28.237834902731837,73.29307600435166,0.9982770656730374,0.999999995090178,0.20717772072999052,0.1,1.1176729031360042,1.5
LV019,10,Selection,mll,28.16304648461465,73.1434991681173,0.9982651511545729,0.9999999929672819,0.19710619360881357,0.1,1.785553287572112,1.5
LV019,10,Matching,mll,28.165587851911305,73.1485819027106,0.9982680390021313,0.9999999926204439,0.19867384108441943,0.1,2.485957507178175,1.5
LV020,10,Averaging,mll,178.3941575395133,373.60572127791454,0.8558788085410264,0.9740411028734743,0.3173851528937766,0.1,2.5925273695080273,1.5
LV020,10,Selection,mll,166.76167179710527,350.34074979309855,0.9194698628067154,0.9998261243535076,0.33250388913413387,0.1,2.4916459067185253,1.5
LV020,10,Matching,mll,149.8795434191194,316.57649303712674,0.8900871857149028,0.881936550970894,0.8655938096572592,0.1,0.12247405385483755,1.5
LV021,10,Averaging,mll,27.53057310663514,71.87855241215827,0.9971512485524148,0.2932181171414752,0.19485418737797355,0.1,2.8075418661469427,1.5
LV021,10,Selection,mll,27.528909061827207,71.87522432254241,0.9971439916835717,0.5812013087847006,0.19306552906727045,0.1,2.9311730298447265,1.5
LV021,10,Matching,mll,27.34916218675775,71.5157305724035,0.9970379042852979,0.8585093234979331,0.1599966932483204,0.1,2.794235539329411,1.5
LV022,10,Averaging,mll,126.07103697646727,268.9594801518225,0.9115385443806396,0.9321035918272967,0.10699691993696936,0.1,0.4338096293285486,1.5
LV022,10,Selection,mll,126.07966202983138,268.9767302585508,0.9115576587752814,0.4191030229468097,0.13483851069421554,0.1,2.8623007642783684,1.5
LV022,10,Matching,mll,126.07443601227577,268.96627822343953,0.9115385402451155,0.04864746237925205,0.12377380102404821,0.1,0.5011012121132595,1.5
LV023,10,Averaging,mll,323.08180808846265,662.9810223758133,0.7198625645348289,0.6317260821191062,2.9894047271325324,0.1,1.9742581915909019,1.5
LV023,10,Selection,mll,323.13025369593396,663.0779135907559,0.7187604564119201,0.5128914709898049,2.997363769334605,0.1,1.9079973961987915,1.5
LV023,10,Matching,mll,322.3202525211073,661.4579112411026,0.7231198502748089,0.6291952114274636,2.8237650540837143,0.1,0.7361596392770537,1.5
LV024,10,Averaging,mll,306.8826433019657,630.5826928028193,0.7396656893725765,0.37879250576277684,2.984902029566633,0.1,1.5135981054837193,1.5
LV024,10,Selection,mll,313.2018599332712,643.2211260654303,0.6866822092556184,0.1591528900511207,2.458310632870331,0.1,0.10310664114494833,1.5
LV024,10,Matching,mll,305.94367510491315,628.7047564087143,0.7467094920895061,0.45015453879509654,2.9433698807535214,0.1,0.7278821917898759,1.5
LV025,10,Averaging,mll,163.62615618105903,344.0697185610061,0.8577484230642387,0.27529022362737277,0.20063695595343334,0.1,2.698204012199916,1.5
LV025,10,Selection,mll,163.48556314392332,343.78853248673465,0.8565172115111285,0.9570669506880801,0.1527437983945591,0.1,2.540178053830801,1.5
LV025,10,Matching,mll,163.52361333513596,343.8646328691599,0.8568090236573369,0.8662086572931111,0.1750266435661003,0.1,0.9046855759079511,1.5
SV103,10,Averaging,mll,94.56326046943197,205.94392713775193,0.9719301173109632,0.9996150474913339,0.22084657203343638,0.1,2.9710876788590888,1.5
SV103,10,Selection,mll,94.50995665537802,205.83731950964403,0.9719104770719333,0.999513565184058,0.21636708577831099,0.1,2.7196971914519765,1.5
SV103,10,Matching,mll,94.56079442311466,205.9389950451173,0.9719245633609135,0.9994490837999186,0.22116896541257822,0.1,2.896647720952343,1.5
SV110,10,Averaging,mll,21.2216364636236,59.260679126135194,0.9999266013014513,0.9998269297282878,0.22462695200491187,0.1,2.9799108462159123,1.5
SV110,10,Selection,mll,21.176803535356814,59.17101326960162,0.999940398439119,0.9997343593454082,0.2217337876918156,0.1,2.906872986263815,1.5
SV110,10,Matching,mll,21.16986325767343,59.157132714234855,0.9999433506118119,0.9998268217217222,0.221195620965578,0.1,2.8986265881011923,1.5
SV111,10,Averaging,mll,93.86278571909273,204.54297763707345,0.9119451304936523,0.8111545365728077,1.3144193260694716,0.1,2.301272177887857,1.5
SV111,10,Selection,mll,105.5824502902978,227.9823067794836,0.9680764345524423,0.9998241120000773,0.3219000392137728,0.1,2.453494997441817,1.5
SV111,10,Matching,mll,91.36250532677906,199.5424168524461,0.926929897811342,0.8456229576286936,0.9165157614883079,0.1,1.9722858845841194,1.5
SV113,10,Averaging,mll,9.541118037860405,35.89964227460881,0.9998001656638856,0.999999997043414,0.20440817051023363,0.1,2.8159071476919713,1.5
SV113,10,Selection,mll,9.48571641305112,35.78883902499024,0.9998018550043345,0.9999999969743478,0.20034709326110095,0.1,2.66988925977962,1.5
SV113,10,Matching,mll,9.520805946201088,35.85901809129017,0.9998065576522545,0.9999999970823489,0.204561097965675,0.1,2.616573709525527,1.5
SV119,10,Averaging,mll,17.295730093201,51.40886638529,0.999959159851537,0.9549152962535392,0.21605702944533675,0.1,2.8758985416921545,1.5
SV119,10,Selection,mll,17.237331959841974,51.29207011857194,0.9999731329964744,0.9637065012716727,0.210746667366547,0.1,2.962346433645961,1.5
SV119,10,Matching,mll,17.187414063236766,51.192234325361525,0.999964267984652,0.9630660569764361,0.20493870827074018,0.1,2.985427267923693,1.5
SV201,10,Averaging,mll,22.47965951212158,61.77672522313115,0.9999369859021261,0.999719932437697,0.22245814136516903,0.1,2.9435806720509436,1.5
SV201,10,Selection,mll,22.435912761179743,61.68923172124748,0.9999452486358239,0.9995886382421327,0.21866888920220304,0.1,2.9030730272214953,1.5
SV201,10,Matching,mll,22.46241565616488,61.74223751121775,0.9999429299906712,0.9996590771371491,0.22117091703071015,0.1,2.8247686462532853,1.5
SV202,10,Averaging,mll,24.015264546301594,64.84793529149118,0.9982471402824656,0.33296100876631785,0.1370858459333609,0.1,2.409350079677387,1.5
SV202,10,Selection,mll,24.032264824321263,64.88193584753051,0.9982470048177132,0.4415123102169275,0.14297721872690655,0.1,2.6777403587511777,1.5
SV202,10,Matching,mll,24.05930073463583,64.93600766815965,0.9982485994313773,0.06552891122778277,0.1497813686794567,0.1,2.8669080859615788,1.5
SV203,10,Averaging,mll,1.822246956727556,20.461900112343105,0.9999598593207863,0.9999999971678022,0.21032153232254894,0.1,2.898868408580713,1.5
SV203,10,Selection,mll,1.7469971174826628,20.31140043385332,0.9999744733583632,0.9999999968224581,0.20558451011244283,0.1,2.423764715849898,1.5
SV203,10,Matching,mll,1.7518369892152759,20.321080177318546,0.9999733006269527,0.9999999975730266,0.20508071726671168,0.1,2.8644791769914373,1.5
SV204,10,Averaging,mll,55.350486375591835,127.51837895007166,0.9832005747070447,0.9998565055792474,0.3358940447278092,0.1,2.677861776303905,1.5
SV204,10,Selection,mll,54.70637454099646,126.23015528088091,0.9839174754631286,0.999849948711918,0.32616968087892895,0.1,2.946389414770155,1.5
SV204,10,Matching,mll,55.12770561328942,127.07281742546684,0.9835379975553076,0.999896228524112,0.31236337578293755,0.1,2.302671970616684,1.5
SV205,10,Averaging,mll,13.668173853677464,44.153753906242926,0.9999480254434001,0.9065283627253475,0.20927878987304455,0.1,2.9236972416272695,1.5
SV205,10,Selection,mll,13.54578895765701,43.90898411420201,0.9999713385328743,0.963508827574218,0.1936295233073082,0.1,2.9698881679173286,1.5
SV205,10,Matching,mll,13.653621887598481,44.12464997408496,0.9999827776559288,0.9114117857748187,0.2055076839374889,0.1,2.959692257697868,1.5
SV206,10,Averaging,mll,131.86977703120584,280.55696026129965,0.8916270435330376,0.10652310352140137,1.2086865550398858,0.1,1.7629287447482345,1.5
SV206,10,Selection,mll,131.89589676176746,280.6091997224229,0.8916349548557725,0.48521761701049954,1.213900108222062,0.1,0.8466667708750603,1.5
SV206,10,Matching,mll,136.49233870857387,289.8020836160357,0.8870328631434018,0.48668042778837534,0.45697856362265465,0.1,0.10261951096019524,1.5
SV207,10,Averaging,mll,6.768348042869546,30.354102284627086,0.9999420537477793,0.9709246075616533,0.15125759795257201,0.1,1.7709691386388335,1.5
SV207,10,Selection,mll,6.779308677466105,30.376023553820204,0.9999423860360432,0.9399322716508761,0.15427422236445718,0.1,2.851650557310682,1.5
SV207,10,Matching,mll,6.815619241508886,30.448644681905765,0.9999452406227238,0.8491151192219134,0.1675769165924873,0.1,1.5455249211549753,1.5
SV208,10,Averaging,mll,70.61115007560815,158.0397063501043,0.991104394472028,0.9998657065552038,0.26884389728192387,0.1,2.2393390080718873,1.5
SV208,10,Selection,mll,70.51126651755561,157.83993923399922,0.9913849275713903,0.9997954449880725,0.26878506708007144,0.1,2.3712585439444642,1.5
SV208,10,Matching,mll,69.96619209805556,156.7497903949991,0.9914105205523065,0.9999313519236006,0.2617013925924135,0.1,1.5733290668103967,1.5
SV209,10,Averaging,mll,25.3809753373866,67.5793568736612,0.9973055783356946,0.9998769132221752,0.30898934231840536,0.1,2.9707123083140345,1.5
SV209,10,Selection,mll,25.198569722900146,67.21454564468829,0.9974852849947434,0.9997825083809285,0.2980372019983052,0.1,2.89886351354633,1.5
SV209,10,Matching,mll,24.635293742971506,66.087993684831,0.9976130332207974,0.9999336869598897,0.291387645398151,0.1,1.7161729549053852,1.5
SV210,10,Averaging,mll,4.3141445494370965,25.445695297762185,0.9973439012500241,0.9998565055792474,0.3358940447278112,0.1,2.677861776303902,1.5
SV210,10,Selection,mll,3.6700327148417156,24.157471628571425,0.9980198462500234,0.999849948711918,0.3261696808789311,0.1,2.9463894147701515,1.5
SV210,10,Matching,mll,4.08408213681823,24.985570472524454,0.9976720375000222,0.9998927981512877,0.31387341623516607,0.1,2.3162369890284635,1.5
SV211,10,Averaging,mll,22.900244087225616,62.617894373339226,0.9999580825901625,0.9951712804757694,0.21622791310688838,0.1,2.8585279499789507,1.5
SV211,10,Selection,mll,22.81792117839991,62.453248555687814,0.9999762345778783,0.9956567909931313,0.20875862469275408,0.1,2.837257946706179,1.5
SV211,10,Matching,mll,22.768541865669462,62.35448993022692,0.9999544505491592,0.9968116174159715,0.201547265315425,0.1,2.861458864025527,1.5
SV212,10,Averaging,mll,9.296177139786703,35.4097604784614,0.9999965695034899,0.9617946139977392,0.17845664443442047,0.1,2.971448562474539,1.5
SV212,10,Selection,mll,9.408284683345412,35.63397556557882,0.9999657758883471,0.8918756608180899,0.1935855777180142,0.1,2.961952415186272,1.5
SV212,10,Matching,mll,9.514256418720617,35.84591903632923,0.9999820582337451,0.7615870013669693,0.20241478425672105,0.1,2.8383968196357525,1.5
SV213,10,Averaging,mll,12.107715311280671,41.03283682144934,0.9997455899094542,0.9999860887705264,0.2538717874419291,0.1,0.7593496172326538,1.5
SV213,10,Selection,mll,11.762351111077704,40.342108421043406,0.9998132897800863,0.9999859538280217,0.22545033397411282,0.1,2.854115605670922,1.5
SV213,10,Matching,mll,12.069364991801587,40.956136182491164,0.9997670245795702,0.9999834926632128,0.2505001828784071,0.1,1.0336131089667784,1.5
SV214,10,Averaging,mll,5.8696649833229975,28.55673616553399,0.999984166947162,0.5349994343588765,0.20356950092893847,0.1,2.738499023372937,1.5
SV214,10,Selection,mll,5.637794078630168,28.09299435614833,0.9999998099273375,0.965202552414965,0.15986774822392102,0.1,2.9355747757977255,1.5
SV214,10,Matching,mll,5.641420934699911,28.10024806828782,0.9999994525907305,0.9549129413979515,0.16038642994312105,0.1,1.903764658447495,1.5
SV215,10,Averaging,mll,55.81275773061379,128.4429216601156,0.9962788029215475,0.9999842612379197,0.21935965458342416,0.1,0.7853086901845738,1.5
SV215,10,Selection,mll,55.771444764885786,128.36029572865957,0.9962492971364987,0.9999536971958777,0.21521595074589478,0.1,2.438170173664278,1.5
SV215,10,Matching,mll,55.92802925424166,128.6734647073713,0.9963491386978107,0.9999647073965923,0.2273619129302049,0.1,0.7599248654238063,1.5
SV216,10,Averaging,mll,27.42521453084451,71.66783526057702,0.9999418720935259,0.9991222264908205,0.21830884415978158,0.1,2.9222899704511653,1.5
SV216,10,Selection,mll,27.394682739755186,71.60677167839836,0.9999451018835234,0.9988189777429851,0.21619669772214453,0.1,2.733934712728144,1.5
SV216,10,Matching,mll,27.391301459670615,71.60000911822922,0.9999450062784142,0.9989526119408212,0.21578562452015929,0.1,2.9001189429321204,1.5
LV001,15,Averaging,mll,285.9792748729622,588.7759559448124,0.3946046593520648,0.25868550320741635,0.14444376681808982,0.1,2.3663348388733563,1.5
LV001,15,Selection,mll,285.98276059729614,588.7829273934802,0.39476958966913,0.4138818604801515,0.14892252765465022,0.1,2.383456833461182,1.5
LV001,15,Matching,mll,285.9622338068822,588.7418738126523,0.3944807301163461,0.03744295436922661,0.1000000337737794,0.1,2.502802236777031,1.5
LV002,15,Averaging,mll,229.4484752939249,475.71435678673777,0.782865258616318,0.9929591869365135,0.23900166744842152,0.1,0.10008267065370752,1.5
LV002,15,Selection,mll,228.58306591627945,473.98353803144687,0.7898763553905579,0.9999999994903136,0.2925422939874974,0.1,2.9999368236132966,1.5
LV002,15,Matching,mll,229.91207027057416,476.64154674003635,0.8061665396402585,0.9998272021892577,0.4111121423394845,0.1,2.7381692073361656,1.5
LV003,15,Averaging,mll,108.06350065719636,232.9444075132807,0.9447834596306196,0.9999995134168171,0.2473086314378761,0.1,1.2073752834680798,1.5
LV003,15,Selection,mll,108.1015847556549,233.0205757101978,0.9450138209016775,0.999998348251902,0.25208291119298787,0.1,1.0626125296122388,1.5
LV003,15,Matching,mll,108.04327076411737,232.90394772712273,0.944644774983449,0.9999993866074259,0.24513363223935758,0.1,0.7198406803892358,1.5
LV005,15,Averaging,mll,120.07832529200478,256.97405678289755,0.9428061733015881,0.999827110254038,0.22213314922045585,0.1,2.952677294213501,1.5
LV005,15,Selection,mll,120.03007677494395,256.87755974877587,0.9424695761399215,0.999803328470522,0.21519094976154454,0.1,2.865456716136359,1.5
LV005,15,Matching,mll,120.0602814704973,256.9379691398826,0.9424850785915148,0.9997983169009946,0.2177082867528821,0.1,2.9776828558057526,1.5
LV007,15,Averaging,mll,62.33441341319187,141.48623302527173,0.9928954499003387,0.9996533281610824,0.22134843459191822,0.1,2.9682198902412686,1.5
LV007,15,Selection,mll,62.281684291520804,141.3807747819296,0.9930264575766538,0.9995514255680136,0.21867236149296684,0.1,2.9764212057725263,1.5
LV007,15,Matching,mll,50.28967677967373,117.39675975823545,0.9802064760767506,0.7375351028487087,0.4964395836758605,0.1,1.4219677786983038,1.5
LV008,15,Averaging,mll,272.40241358398987,561.6222333668677,0.6251123387380222,0.10450643774042465,0.14701444473831451,0.1,2.938293492919271,1.5
LV008,15,Selection,mll,272.40921403510623,561.6358342691004,0.6250747974880284,0.31161608084068315,0.1466605997599672,0.1,2.7197144012724404,1.5
LV008,15,Matching,mll,272.4330242890443,561.6834547769765,0.625111877488036,0.04051812850256638,0.15242832578745438,0.1,2.9434336008625195,1.5
LV009,15,Averaging,mll,125.47252790757106,267.7624620140301,0.9208583809638959,0.5485322109498296,0.20720303909327825,0.1,2.8470348229687756,1.5
LV009,15,Selection,mll,125.38739959028044,267.59220537944884,0.9201952366252804,0.8658969408545822,0.18812918387680144,0.1,2.475674216790053,1.5
LV009,15,Matching,mll,125.32119243773157,267.45979107435113,0.9197589848298917,0.9198666218669196,0.16793791173360165,0.1,2.776728758402713,1.5
LV011,15,Averaging,mll,236.81728366085946,490.4519735206069,0.7939968337824841,0.15062319853421893,2.9730065042215563,0.1,2.2858561339099226,1.5
LV011,15,Selection,mll,236.8456320097861,490.5086702184602,0.793663025814029,0.23869330877516043,2.987935121049702,0.1,2.996909081924312,1.5
LV011,15,Matching,mll,247.03653161501921,510.8904694289264,0.7285803490112212,0.538435726694836,0.8469377941693824,0.1,0.3647582979041119,1.5
LV012,15,Averaging,mll,266.0195370852336,548.8564803693552,0.5125042898946226,0.9985951589273873,2.4292385324925396,0.1,2.9583841408749527,1.5
LV012,15,Selection,mll,265.7592855970886,548.3359773930651,0.4747084267006014,0.9999224156962568,0.521847622749395,0.1,2.9999461695679734,1.5
LV012,15,Matching,mll,265.72166715863773,548.2607405161634,0.47549330389654054,0.9999959736578239,0.5266750506835941,0.1,0.7845660924432469,1.5
LV013,15,Averaging,mll,288.460954780275,593.739315759438,0.6117671834107614,0.9953533310466995,0.23753512683661424,0.1,0.8218950960348863,1.5
LV013,15,Selection,mll,288.4643541559246,593.7461145107371,0.611767170922688,0.994232904195029,0.2374685535888173,0.1,0.8238007964442063,1.5
LV013,15,Matching,mll,288.47760896890844,593.7726241367048,0.6116108909816647,0.9945037539791399,0.23682860291578858,0.1,0.8712196870928574,1.5
LV015,15,Averaging,mll,35.58000126257561,87.97740872403921,0.9969595804281364,0.20013447175142315,0.17386910536439512,0.1,1.8720526517070069,1.5
LV015,15,Selection,mll,35.56345773468251,87.94432166825301,0.9969558961922808,0.575809632306157,0.16990129798722772,0.1,2.666931084095144,1.5
LV015,15,Matching,mll,35.508255594102835,87.83391738709366,0.9969352416661856,0.6929587530508187,0.15004651956728007,0.1,2.5064763809235013,1.5
LV016,15,Averaging,mll,285.9792748729622,588.7759559448124,0.3946046593520648,0.25868550320741635,0.14444376681808982,0.1,2.3663348388733563,1.5
LV016,15,Selection,mll,285.98276059729614,588.7829273934802,0.39476958966913,0.4138818604801515,0.14892252765465022,0.1,2.383456833461182,1.5
LV016,15,Matching,mll,285.9622338068822,588.7418738126523,0.3944807301163461,0.03744295436922661,0.1000000337737794,0.1,2.502802236777031,1.5
LV017,15,Averaging,mll,0.18479284046498906,17.186991879817974,0.9999999962500002,0.4942136549301215,0.11556807737379193,0.1,2.3247313227578275,1.5
LV017,15,Selection,mll,0.18819187627352235,17.19378995143504,0.9999999925000003,0.4049718357222436,0.13020795285113101,0.1,2.875646721932254,1.5
LV017,15,Matching,mll,0.23919577332399472,17.295797745535985,0.9999995312500013,0.07942894195476373,0.15141656531572903,0.1,2.828426034908381,1.5
LV018,15,Averaging,mll,18.51392944806758,53.84526509502315,0.9998201465605873,0.9999327587346689,0.22379520138493536,0.1,0.3107634048854985,1.5
LV018,15,Selection,mll,18.821715765525525,54.460837729939044,0.9997916543315609,0.9998150407296286,0.24604546570533012,0.1,0.6499771867046534,1.5
LV018,15,Matching,mll,18.255996520021533,53.32939923893106,0.9999839398147937,0.9999936771776728,0.20394001979866544,0.1,0.7846292459957683,1.5
LV019,15,Averaging,mll,61.22857225676098,139.27455071240996,0.9884540649655857,0.9997624902831708,0.3050932152284395,0.1,0.37656232760647057,1.5
LV019,15,Selection,mll,59.94145941508399,136.700325029056,0.9859470787395889,0.9999998934897241,0.19257943215640969,0.1,2.204088480625612,1.5
LV019,15,Matching,mll,60.02096600725579,136.85933821339955,0.9862059466292908,0.9999995321742259,0.20926035902670315,0.1,2.6732889769006074,1.5
LV020,15,Averaging,mll,72.03000976851094,160.87742573590987,0.9328764005357187,0.7713326624816295,1.329750203651371,0.1,1.2141959809895326,1.5
LV020,15,Selection,mll,87.04073045620294,190.89886711129387,0.9722316127854393,0.9935947573829441,0.3482017565335018,0.1,2.5515547627687014,1.5
LV020,15,Matching,mll,67.26608947955383,151.34958515799565,0.9563275532673479,0.8797592651632806,0.7647649040259662,0.1,0.13815147472186012,1.5
LV021,15,Averaging,mll,109.07455961864129,234.96652543617057,0.93408237225205,0.31954323569166937,0.13812548437680125,0.1,2.3986445557928557,1.5
LV021,15,Selection,mll,109.06776052743275,234.9529272537535,0.9340824052190829,0.41990621442451265,0.1346595836063974,0.1,2.8593192254991298,1.5
LV021,15,Matching,mll,109.06232207013913,234.94205033916626,0.9340659299443568,0.24810220467725438,0.11196624845593237,0.1,1.7536606800324397,1.5
LV022,15,Averaging,mll,166.9035094734034,350.6244251456948,0.8455716786636653,0.92920443042113,0.11355787791329913,0.1,2.597296964726122,1.5
LV022,15,Selection,mll,166.90822563558768,350.6338574700634,0.8455968832174048,0.2670323651950144,0.13427130198856868,0.1,2.885214252124241,1.5
LV022,15,Matching,mll,166.90350947340332,350.62442514569466,0.8455716786636663,0.053173128155619497,0.12439903335775102,0.1,0.4975698063091672,1.5
LV023,15,Averaging,mll,255.735852859751,528.28911191839,0.7683538705899984,0.9999411996274729,0.2606118231383645,0.1,1.2697688460241265,1.5
LV023,15,Selection,mll,255.6942276708685,528.2058615406249,0.7670794178055436,0.9999355786525035,0.24945521528478068,0.1,1.2447845222797802,1.5
LV023,15,Matching,mll,255.73636517416242,528.2901365472128,0.7681770809177416,0.9999393804372295,0.25932296065258215,0.1,0.8330799860487559,1.5
LV024,15,Averaging,mll,291.1974188577195,599.212243914327,0.7774229891236388,0.5792405488595513,2.875658923984424,0.1,2.0968158144371998,1.5
LV024,15,Selection,mll,291.95552784878106,600.7284618964501,0.7725523190101828,0.43575102211953337,1.855138281645912,0.1,2.9203384129408434,1.5
LV024,15,Matching,mll,290.3792792872703,597.5759647734286,0.7833668760962302,0.6021985603404733,1.9842375676963016,0.1,0.5606499020718355,1.5
LV025,15,Averaging,mll,188.27502016042953,393.3674465197471,0.8135391442698068,0.3586366870623827,0.2031279940195624,0.1,2.5768952477813367,1.5
LV025,15,Selection,mll,188.22088297352136,393.25917214593073,0.8128274793443183,0.7514306013535884,0.18895314445351258,0.1,2.8504023269093586,1.5
LV025,15,Matching,mll,188.355356882832,393.52811996455205,0.8135335084367257,0.37292532536306777,0.20370101346668648,0.1,2.740544187472827,1.5
SV103,15,Averaging,mll,54.20208892815334,125.22158405519467,0.9974097947804,0.9968915105644345,0.21632448095946888,0.1,2.988199567739458,1.5
SV103,15,Selection,mll,54.13394781622813,125.08530183134425,0.9973779561646163,0.9968942770594555,0.21015518586932264,0.1,2.955462044794237,1.5
SV103,15,Matching,mll,54.17290241761024,125.16321103410847,0.9973963782113752,0.9964384041703327,0.21304800598677487,0.1,2.9676464392763315,1.5
SV110,15,Averaging,mll,24.429764431512282,65.67693506191256,0.9999216989482137,0.9998269297282878,0.22606564341036536,0.1,2.8982734586663743,1.5
SV110,15,Selection,mll,24.32612903532303,65.46966426953406,0.999763061479247,0.9997765779414182,0.21634306259024963,0.1,2.9617128489570748,1.5
SV110,15,Matching,mll,24.35975482100139,65.53691584089077,0.9998947763823712,0.9998269297282878,0.22066855550310813,0.1,2.838459921336802,1.5
SV111,15,Averaging,mll,88.13035564660234,193.07811749209267,0.9883220844905173,0.9998355184934069,0.2693709718427031,0.1,2.873052774106321,1.5
SV111,15,Selection,mll,87.9903032539234,192.7980127067348,0.9886732968247116,0.9998263254280777,0.26823797044886694,0.1,1.94441770715009,1.5
SV111,15,Matching,mll,87.46708455131579,191.75157530151958,0.9888233514672303,0.9999340540572608,0.2682857575873434,0.1,1.5455580433608003,1.5
SV113,15,Averaging,mll,46.33316429328154,109.48373478545108,0.9934324004885097,0.999997670713663,0.24459502328939178,0.1,0.6248745791289437,1.5
SV113,15,Selection,mll,45.86641976316386,108.55024572521572,0.9927340848832639,0.9999998194870906,0.20467587605084106,0.1,0.9141746761373473,1.5
SV113,15,Matching,mll,46.022341268066974,108.86208873502194,0.9929979548121071,0.9999994315921757,0.22113171828940176,0.1,1.2823710853341197,1.5
SV119,15,Averaging,mll,56.09332680804202,129.00405981497204,0.9962450266412423,0.9698167983978414,0.21610632007256608,0.1,2.922707731979302,1.5
SV119,15,Selection,mll,55.99536373784893,128.80813367458586,0.9961658710242159,0.9801626531056756,0.20631220600388703,0.1,2.981562463541158,1.5
SV119,15,Matching,mll,56.06747427922181,128.95235475733162,0.9961876400431504,0.9658430421751327,0.21182987242533594,0.1,2.9236079243381914,1.5
SV201,15,Averaging,mll,25.41744191936884,67.65229003762568,0.9999392019849836,0.9997935784885962,0.22105720987257294,0.1,2.98542680165396,1.5
SV201,15,Selection,mll,25.42085075635955,67.65910771160709,0.9999391650232077,0.9996381436339069,0.22051754327230597,0.1,2.9380559114060127,1.5
SV201,15,Matching,mll,25.36314737091209,67.54370094071217,0.9999457606468298,0.9998080796949683,0.21592382547417857,0.1,2.9624777429201234,1.5
SV202,15,Averaging,mll,7.003150604250008,30.82370740738801,0.9997643674209447,0.3329610087663203,0.1370858459333579,0.1,2.409350079677393,1.5
SV202,15,Selection,mll,7.0201508822696725,30.857707963427337,0.999764234960171,0.4415123102169298,0.1429772187269073,0.1,2.6777403587511714,1.5
SV202,15,Matching,mll,7.047186792584233,30.91177978405646,0.9997657942127145,0.06552891122796756,0.14978136867947692,0.1,2.866908085961086,1.5
SV203,15,Averaging,mll,4.3141445494370965,25.445695297762185,0.9973439012500241,0.9998565055792474,0.3358940447278112,0.1,2.677861776303902,1.5
SV203,15,Selection,mll,3.6700327148417156,24.157471628571425,0.9980198462500234,0.999849948711918,0.3261696808789311,0.1,2.9463894147701515,1.5
SV203,15,Matching,mll,4.08408213681823,24.985570472524454,0.9976720375000222,0.9998927981512877,0.31387341623516607,0.1,2.3162369890284635,1.5
SV204,15,Averaging,mll,41.509253025429736,99.83591224974747,0.9915158027953201,0.9998840801813587,0.34061897411492836,0.1,2.8258925932504115,1.5
SV204,15,Selection,mll,41.33330175746967,99.48400971382733,0.9917385892799808,0.9997867801019206,0.333667201015436,0.1,2.6707499333798665,1.5
SV204,15,Matching,mll,41.3165155620542,99.4504373229964,0.9916379978304185,0.9998933381354662,0.34358851688373443,0.1,2.73606495143959,1.5
SV205,15,Averaging,mll,31.017345014661906,78.8520962282118,0.9984149214610036,0.9443733028880025,0.20472280085472466,0.1,2.8196248763952907,1.5
SV205,15,Selection,mll,31.024144785756633,78.86569577040126,0.9984148732581505,0.9491774660430051,0.2037864053197433,0.1,2.9199211448877063,1.5
SV205,15,Matching,mll,31.116305540666197,79.05001728022039,0.9984061967444928,0.9088353337912713,0.208727248327841,0.1,2.8431128349615875,1.5
SV206,15,Averaging,mll,136.08279107501056,288.9829883489091,0.9382476659737282,0.35693233711780886,0.6296889523979066,0.1,0.9844697646391252,1.5
SV206,15,Selection,mll,135.9300835172979,288.6775732334838,0.9387924914651109,0.6274716683017448,0.6098351624923549,0.1,0.3799732425754592,1.5
SV206,15,Matching,mll,133.76976922438334,284.3569446476547,0.9509552985008408,0.59049122817122,0.5202125314171377,0.1,0.14051928042963568,1.5
SV207,15,Averaging,mll,6.958732621015649,30.734871440919292,0.9999492806030464,0.2618131255072921,0.19462544198676462,0.1,2.979694854070479,1.5
SV207,15,Selection,mll,6.759294051171729,30.33599430123145,0.9999420687120509,0.9498893031283911,0.1531147611416095,0.1,2.454822305479831,1.5
SV207,15,Matching,mll,6.76936840289803,30.356143004684053,0.9999433737570279,0.9150303863483079,0.1587956806031382,0.1,1.5012297313907872,1.5
SV208,15,Averaging,mll,41.89008899458848,100.59758418806496,0.9981527357697889,0.9999764878965074,0.2288066043272858,0.1,1.0570032507677531,1.5
SV208,15,Selection,mll,41.513856512294694,99.84511922347738,0.9981613212362712,0.9999944478383984,0.19352925550537162,0.1,2.2537049062329952,1.5
SV208,15,Matching,mll,41.61604428585058,100.04949477058915,0.9981718744297224,0.9999826149821749,0.20844903999265396,0.1,2.5391239500006164,1.5
SV209,15,Averaging,mll,28.87639898808166,74.57020417505132,0.9975077856463088,0.9998798170036864,0.3091893140907246,0.1,2.9384722190385744,1.5
SV209,15,Selection,mll,28.68817578359998,74.19375776608796,0.9976402367857211,0.999774707448199,0.29577843659836145,0.1,2.987971039474047,1.5
SV209,15,Matching,mll,28.1428984532019,73.1032031052918,0.9977715687276872,0.9999282991377675,0.292038042307422,0.1,1.930509610200856,1.5
SV210,15,Averaging,mll,1.8245845620998875,20.46657532308777,0.9999606447975011,0.9999999971825233,0.20995840385241687,0.1,2.9478100989600846,1.5
SV210,15,Selection,mll,1.8501086465096535,20.5176234919073,0.9999522677825738,0.9999999922145756,0.20932662878359232,0.1,2.062033290437018,1.5
SV210,15,Matching,mll,1.7918960518427176,20.40119830257343,0.9999632491323011,0.9999999971961032,0.20453256678890425,0.1,2.6114737446430256,1.5
SV211,15,Averaging,mll,27.220342606774366,71.25809141243673,0.9999265393831896,0.9974795131423839,0.21627087332100156,0.1,2.8911143664792287,1.5
SV211,15,Selection,mll,27.13943841341195,71.0962830257119,0.9999504116960051,0.9977371140178392,0.2090211155255844,0.1,2.870382334162971,1.5
SV211,15,Matching,mll,27.193689773219425,71.20478574532684,0.9999466454431405,0.997173973297401,0.21354717286528546,0.1,2.912606032524,1.5
SV212,15,Averaging,mll,6.359456645705357,29.53631949029871,0.999999214943183,0.9576282090219479,0.17226310472627582,0.1,1.7511795092709603,1.5
SV212,15,Selection,mll,6.473696922567373,29.764800044022742,0.9999828953971271,0.8246621365217249,0.1879604624562578,0.1,2.9554678584769496,1.5
SV212,15,Matching,mll,6.345532402050891,29.508471002989776,0.9999997730199549,0.9649927573847789,0.15835146772360784,0.1,2.543639060378594,1.5
SV213,15,Averaging,mll,14.527491186665001,45.872388572218,0.9997327886708544,0.9999889737026936,0.24888512252432773,0.1,1.0976784516425067,1.5
SV213,15,Selection,mll,14.476108535703355,45.7696232702947,0.9998334381549708,0.9999848534384576,0.2488246445559156,0.1,0.7265237050380197,1.5
SV213,15,Matching,mll,14.496746078813759,45.81089835651551,0.9998250714141255,0.9999892283710121,0.25039191916213344,0.1,1.0732130312318078,1.5
SV214,15,Averaging,mll,7.199835167408588,31.217076533705168,0.999984397252603,0.6622941358635437,0.2046036649351385,0.1,2.6884246651405035,1.5
SV214,15,Selection,mll,6.99981662420028,30.817039447288554,0.99999164257386,0.9749102339399561,0.16421311931019103,0.1,2.9569171564862997,1.5
SV214,15,Matching,mll,7.002024169646301,30.821454538180596,0.9999994696639388,0.9722500100137523,0.16862528468141189,0.1,1.0022761219872696,1.5
SV215,15,Averaging,mll,50.14062781477165,117.09866182843129,0.99389589333411,0.999996789108309,0.2092779040181209,0.1,1.112921128187074,1.5
SV215,15,Selection,mll,50.65479993526958,118.12700606942715,0.9944671221286032,0.9998666140430912,0.24945724491587978,0.1,0.9519419976383576,1.5
SV215,15,Matching,mll,50.42668724672817,117.67078069234434,0.994290741525611,0.9999351311645284,0.23330959554264064,0.1,0.32962478412733665,1.5
SV216,15,Averaging,mll,27.476646523456246,71.77069924580049,0.9999396194495134,0.9983476885318529,0.2178094601917666,0.1,2.9812299068996797,1.5
SV216,15,Selection,mll,27.445612364131634,71.70863092715126,0.9998441207875204,0.9978695088624397,0.2127400238979066,0.1,2.8852949298612147,1.5
SV216,15,Matching,mll,27.443013564448975,71.70343332778594,0.9999005446991052,0.9981308221504658,0.21355920625049676,0.1,2.82245323705156,1.5
