subject_id,location,strategy,fit_type,error,bic,r2,pcommon,sigma_v,sigma_a,sigma_p,mu_p
LV001,raw,Averaging,mll,252.72922343226335,532.2761042843832,0.972643386376644,0.0737345432036486,0.8118703324051548,0.2,0.519322204841446,0.1012355915577052
LV001,raw,Selection,mll,232.0114300277284,490.8405174753132,0.9977687987596572,0.1175331951323106,0.8517183158120754,0.2,0.5683218209643596,0.1002268909109704
LV001,raw,Matching,mll,233.224827269734,493.2673119593244,0.9966275597462734,0.0429253796992453,0.8466864442940311,0.2,0.5536206818621004,0.1018189020441357
LV002,raw,Averaging,mll,394.13664435137184,815.0909461226001,0.9295754897425812,0.9393386131404377,0.7583999228390322,0.2,0.6981729374993895,0.1004278441849703
LV002,raw,Selection,mll,375.2275750525547,777.2728075249659,0.9379545916005964,0.7622535685360379,0.6197306942765245,0.2,0.5667422390698442,0.1010789126371603
LV002,raw,Matching,mll,380.3952062703065,787.6080699604695,0.9361693385591168,0.9198444448201722,0.5722345601671178,0.2,0.5385052193847526,0.1052499858995711
LV003,raw,Averaging,mll,303.62721183061615,634.0720810810888,0.9194273671630794,0.7674600307423525,0.5567515180275601,0.2,0.9387716790203556,0.1015362953671779
LV003,raw,Selection,mll,256.84714523636643,540.5119478925893,0.9679472551794968,0.5152412604608148,0.5449523042515352,0.2,0.5996990709656856,0.1047313594106501
LV003,raw,Matching,mll,251.67425861884848,530.1661746575534,0.9773362842824528,0.6773312121958499,0.5922114990303611,0.2,0.7124856547615851,0.1027862438449516
LV005,raw,Averaging,mll,333.75529060199835,694.3282386238532,0.91281999270031,0.4081178902142682,0.6856393466076172,0.2,0.7497223551242688,0.1002931624037888
LV005,raw,Selection,mll,287.0258651872397,600.8693877943358,0.9991577776564026,0.4725088177498492,1.419607748488371,0.2,0.8595575669192521,0.437344017285333
LV005,raw,Matching,mll,291.9390248446564,610.6957071091692,0.9912077325094424,0.4120153434512334,0.806582162270179,0.2,0.7327899828287946,0.1014974339981211
LV007,raw,Averaging,mll,132.85076841311138,292.5191942460792,0.9997811401348532,0.6493682011920259,0.652536164889607,0.2,0.7162706364566032,1.588863616534694
LV007,raw,Selection,mll,133.17620206529207,293.1700615504405,0.9997587499835552,0.654287373744059,0.5646968071747901,0.2,0.7861477456738601,1.95225444704512
LV007,raw,Matching,mll,133.3280214157327,293.4737002513218,0.99974022480315,0.8052638965195533,0.4915502838140433,0.2,0.6969691594437372,1.7255713945107627
LV008,raw,Averaging,mll,192.55204632328224,411.9217500664209,0.99183818979579,0.027093820806631,0.849200521011576,0.2,0.5062790739435674,0.1017507310227187
LV008,raw,Selection,mll,187.0362893780932,400.8902361760427,0.996107096747162,0.0515089384326045,0.8522367437170799,0.2,0.5235367890497825,0.1011721612766933
LV008,raw,Matching,mll,187.0431160743395,400.9038895685354,0.99611059051824,0.0090027418943596,0.8521956063623604,0.2,0.5234580016386846,0.1013101293037919
LV009,raw,Averaging,mll,236.0153424182325,498.8483422563215,0.999251422800712,0.0480708424167048,0.7798018031047479,0.2,0.6949864347599753,0.2626345251609899
LV009,raw,Selection,mll,236.4208605204257,499.6593784607077,0.9986297125204232,0.0909973730564175,0.7617802219822515,0.2,0.6991468866493508,0.2846668844538082
LV009,raw,Matching,mll,237.71771216260132,502.2530817450591,0.9985658882636108,0.0002311948907866,0.8534112893281569,0.2,0.8566885555355218,0.2870590548403552
LV011,raw,Averaging,mll,350.9142516144378,728.646160648732,0.8578665884734287,0.0001592598967309,0.8733001797648363,0.2,2.997081827328956,1.511872884137032
LV011,raw,Selection,mll,306.5622742457176,639.9422059112916,0.9498306906756698,0.3961477171823405,2.52871253489184,0.2,2.997281195768736,1.0660718533926017
LV011,raw,Matching,mll,324.48402344441905,675.7857043086946,0.9146435668505832,0.0365170856548645,1.2486177882076706,0.2,2.997939696854552,0.8642250792871391
LV012,raw,Averaging,mll,478.4939247569347,983.8055069337258,0.4636572454936292,0.0197180906407486,0.8419889924092984,0.2,2.99073345236983,1.70601657284386
LV012,raw,Selection,mll,467.7476437076,962.3129448350564,0.4771129011725722,0.1070374179061483,0.8563381298231105,0.2,2.9995509013677872,1.7220104901113162
LV012,raw,Matching,mll,468.9380710402222,964.6937995003008,0.4759163275483961,0.0137451923673718,0.8541517932084783,0.2,2.999102697601323,1.6775028385245483
LV013,raw,Averaging,mll,202.9729447155612,432.76354685097874,0.983508710568486,0.0037236770888678,0.866892864142429,0.2,0.4455700025454165,0.1023434231047985
LV013,raw,Selection,mll,192.13762961104885,411.0929166419541,0.9861587710897876,0.0679675704308186,0.8519224731684344,0.2,0.4455721806298058,0.1003668165696549
LV013,raw,Matching,mll,193.0069222613071,412.8315019424706,0.9854490627310544,0.0135281454921131,0.8534755204504794,0.2,0.4439650703431065,0.1015959440331423
LV015,raw,Averaging,mll,123.45637839505656,273.7304142099695,0.9964428700930892,0.1161067333933386,2.983313213748284,0.2,0.7810718722063047,0.8967087696852698
LV015,raw,Selection,mll,124.82906552554276,276.47578847094195,0.9962845308318932,0.1253677677992115,2.869692726908131,0.2,0.7873689301727932,0.9374448331290732
LV015,raw,Matching,mll,124.77944929867972,276.3765560172158,0.9962900445336436,0.0003514166204735,2.8504785546600075,0.2,0.7932511886015888,0.93582446039302
LV016,raw,Averaging,mll,198.35380032044196,423.5252580607402,0.9901194405945388,5.584143600266911e-05,0.8528091942937454,0.2,0.4612640633675643,0.1003951952875451
LV016,raw,Selection,mll,198.2891522524669,423.39596192479024,0.9903902428319072,0.0030102745483647,0.8524141587251142,0.2,0.4540680181404939,0.1001447503890737
LV016,raw,Matching,mll,198.16565990055804,423.1489772209725,0.9905110126119988,5.926795102781801e-05,0.8561019370410952,0.2,0.4541978347219582,0.1002323211684945
LV017,raw,Averaging,mll,6.861391863697529,40.540441147251485,0.9999378580897814,0.0676554120673105,2.6245971757209143,0.2,0.6296522438426672,1.005708215345151
LV017,raw,Selection,mll,6.703523753468609,40.22470492679365,0.9999390947280894,0.2761855615225005,2.3153899984175883,0.2,0.615924621019258,1.0210836821452614
LV017,raw,Matching,mll,6.621911096549964,40.061479612956354,0.9999262960854258,0.0002698860049801,2.671584117823309,0.2,0.6184570309306978,0.950950638708884
LV018,raw,Averaging,mll,70.594543564708,168.00674454927244,0.9998714642748736,0.8608656305722365,1.097683795855441,0.2,0.5362674239278206,1.0047537472794754
LV018,raw,Selection,mll,73.0572779073651,172.93221323458664,0.999702456420226,0.8132611113291197,0.6142549171915147,0.2,0.6244148758093626,1.6471311129905546
LV018,raw,Matching,mll,71.27077201864071,169.35920145713786,0.9998696060309876,0.8233882231397613,1.6282544643135477,0.2,0.576905460989484,0.9589864554352108
LV019,raw,Averaging,mll,107.73172548213802,242.28110838413247,0.9994896071966172,0.9907061022712936,0.6249327304771944,0.2,1.54659523640083,2.738929320600925
LV019,raw,Selection,mll,109.2551403847694,245.3279381893952,0.9992511704043476,0.998625368010818,0.5738355003971349,0.2,0.9074836276440506,1.2341978231839916
LV019,raw,Matching,mll,108.668891523126,244.15544046610844,0.9993498545710784,0.994310596656711,0.7021083037381349,0.2,0.9557703906843964,1.4812853020485026
LV020,raw,Averaging,mll,246.5252765120006,519.8682104438576,0.981073664499362,0.8455511263487303,2.9514525988485,0.2,2.058998001231824,2.9878394047658663
LV020,raw,Selection,mll,247.2628415605344,521.3433405409252,0.9808933763850866,0.5627359541147472,2.62135691819818,0.2,1.8433975540134464,2.9783814638343435
LV020,raw,Matching,mll,250.4018935566691,527.6214445331947,0.9796532016662636,0.8039725754278644,1.5348227698617107,0.2,1.4697790367494916,2.989226410090336
LV021,raw,Averaging,mll,148.81929040384077,324.45623822753794,0.9997315844871492,0.0064102571725222,1.2602957497714815,0.2,0.6714286372155608,0.6868448061054117
LV021,raw,Selection,mll,148.4670353152428,323.751728050342,0.9997381258493088,0.2300794952132988,1.831487970985319,0.2,0.7186725063378824,0.6843606582721496
LV021,raw,Matching,mll,148.81819589810902,324.45404921607445,0.9997288678232068,0.0019780333131409,1.2685265382144588,0.2,0.6589138144578297,0.681264474549932
LV022,raw,Averaging,mll,266.0838917386485,558.9854408971535,0.997982000136754,0.0001765125171733,0.8655343866010322,0.2,0.7184312727808654,0.1064346136319273
LV022,raw,Selection,mll,266.0500173704896,558.9176921608357,0.9977899933434844,0.0140708598118588,0.7627433028282963,0.2,0.6443667309994845,0.1013611807750095
LV022,raw,Matching,mll,265.9973670588274,558.8123915375113,0.9978500096190264,0.0002419394024718,0.7855059174993214,0.2,0.6579660881251177,0.1009292988226359
LV023,raw,Averaging,mll,555.0314199600169,1136.8804973398903,0.7374442646868486,0.006146499824665,0.8259601678907627,0.2,1.604322410485866,0.1012043185605289
LV023,raw,Selection,mll,465.136654459395,957.0909663386464,0.9571470112156854,0.3390258681476177,0.8587551641590125,0.2,0.6345156252971076,0.1024164071836128
LV023,raw,Matching,mll,476.3203026892791,979.4582627984146,0.9578125727903074,0.2533981590284929,0.8405316036355872,0.2,0.5233504249460167,0.1002134718271935
LV024,raw,Averaging,mll,703.642823087077,1434.1033035940104,0.7358284892342672,0.0004321792655102,0.7855316946280241,0.2,2.529797332260637,0.1305693452404312
LV024,raw,Selection,mll,662.972491318495,1352.7626400568463,0.8401452247360529,0.3514638303428341,0.9019339457208054,0.2,1.2892515111684733,0.1003855664438554
LV024,raw,Matching,mll,690.4344748579251,1407.6866071357067,0.7661399769118303,0.179628041415919,0.8306603873003265,0.2,1.6529981826761044,0.100592937773882
LV025,raw,Averaging,mll,262.1950042397393,551.2076658993351,0.992061621401229,0.0215458507409649,0.842837805104254,0.2,0.6018341882315272,0.1153047175357131
LV025,raw,Selection,mll,258.0150294616958,542.8477163432481,0.996660986642365,0.0596039793620632,0.8553317680710585,0.2,0.6353006542940378,0.1009307585866023
LV025,raw,Matching,mll,259.1087210458402,545.0350995115368,0.99746701277521,0.0070423057307902,0.8437264871688764,0.2,0.6073717087052058,0.1012643538412707
SV103,raw,Averaging,mll,205.55663986153604,437.9309371429285,0.9925924873067482,0.9486673350586512,0.3811329283733907,0.2,0.8099484317387559,1.3940564212013262
SV103,raw,Selection,mll,205.72658892229023,438.2708352644369,0.9926503602869552,0.8537656380751348,0.3877830731349414,0.2,1.0110635498442948,1.8925019595336143
SV103,raw,Matching,mll,207.18945387550417,441.1965651708648,0.9924181636398436,0.9189484235742004,0.3728888527365703,0.2,0.8922539559398975,1.5322286330023909
SV110,raw,Averaging,mll,139.792563895816,306.4027852114884,0.9982468562921968,0.8520162178148767,0.82215688073359,0.2,0.6330773720488923,1.105680488283305
SV110,raw,Selection,mll,139.03689187339432,304.89144116664505,0.998524408614387,0.8087556224683518,0.5912829334947853,0.2,0.6986071578168839,1.60565848896962
SV110,raw,Matching,mll,138.69723678900107,304.21213099785854,0.997212656804351,0.8550994397841649,1.156064924434707,0.2,0.6203193689163748,1.1510665180378477
SV111,raw,Averaging,mll,260.7828963666437,548.3834501531438,0.9860133742734668,0.7614577890961152,1.2081588292983498,0.2,1.604953697906213,2.6418488359638563
SV111,raw,Selection,mll,257.2778788842965,541.3734151884495,0.9863681906892264,0.5793846019916353,1.0522024250460589,0.2,1.4776024536720511,2.825348814753605
SV111,raw,Matching,mll,256.2188735145438,539.2554044489441,0.987121083962105,0.8013349033379903,1.59537458772576,0.2,1.519467755022209,2.2939698527839303
SV113,raw,Averaging,mll,126.23981984142284,279.2972971027021,0.9972030494351192,0.9441700232917902,0.7071686196958353,0.2,1.765989966360865,2.781282808940225
SV113,raw,Selection,mll,121.47232811998092,269.7623136598183,0.9988809033202726,0.8786274016641246,0.8472715058377477,0.2,1.02068103060564,1.633615499218611
SV113,raw,Matching,mll,120.30284214524526,267.42334171034696,0.9983583793353182,0.9277750795946312,1.3802060787549366,0.2,1.030672643783737,1.2241851114891866
SV119,raw,Averaging,mll,122.673812157555,272.1652817349664,0.999414958174844,0.7285262388909141,0.3243577622524601,0.2,0.9675057232246173,1.4199858038770006
SV119,raw,Selection,mll,124.1625615739822,275.1427805678208,0.999144684262779,0.7153785832693413,0.307548607258854,0.2,1.0296528549659378,1.5908131991389067
SV119,raw,Matching,mll,199.8416724430469,426.5010023059502,0.8651875563943395,0.8237911478339249,2.557894548960045,0.2,0.7989172658072503,0.9381741253277665
SV201,raw,Averaging,mll,81.10595727595461,189.02957197176565,0.9989637330971594,0.9828482615358036,0.3148070195834395,0.2,0.6898575652284826,2.19510732047521
SV201,raw,Selection,mll,80.31440883942444,187.4464750987053,0.9989005362627442,0.8657557845098672,0.3937404624173162,0.2,0.7329562989032731,2.3363181483004816
SV201,raw,Matching,mll,81.09456577305002,189.00678896595647,0.999392445238078,0.929805829205614,0.3382117304107904,0.2,0.6943146183163197,2.471773087499978
SV202,raw,Averaging,mll,85.79056176081943,198.3987809414953,0.998415098702416,0.0040441873982254,2.9663406751180066,0.2,0.7581822100229133,0.8796804163437865
SV202,raw,Selection,mll,85.86957652213735,198.55681046413116,0.9984088808202708,0.2662252458298236,2.857618130856011,0.2,0.7522776425642242,0.88078793166284
SV202,raw,Matching,mll,85.95562330616286,198.72890403218216,0.998412854300699,0.0001499842096956,2.965902702850664,0.2,0.7806389629954213,0.9058671489177128
SV203,raw,Averaging,mll,23.405214415721964,73.62808625130036,0.9998369692403462,0.9862672279303392,2.482694674915672,0.2,0.691184393935761,1.0688124716836205
SV203,raw,Selection,mll,23.44437734512666,73.70641211010975,0.9998384094760614,0.9595341573913356,2.2910460884898773,0.2,0.6738064722165525,1.097210034082704
SV203,raw,Matching,mll,23.36859442311548,73.5548462660874,0.9998378159167028,0.9998484215155544,2.592449221368236,0.2,0.6902851763820264,1.0544002618153123
SV204,raw,Averaging,mll,117.9236629874177,262.66498339469183,0.9937674639949284,0.9650995873590138,1.868314014011312,0.2,0.8036674201455681,1.328034032272743
SV204,raw,Selection,mll,117.72305295074162,262.26376332133964,0.9937685918909118,0.9286515908871962,1.3728098520335972,0.2,0.7279707282033192,1.4415106602044294
SV204,raw,Matching,mll,118.02426705442852,262.8661915287135,0.9937655975174664,0.999045811960278,1.6256200494110902,0.2,0.7404570703761535,1.3545347931354326
SV205,raw,Averaging,mll,110.71841564335418,248.2544887065648,0.9989369627369046,0.4651804972241478,0.2794097660176992,0.2,0.7012095613840249,1.7534797922421883
SV205,raw,Selection,mll,111.24814684757972,249.31395111501587,0.9987149861563688,0.5751333363875213,0.299294506559337,0.2,0.4625730096676158,1.151736959245315
SV205,raw,Matching,mll,140.86422265425864,308.5461027283737,0.941248465248274,0.5232475448452939,2.990402886256865,0.2,0.7622603103984965,0.9714719877297616
SV206,raw,Averaging,mll,402.24173326749815,831.3011239548528,0.969095915098855,0.0412633486971401,0.6285131200085424,0.2,1.2052807134614094,2.9929188996414835
SV206,raw,Selection,mll,400.3009648543537,827.4195871285638,0.9715298106757744,0.4662685613714907,1.2813748716072997,0.2,1.0304487001573437,1.747088530425215
SV206,raw,Matching,mll,400.8299700941999,828.4775976082562,0.9715386942903148,0.2295715574296303,0.8121687057212219,0.2,0.918404844496116,1.890835549439676
SV207,raw,Averaging,mll,91.67906999715048,210.1757974141574,0.9990467388675184,0.0502825303745657,2.9681441015263776,0.2,0.8532608596306682,0.9078931715808248
SV207,raw,Selection,mll,92.08641174002682,210.99048089991007,0.9990946485467022,0.2007400771116597,2.7636299982706416,0.2,0.8283371002750518,0.9227519553256672
SV207,raw,Matching,mll,91.5234646543188,209.8645867284941,0.9990344306860824,0.009064481731951,2.9503741542291246,0.2,0.8187687870209759,0.8890597332796221
SV208,raw,Averaging,mll,138.2627729876612,303.3432033951788,0.9981716613193444,0.8996777164697036,0.7114202203846097,0.2,0.7617278628133318,1.640763069342629
SV208,raw,Selection,mll,139.15589123111863,305.12943988209366,0.9981019769535524,0.8492591440774203,0.6142558294492808,0.2,0.76397731924925,1.8923180794651453
SV208,raw,Matching,mll,138.88208869924568,304.5818348183478,0.9981290278851588,0.8974219983868,1.2476145483834151,0.2,0.6847074770519973,1.1917540532674316
SV209,raw,Averaging,mll,104.21034875542937,235.23835493071516,0.9990017510366608,0.8927209880533018,0.8290477530015237,0.2,1.0118492956090903,2.1743116926410884
SV209,raw,Selection,mll,104.20130184178598,235.2202611034284,0.9985445721325552,0.8731503001285595,0.740942905589896,0.2,0.9602039683662004,2.0533665373208847
SV209,raw,Matching,mll,101.33059600260472,229.47884942506585,0.9991396333067816,0.9253209414521052,1.2134804845640723,0.2,0.9628010144294922,1.6293527017494438
SV210,raw,Averaging,mll,55.96257817295928,138.742813765775,0.999512347240565,0.9536572096285736,2.0960878614632814,0.2,0.595692204767461,1.1570435213691497
SV210,raw,Selection,mll,55.141704493762624,137.1010664073817,0.999571137669804,0.957269804119342,2.2241015069634518,0.2,0.3832200377300698,1.3679918556708457
SV210,raw,Matching,mll,55.16321918503753,137.1440957899315,0.9995718898641052,0.9997824248929736,2.061710190591057,0.2,0.4322635050873876,1.366599690529165
SV211,raw,Averaging,mll,99.72338205117066,226.26442152219772,0.9996523647152836,0.877627252340306,0.3591177428576554,0.2,0.5282958803412732,1.4275677694460949
SV211,raw,Selection,mll,100.98832629843602,228.79431001672847,0.999513982575815,0.777298867049435,0.348381526913715,0.2,0.6767570993114368,1.898969524409026
SV211,raw,Matching,mll,147.62568126363462,322.06901994712564,0.9347807699802048,0.9441663236037434,2.4836202611088165,0.2,0.2402273289113996,0.9587647511503168
SV212,raw,Averaging,mll,53.058519902866976,132.93469722559038,0.9994638093259872,0.285948079162049,2.280530447954254,0.2,0.7015785844306237,0.8772189815258233
SV212,raw,Selection,mll,62.71027405909296,152.23820553804234,0.990981645733365,0.4537964353283878,2.9913552136147223,0.2,0.7642310103169924,1.1006768544594627
SV212,raw,Matching,mll,50.69165610766563,128.20096963518768,0.999808527808296,0.0497489827533801,2.9044682978005425,0.2,0.7637427096748262,0.9588990340480577
SV213,raw,Averaging,mll,103.49530823134046,233.80827388253732,0.9986512557573628,0.8762378775449016,1.938973327785339,0.2,0.6191454176218233,0.9269084499943344
SV213,raw,Selection,mll,108.11971625670664,243.0570899332697,0.9969745995263478,0.919915927427359,1.9616473418974925,0.2,0.4472166774024918,0.7167324837899166
SV213,raw,Matching,mll,103.24025469917882,233.29816681821407,0.9986856168143446,0.931880353071994,2.300860409595881,0.2,0.7423267953867817,1.0110797957228916
SV214,raw,Averaging,mll,59.34886317285094,145.5153837655583,0.9993324008137894,0.3028239694011279,2.9681551499095744,0.2,0.6570941514060341,0.8663223363779337
SV214,raw,Selection,mll,58.398638902045,143.61493522394642,0.9993919757004356,0.4236264140785812,2.9834817745262803,0.2,0.5188519768028309,1.2582438482699094
SV214,raw,Matching,mll,58.19198237180589,143.20162216346822,0.99941221391302,0.0381945351533965,2.8874005714405104,0.2,0.7546583426685738,1.0467609902274777
SV215,raw,Averaging,mll,201.66704111046755,430.1517396407915,0.9910188862211984,0.8227110003425959,0.8485063927108119,0.2,1.3749927485471622,0.904459808828174
SV215,raw,Selection,mll,191.63949174720787,410.09664091427214,0.9954497513570169,0.5461865502934153,2.702302355623809,0.2,0.619522431345813,0.642347780210005
SV215,raw,Matching,mll,193.13455736555835,413.0867721509731,0.9959711991524336,0.7729396789987126,1.0044994164997858,0.2,0.6995396269583332,0.7675503201661816
SV216,raw,Averaging,mll,127.82809733318004,282.4738520862165,0.9978893035260916,0.9243512832416751,0.3417506703803402,0.2,1.2410374794354069,2.387619386187314
SV216,raw,Selection,mll,126.4444921577561,279.70664173536863,0.9981522286866868,0.7841639728863292,0.4720946084521923,0.2,0.5988474676550575,1.4395619416694314
SV216,raw,Matching,mll,171.4210831454443,369.659823710745,0.9517339843050756,0.969057328487681,2.6639372540333524,0.2,0.2570992095804767,0.9307765081664464
LV001,visible,Averaging,mll,46.74114229144121,115.64733876351612,0.9769642273133832,0.5134932860909399,1.865209873199661,0.2,0.7162198463621948,0.5536598979289372
LV001,visible,Selection,mll,43.527962385597576,109.22097895182884,0.9986106674398104,0.5424651141780124,0.3940654107662624,0.2,0.6878140617421863,0.5968411476591711
LV001,visible,Matching,mll,46.6068351374504,115.37872445553452,0.9723406734814712,0.5494313797283474,2.9889958465295967,0.2,0.7990215208582577,0.7622835223575415
LV002,visible,Averaging,mll,163.72248398258418,349.0376187712393,0.8315274071845633,0.6621764135853905,0.6583004103338078,0.2,2.323301373226485,0.151489273939364
LV002,visible,Selection,mll,150.93114309553005,323.4549369971311,0.8790251770276418,0.5210911722793697,2.098360611765796,0.2,2.291166124204396,1.008901954269005
LV002,visible,Matching,mll,157.0803475956472,335.7533459973654,0.8683049114255382,0.8648368667947838,0.6532745754719637,0.2,1.554500549626647,0.1100729524760578
LV003,visible,Averaging,mll,56.71484519648748,138.86798586766446,0.9994756791033002,0.9257102440722228,1.168773793592934,0.2,0.8893222631369609,1.5158129920097916
LV003,visible,Selection,mll,54.03074181503192,133.49977910475337,0.9995986266578792,0.8717744303090148,1.0122204067828504,0.2,0.73234328601915,1.3593662392812085
LV003,visible,Matching,mll,56.043636232365664,137.52556793942085,0.9994570547153764,0.9546033432006128,2.169811672978301,0.2,0.8257616813043291,1.002768255650606
LV005,visible,Averaging,mll,171.59650286734467,367.9950424308601,0.9673260285943618,0.5933361428054093,1.0748079619101691,0.2,1.9445779641200795,0.4425037105941511
LV005,visible,Selection,mll,162.2584700146923,349.3189767255554,0.9822988726666404,0.5265125302522553,0.8706174467695345,0.2,0.7511339091990172,0.5105906158713204
LV005,visible,Matching,mll,162.7989714325171,350.39997956120504,0.9810415358297088,0.6002601813205788,1.0228464582360477,0.2,0.7653242193274182,0.5490747188834254
LV007,visible,Averaging,mll,132.85076841311138,292.5191942460792,0.9997811401348532,0.6493682011920259,0.652536164889607,0.2,0.7162706364566032,1.588863616534694
LV007,visible,Selection,mll,133.17620206529207,293.1700615504405,0.9997587499835552,0.654287373744059,0.5646968071747901,0.2,0.7861477456738601,1.95225444704512
LV007,visible,Matching,mll,133.3280214157327,293.4737002513218,0.99974022480315,0.8052638965195533,0.4915502838140433,0.2,0.6969691594437372,1.7255713945107627
LV008,visible,Averaging,mll,17.94677301077916,56.43673976975937,0.9938167624070344,0.5521127301246067,2.997456217148755,0.2,0.7284872348134297,0.686923306336066
LV008,visible,Selection,mll,17.27412218175171,55.09143811170447,0.9982416060163222,0.5247909671585221,0.2910982599924989,0.2,1.1324353505138598,0.7566745842038832
LV008,visible,Matching,mll,24.218673395987626,68.98054054017629,0.9357514078533168,0.5302269509154182,2.4324356360335537,0.2,0.8261944352027415,0.93348463745151
LV009,visible,Averaging,mll,67.70293734350578,160.2079113831823,0.999150651039787,0.0443932533080905,2.2593903946405067,0.2,0.8290535069432888,0.8967764800225682
LV009,visible,Selection,mll,66.79175404152281,158.3855447792164,0.999325341685646,0.3628988792918526,2.954145730909629,0.2,0.8143484659753271,0.811085282496363
LV009,visible,Matching,mll,66.82242641501331,158.44688952619737,0.9993180353942784,0.0267103202921457,2.93559041301766,0.2,0.8240258780968308,0.8202859156795657
LV011,visible,Averaging,mll,88.34643948036782,200.00866143117648,0.9954233283720776,0.0071838204387814,0.4194554191509155,0.2,0.5074316945352272,2.799852711123936
LV011,visible,Selection,mll,71.37959992918039,166.0749823288016,0.987412699285942,0.002166603952886,1.298072246033895,0.2,1.5798067167868317,2.996542122742647
LV011,visible,Matching,mll,75.49779970706616,174.31138188457317,0.977975608267194,0.0168052711516903,0.7695512589280216,0.2,1.0994442991855191,2.992267271008284
LV015,visible,Averaging,mll,103.5554989253706,233.7584168129224,0.9963857444664272,0.0403023905352377,2.928282509962986,0.2,0.6475914058801572,1.0505545800114615
LV015,visible,Selection,mll,103.84743745494842,234.34229387207807,0.9963866355489498,0.2212163836945459,2.613156561714401,0.2,0.6626347114965562,1.03611274934103
LV015,visible,Matching,mll,103.34334764356956,233.33411424932035,0.996389173982019,0.0019911111685204,2.922803199750081,0.2,0.6340530701925768,1.0947664542992086
LV016,visible,Averaging,mll,17.16950757247824,52.83890639809356,0.981234903809394,0.0693697566562913,1.104827420639422,0.2,0.599875715825177,0.628121650350384
LV016,visible,Selection,mll,17.207355017751446,52.91460128863997,0.9791688090827918,0.1396285226802238,1.587595680642134,0.2,0.657911228428675,0.6699273360585948
LV016,visible,Matching,mll,17.261555410613877,53.02300207436484,0.979061542969586,0.000187597502685,1.14886446465578,0.2,0.6160652869519434,0.6558742711114038
LV017,visible,Averaging,mll,6.861391863697529,40.540441147251485,0.9999378580897814,0.0676554120673105,2.6245971757209143,0.2,0.6296522438426672,1.005708215345151
LV017,visible,Selection,mll,6.703523753468609,40.22470492679365,0.9999390947280894,0.2761855615225005,2.3153899984175883,0.2,0.615924621019258,1.0210836821452614
LV017,visible,Matching,mll,6.621911096549964,40.061479612956354,0.9999262960854258,0.0002698860049801,2.671584117823309,0.2,0.6184570309306978,0.950950638708884
LV018,visible,Averaging,mll,70.594543564708,168.00674454927244,0.9998714642748736,0.8608656305722365,1.097683795855441,0.2,0.5362674239278206,1.0047537472794754
LV018,visible,Selection,mll,73.0572779073651,172.93221323458664,0.999702456420226,0.8132611113291197,0.6142549171915147,0.2,0.6244148758093626,1.6471311129905546
LV018,visible,Matching,mll,71.27077201864071,169.35920145713786,0.9998696060309876,0.8233882231397613,1.6282544643135477,0.2,0.576905460989484,0.9589864554352108
LV019,visible,Averaging,mll,100.3364588641672,227.4063615113995,0.9994723687976564,0.9574625779502428,1.3295004951801674,0.2,0.7854652296504893,1.0267697109354563
LV019,visible,Selection,mll,102.66248939816172,232.05842257938852,0.9990898918666236,0.9578389457772948,1.367902941246134,0.2,0.7985404370827351,1.025454164247641
LV019,visible,Matching,mll,100.8943064889462,228.5220567609575,0.9994349104029912,0.9804783826996116,1.4232565831230175,0.2,0.7954367920049331,1.0202328576699706
LV020,visible,Averaging,mll,246.5252765120006,519.8682104438576,0.981073664499362,0.8455511263487303,2.9514525988485,0.2,2.058998001231824,2.9878394047658663
LV020,visible,Selection,mll,247.2628415605344,521.3433405409252,0.9808933763850866,0.5627359541147472,2.62135691819818,0.2,1.8433975540134464,2.9783814638343435
LV020,visible,Matching,mll,250.4018935566691,527.6214445331947,0.9796532016662636,0.8039725754278644,1.5348227698617107,0.2,1.4697790367494916,2.989226410090336
LV021,visible,Averaging,mll,39.07244759282685,104.2332663783343,0.9997187453016654,0.0068337967779993,2.779321201011832,0.2,0.823784657684488,0.9236725016445873
LV021,visible,Selection,mll,39.07912943053377,104.24663005374816,0.9997148343520732,0.1980269025516276,2.7925985386203247,0.2,0.8165537478576862,0.914839117613982
LV021,visible,Matching,mll,38.72498096848074,103.5383331296421,0.9996709176472762,0.0076459050719888,2.863902747856548,0.2,0.7582867351276713,0.8532063721664266
LV022,visible,Averaging,mll,85.85786156884421,195.5905533776299,0.9934339861844548,0.0017570180975044,1.4565772909782857,0.2,0.624926025241859,0.7085900708263019
LV022,visible,Selection,mll,85.97215300304536,195.8191362460322,0.9935812991605756,0.2220570814238811,2.050299790123972,0.2,0.7644853036693439,0.7484605064472066
LV022,visible,Matching,mll,86.35164182980529,196.57811389955205,0.993824958618328,0.0003887081355026,1.4695057706014818,0.2,0.7220856801953369,0.7460460675158944
LV023,visible,Averaging,mll,145.6183969412043,313.40184806304234,0.9344995429520894,0.7670852710632732,1.7114944295005805,0.2,2.9926832693104948,0.9461774651247556
LV023,visible,Selection,mll,147.04830905167842,316.2616722839905,0.9271100810156458,0.4987297957623474,1.05343654154079,0.2,2.162278305451022,1.1649966985974174
LV023,visible,Matching,mll,144.81707941005754,311.7992130007488,0.9387506826171718,0.7231348539734465,1.3140218936590766,0.2,1.9595659844194493,1.0967496282031803
LV024,visible,Averaging,mll,463.3237030141169,950.6924747258504,0.6099978695708919,0.0689751170884169,0.5892563007873644,0.2,1.4210225076194032,2.9988644036224565
LV024,visible,Selection,mll,436.06978623560303,896.1846411688227,0.7275509682866761,0.424673419632175,2.9925610217926706,0.2,2.917554125667148,2.9039970871054823
LV024,visible,Matching,mll,439.2111165439385,902.4673017854936,0.7119270073173307,0.3795579757989433,1.1067137538252971,0.2,2.364447410393974,2.9942140226089
LV025,visible,Averaging,mll,97.77860254307026,219.0681482132591,0.9919187025775056,0.0002914772512423,0.930363708037926,0.2,0.787192580605964,0.7097526477852696
LV025,visible,Selection,mll,97.7689333050612,219.048809737241,0.9919681121439436,0.1384050489027315,0.9510669225401802,0.2,0.7915369827725895,0.7150341528990244
LV025,visible,Matching,mll,97.78069575874274,219.07233464460404,0.9920048279442046,8.662144435923215e-05,0.8820688806836239,0.2,0.7861696051771506,0.6997567394215645
SV103,visible,Averaging,mll,189.9461015918164,406.6256469666979,0.9920839011552882,0.973178923347828,0.3455545337996977,0.2,0.6827455556591857,1.3762519017504131
SV103,visible,Selection,mll,189.58709695211357,405.9076376872922,0.9922926074657006,0.9035072574659,0.3772438200173456,0.2,0.6531255359431156,1.499913572335426
SV103,visible,Matching,mll,190.47570050618617,407.6848447954375,0.992079880341462,0.9316052302220068,0.3856015345159896,0.2,0.6144264923881072,1.384965761988952
SV110,visible,Averaging,mll,139.792563895816,306.4027852114884,0.9982468562921968,0.8520162178148767,0.82215688073359,0.2,0.6330773720488923,1.105680488283305
SV110,visible,Selection,mll,139.03689187339432,304.89144116664505,0.998524408614387,0.8087556224683518,0.5912829334947853,0.2,0.6986071578168839,1.60565848896962
SV110,visible,Matching,mll,138.69723678900107,304.21213099785854,0.997212656804351,0.8550994397841649,1.156064924434707,0.2,0.6203193689163748,1.1510665180378477
SV111,visible,Averaging,mll,231.855626597386,490.444696977837,0.9854133509614236,0.8642769816682397,0.9592376051670388,0.2,1.1354861546357693,2.4206274386477142
SV111,visible,Selection,mll,237.81211366643527,502.3576711159358,0.9827950531486204,0.8359490750736903,0.7498624706885162,0.2,0.9043762179802212,2.285053907406075
SV111,visible,Matching,mll,228.19497632624592,483.12339643555697,0.9871401844754112,0.8068562782198638,1.0942491495224218,0.2,1.0999575854691117,2.43792678782411
SV113,visible,Averaging,mll,71.90513318088907,170.45768532395937,0.9992204193588916,0.9723813285194444,2.708059474416677,0.2,0.7991659741763705,0.9711883476864542
SV113,visible,Selection,mll,67.58068621825603,161.8087913986933,0.9995780959890268,0.8878048514444298,0.9677801070802616,0.2,0.7851233949039874,1.558122252066954
SV113,visible,Matching,mll,65.94112493701846,158.52966883621815,0.9997059878152784,0.957315568102798,2.8930643189827467,0.2,1.2170583390649443,1.3849386628935827
SV119,visible,Averaging,mll,110.01353512828877,246.7605140396426,0.9994232781786584,0.7985026987557107,0.2981835524420813,0.2,0.8082290243166704,1.602708392110209
SV119,visible,Selection,mll,111.3916878918455,249.5168195667561,0.9991960464879897,0.7470768216298228,0.306204859368603,0.2,0.77438823508651,1.5498464248904358
SV119,visible,Matching,mll,187.57760061224215,401.8886450075495,0.8613931125561367,0.8323209811618674,2.7385720938465994,0.2,0.7871788583391927,0.958924072792961
SV201,visible,Averaging,mll,81.10595727595461,189.02957197176565,0.9989637330971594,0.9828482615358036,0.3148070195834395,0.2,0.6898575652284826,2.19510732047521
SV201,visible,Selection,mll,80.31440883942444,187.4464750987053,0.9989005362627442,0.8657557845098672,0.3937404624173162,0.2,0.7329562989032731,2.3363181483004816
SV201,visible,Matching,mll,81.09456577305002,189.00678896595647,0.999392445238078,0.929805829205614,0.3382117304107904,0.2,0.6943146183163197,2.471773087499978
SV202,visible,Averaging,mll,85.79056176081943,198.3987809414953,0.998415098702416,0.0040441873982254,2.9663406751180066,0.2,0.7581822100229133,0.8796804163437865
SV202,visible,Selection,mll,85.86957652213735,198.55681046413116,0.9984088808202708,0.2662252458298236,2.857618130856011,0.2,0.7522776425642242,0.88078793166284
SV202,visible,Matching,mll,85.95562330616286,198.72890403218216,0.998412854300699,0.0001499842096956,2.965902702850664,0.2,0.7806389629954213,0.9058671489177128
SV203,visible,Averaging,mll,23.405214415721964,73.62808625130036,0.9998369692403462,0.9862672279303392,2.482694674915672,0.2,0.691184393935761,1.0688124716836205
SV203,visible,Selection,mll,23.44437734512666,73.70641211010975,0.9998384094760614,0.9595341573913356,2.2910460884898773,0.2,0.6738064722165525,1.097210034082704
SV203,visible,Matching,mll,23.36859442311548,73.5548462660874,0.9998378159167028,0.9998484215155544,2.592449221368236,0.2,0.6902851763820264,1.0544002618153123
SV204,visible,Averaging,mll,117.9236629874177,262.66498339469183,0.9937674639949284,0.9650995873590138,1.868314014011312,0.2,0.8036674201455681,1.328034032272743
SV204,visible,Selection,mll,117.72305295074162,262.26376332133964,0.9937685918909118,0.9286515908871962,1.3728098520335972,0.2,0.7279707282033192,1.4415106602044294
SV204,visible,Matching,mll,118.02426705442852,262.8661915287135,0.9937655975174664,0.999045811960278,1.6256200494110902,0.2,0.7404570703761535,1.3545347931354326
SV205,visible,Averaging,mll,110.71841564335418,248.2544887065648,0.9989369627369046,0.4651804972241478,0.2794097660176992,0.2,0.7012095613840249,1.7534797922421883
SV205,visible,Selection,mll,111.24814684757972,249.31395111501587,0.9987149861563688,0.5751333363875213,0.299294506559337,0.2,0.4625730096676158,1.151736959245315
SV205,visible,Matching,mll,140.86422265425864,308.5461027283737,0.941248465248274,0.5232475448452939,2.990402886256865,0.2,0.7622603103984965,0.9714719877297616
SV206,visible,Averaging,mll,402.24173326749815,831.3011239548528,0.969095915098855,0.0412633486971401,0.6285131200085424,0.2,1.2052807134614094,2.9929188996414835
SV206,visible,Selection,mll,400.3009648543537,827.4195871285638,0.9715298106757744,0.4662685613714907,1.2813748716072997,0.2,1.0304487001573437,1.747088530425215
SV206,visible,Matching,mll,400.8299700941999,828.4775976082562,0.9715386942903148,0.2295715574296303,0.8121687057212219,0.2,0.918404844496116,1.890835549439676
SV207,visible,Averaging,mll,91.67906999715048,210.1757974141574,0.9990467388675184,0.0502825303745657,2.9681441015263776,0.2,0.8532608596306682,0.9078931715808248
SV207,visible,Selection,mll,92.08641174002682,210.99048089991007,0.9990946485467022,0.2007400771116597,2.7636299982706416,0.2,0.8283371002750518,0.9227519553256672
SV207,visible,Matching,mll,91.5234646543188,209.8645867284941,0.9990344306860824,0.009064481731951,2.9503741542291246,0.2,0.8187687870209759,0.8890597332796221
SV208,visible,Averaging,mll,138.2627729876612,303.3432033951788,0.9981716613193444,0.8996777164697036,0.7114202203846097,0.2,0.7617278628133318,1.640763069342629
SV208,visible,Selection,mll,139.15589123111863,305.12943988209366,0.9981019769535524,0.8492591440774203,0.6142558294492808,0.2,0.76397731924925,1.8923180794651453
SV208,visible,Matching,mll,138.88208869924568,304.5818348183478,0.9981290278851588,0.8974219983868,1.2476145483834151,0.2,0.6847074770519973,1.1917540532674316
SV209,visible,Averaging,mll,104.21034875542937,235.23835493071516,0.9990017510366608,0.8927209880533018,0.8290477530015237,0.2,1.0118492956090903,2.1743116926410884
SV209,visible,Selection,mll,104.20130184178598,235.2202611034284,0.9985445721325552,0.8731503001285595,0.740942905589896,0.2,0.9602039683662004,2.0533665373208847
SV209,visible,Matching,mll,101.33059600260472,229.47884942506585,0.9991396333067816,0.9253209414521052,1.2134804845640723,0.2,0.9628010144294922,1.6293527017494438
SV210,visible,Averaging,mll,55.96257817295928,138.742813765775,0.999512347240565,0.9536572096285736,2.0960878614632814,0.2,0.595692204767461,1.1570435213691497
SV210,visible,Selection,mll,55.141704493762624,137.1010664073817,0.999571137669804,0.957269804119342,2.2241015069634518,0.2,0.3832200377300698,1.3679918556708457
SV210,visible,Matching,mll,55.16321918503753,137.1440957899315,0.9995718898641052,0.9997824248929736,2.061710190591057,0.2,0.4322635050873876,1.366599690529165
SV211,visible,Averaging,mll,99.72338205117066,226.26442152219772,0.9996523647152836,0.877627252340306,0.3591177428576554,0.2,0.5282958803412732,1.4275677694460949
SV211,visible,Selection,mll,100.98832629843602,228.79431001672847,0.999513982575815,0.777298867049435,0.348381526913715,0.2,0.6767570993114368,1.898969524409026
SV211,visible,Matching,mll,147.62568126363462,322.06901994712564,0.9347807699802048,0.9441663236037434,2.4836202611088165,0.2,0.2402273289113996,0.9587647511503168
SV212,visible,Averaging,mll,53.058519902866976,132.93469722559038,0.9994638093259872,0.285948079162049,2.280530447954254,0.2,0.7015785844306237,0.8772189815258233
SV212,visible,Selection,mll,84.45031263571957,195.7182826912956,0.9915807875949932,0.4513649478751039,2.994500184327512,0.2,0.7626237007600856,1.0906229488058024
SV212,visible,Matching,mll,73.54684568142257,173.91134878270157,0.9995969952907752,0.0510931392797227,2.8405932308220696,0.2,0.7631331776661475,0.9704177318637874
SV213,visible,Averaging,mll,87.04208713578329,200.901831691423,0.9990049746877124,0.8846268713705355,1.5182987298563757,0.2,0.537837934842147,0.968914972843637
SV213,visible,Selection,mll,91.72289690337324,210.26345122660288,0.9978350105006808,0.999297330929356,2.762579743618772,0.2,0.3569471951411385,0.9656730957210377
SV213,visible,Matching,mll,86.6799650790624,200.17758757798123,0.9992514429092276,0.9348968394702142,1.856332773591937,0.2,0.6519487245761352,0.9765768667564269
SV214,visible,Averaging,mll,25.343552021795716,77.50476146344785,0.9998968717106465,0.2215997787903851,1.8673821138213085,0.2,0.588394258636283,0.9606928942804852
SV214,visible,Selection,mll,25.50035163856847,77.81836069699337,0.999931097428182,0.4396212719536568,2.9812462867468423,0.2,0.356113025332564,1.3532437642131083
SV214,visible,Matching,mll,45.43979928897057,117.69725599779755,0.988157172002048,0.235628386228387,2.9944930434021133,0.2,0.6959696435382383,1.0102583805214818
SV215,visible,Averaging,mll,215.47944868562269,457.6923411543105,0.9929010045606588,0.9221225225587502,0.6421017808512263,0.2,1.227880524116204,0.7763625742378572
SV215,visible,Selection,mll,215.4451080388402,457.62365986074553,0.9957102320217088,0.8398786061739477,0.6009646333290586,0.2,0.78491488879372,0.9180552354858854
SV215,visible,Matching,mll,210.05626961380216,446.84598301066944,0.9955685726672914,0.9021177478564378,0.7931177078107987,0.2,0.5702792265784152,0.6943653398495503
SV216,visible,Averaging,mll,100.76782764498068,228.3533127098178,0.9973425964651288,0.949351870581828,0.3651643414427389,0.2,0.7341316093319314,1.691415913760428
SV216,visible,Selection,mll,100.09416105149286,227.00597952284213,0.9991737414949624,0.8051863176839831,0.4269027556921902,0.2,0.5001412842044166,1.2484611231851868
SV216,visible,Matching,mll,101.45079767121608,229.71925276228856,0.9981510878247952,0.9295218497791132,0.3726155449835873,0.2,0.5351962444612868,1.317036517939732
LV001,invisible,Averaging,mll,84.54187126654791,194.40262615518665,0.9790503100325118,6.561744687811544e-05,0.8435988220871203,0.2,0.4059758700276718,0.1006609096984434
LV001,invisible,Selection,mll,338.79269951297846,702.9042826480477,0.4516536463359346,0.0363024669120995,0.8602699002540528,0.2,2.997816852900984,1.6646106464202135
LV001,invisible,Matching,mll,83.10434571082347,191.52757504373773,0.9795288072285304,0.0019736535318922,0.8542052613565405,0.2,0.4061397588853979,0.1005463830468259
LV002,invisible,Averaging,mll,194.13879144271647,413.83182850761546,0.9486379297609028,0.968706615766201,0.8108820109477054,0.2,0.5696773717616308,0.1004535422207178
LV002,invisible,Selection,mll,173.79379524807163,373.1418361183258,0.9684551178457816,0.8620764722477342,0.7715111170807484,0.2,0.5180395696198764,0.100616168985798
LV002,invisible,Matching,mll,184.29620568869151,394.1466569995656,0.9467461115608652,0.9607013260982988,0.6565798215836738,0.2,0.5060542325615038,0.1008385846223371
LV003,invisible,Averaging,mll,127.20105857844482,276.2911998515755,0.4813306884676881,0.0124473633265067,0.8505327267857721,0.2,2.9997664838413285,1.5941671955929293
LV003,invisible,Selection,mll,123.30038838438402,268.489859463454,0.4898762213427584,0.1081092102411593,0.857029108071009,0.2,2.999657716788415,1.60507853561226
LV003,invisible,Matching,mll,124.775113303889,271.43930930246387,0.4842678882790293,0.0286972084891759,0.8526487144248172,0.2,2.999721205999857,1.577519710436918
LV005,invisible,Averaging,mll,124.84955137594164,272.8097120447739,0.9082912823501308,0.1941257433307252,0.8197637994048443,0.2,0.5107244579062311,0.1003696847463005
LV005,invisible,Selection,mll,101.8772770983244,226.8651634895394,0.9743992046975932,0.2903170944444862,0.8835598855999597,0.2,0.6383385023777318,0.1097584858029272
LV005,invisible,Matching,mll,102.25536805428445,227.6213454014595,0.994278152074276,0.1979341990068511,0.8279992043263948,0.2,0.4994633520824881,0.100043673765269
LV008,invisible,Averaging,mll,71.13202536997997,168.14724875509037,0.985879070491601,9.49299155619916e-06,0.8640424247702346,0.2,0.4267810379433514,0.1001306309985988
LV008,invisible,Selection,mll,71.21945778707138,168.32211358927316,0.985406362910459,0.0022828462233951,0.8610419651290542,0.2,0.4221278619551921,0.1002550622524588
LV008,invisible,Matching,mll,71.68338785514834,169.24997372542708,0.985116949504342,0.000334995881041,0.8557342788478404,0.2,0.4226292191523504,0.1006338497385577
LV009,invisible,Averaging,mll,65.24886739239017,153.60834407767095,0.9882215418434748,0.0185524472424266,0.8401900654349549,0.2,0.4500488064777113,0.1001248188843639
LV009,invisible,Selection,mll,81.86125519512422,186.83311968313905,0.9553609797144448,0.2376275723472287,0.8106207116892763,0.2,0.3857301039967183,0.1168804423882768
LV009,invisible,Matching,mll,65.29141943793911,153.69344816876884,0.985145597531874,0.0035152833422343,0.853060241459126,0.2,0.4808919835721333,0.1008127540671315
LV011,invisible,Averaging,mll,227.38481520267507,479.4313018222758,0.6789314719691508,2.2785669585430155e-05,0.8350248200604437,0.2,2.944155324708368,0.1066684825179907
LV011,invisible,Selection,mll,177.42408318919036,379.5098377953064,0.8538579659160297,0.2362935488909196,2.892010300240825,0.2,2.9991427830823776,0.1112965503364728
LV011,invisible,Matching,mll,211.7416380257896,448.1449474685049,0.7341237474464519,0.0010424640551734,1.018601157222802,0.2,2.390733499974435,0.1011093708849702
LV012,invisible,Averaging,mll,481.8963475453649,990.6103525105862,0.4627281830921969,0.0197180906407502,0.8419889924092984,0.2,2.990733452369829,1.70601657284386
LV012,invisible,Selection,mll,471.15006649603015,969.1177904119168,0.476205568410193,0.1070374179061488,0.8563381298231116,0.2,2.9995509013677872,1.722010490111316
LV012,invisible,Matching,mll,472.6115896562502,972.0408367323568,0.4746719274334882,0.0146985553600245,0.8533369461594027,0.2,2.999832775311362,1.6786422323354462
LV013,invisible,Averaging,mll,225.1358047391862,477.0892668982288,0.981712788624689,0.0023914389244018,0.8515893747272045,0.2,0.4337679218637199,0.1020522633239541
LV013,invisible,Selection,mll,212.97140491640792,452.7604672526722,0.985398278537564,0.071827334487365,0.8592814549795074,0.2,0.444372992072668,0.1000645131087448
LV013,invisible,Matching,mll,214.23648470591172,455.2906268316799,0.9840842886899324,0.0151895041014042,0.8522673836962773,0.2,0.4373719777290065,0.1005347291442041
LV015,invisible,Averaging,mll,18.11400009941027,50.33344229728519,0.8848546232043568,0.4733570952984983,2.987632942635356,0.2,0.3988911990085985,0.4220330699441006
LV015,invisible,Selection,mll,23.48181498845864,61.069072075381925,0.6614848481287203,0.0473551712993384,0.8539703687079687,0.2,0.5987135831178878,0.4585994383139125
LV015,invisible,Matching,mll,23.47501231975067,61.05546673796599,0.6618846604495974,0.0017858232631765,0.8612047779283906,0.2,0.6205364108307514,0.4625536473125667
LV016,invisible,Averaging,mll,107.51694228495803,241.3174164192744,0.9795147509459062,5.20381628469629e-05,0.8639545978042077,0.2,0.4102914561029508,0.1000838017791491
LV016,invisible,Selection,mll,108.28383450074514,242.8512008508486,0.9784222276130176,0.0110851915844005,0.8540239512379532,0.2,0.4069474725740113,0.1005556033980414
LV016,invisible,Matching,mll,108.2820592049264,242.84765025921115,0.978466553119526,4.097647831563488e-05,0.8529629197808404,0.2,0.4073095008190414,0.1001343748095663
LV019,invisible,Averaging,mll,3.345329075623079,18.023511527471022,0.9424436150542314,0.8981036824052111,1.8761072267398444,0.2,1.8920978547462952,0.1027492294994705
LV019,invisible,Selection,mll,3.6426105032223295,18.618074382669526,0.8852435269784601,0.9025052712655682,0.4498988452823411,0.2,0.5279601415996537,0.1006182627318371
LV019,invisible,Matching,mll,3.062449139247627,17.45775165472012,0.9440496036907036,0.9341179345235324,0.5621572098458572,0.2,0.5189222310627429,0.1014467786247126
LV021,invisible,Averaging,mll,20.003540351821776,59.657700246587765,0.9920611649019916,3.5235166291157585e-05,0.860717409698323,0.2,0.4519361250884737,0.1002155536422609
LV021,invisible,Selection,mll,20.05832722388497,59.76727399071415,0.991738328406583,0.001322107637979,0.8546342210796529,0.2,0.4522092117127854,0.1003772524388726
LV021,invisible,Matching,mll,20.071483213010342,59.793585968964905,0.9917157887475908,5.356650492663244e-05,0.8537444802121,0.2,0.4495490062132305,0.1003102114275088
LV022,invisible,Averaging,mll,65.42065731620461,155.0496713081069,0.992250129832062,0.0001135747586359,0.8602134376875045,0.2,0.453937750885787,0.1005853284859132
LV022,invisible,Selection,mll,66.00786259256154,156.22408186082075,0.991211894305516,0.0029700331978692,0.838510853762155,0.2,0.4502587985618135,0.1000826833818923
LV022,invisible,Matching,mll,65.64498997333955,155.49833662237677,0.9919210226246864,8.447669451177411e-05,0.853178028225498,0.2,0.4496294959388313,0.1002414581779825
LV023,invisible,Averaging,mll,420.2512649853618,865.8214135928145,0.4853217589037796,0.0958500603761337,0.8338122138445578,0.2,2.9995196830182165,1.6755839578032163
LV023,invisible,Selection,mll,248.75357558177177,522.8260347856343,0.9731830045110288,0.2409935111436022,0.854603941817998,0.2,0.4608553220412556,0.1002127240427613
LV023,invisible,Matching,mll,412.693924154448,850.7067319309868,0.5022213212079216,0.1108364130702875,0.8306514511941814,0.2,2.9992509300805907,1.6469820341732735
LV024,invisible,Averaging,mll,87.6606367148834,199.36634212738343,0.9830217447434152,0.0037017673164271,0.8518179405150218,0.2,0.4296671791366885,0.1016429951054697
LV024,invisible,Selection,mll,79.13750345733517,182.32007561228696,0.9876015242709943,0.0817335094471461,0.8589782544756007,0.2,0.4373402893168739,0.1010137518998131
LV024,invisible,Matching,mll,80.84152276922745,185.72811423607155,0.9846456748290996,0.0136224414440009,0.8511429773633162,0.2,0.4284780372623264,0.1007472199302254
LV025,invisible,Averaging,mll,44.08630168220211,112.6888042046464,0.984877477470382,0.0001300513574277,0.8644110601974477,0.2,0.4200077756734793,0.1004712423534096
LV025,invisible,Selection,mll,44.596521899044255,113.70924463833067,0.9842744337662666,0.0054993128912284,0.853779324795971,0.2,0.4192845649217484,0.1017152023804578
LV025,invisible,Matching,mll,44.61195039975361,113.7401016397494,0.9842613340001948,0.0002606313980606,0.8535819308941508,0.2,0.4194134318752081,0.1013799239991637
SV103,invisible,Averaging,mll,4.176390650917895,19.68563467806065,0.7752690545199019,0.0018564582150028,0.71852618762174,0.2,0.5762014205922867,0.1141567582540752
SV103,invisible,Selection,mll,3.2531704539343487,17.839194284093562,0.8665187819113724,0.4928267204907005,0.7944283767374669,0.2,0.5549037594862498,0.103118211629986
SV103,invisible,Matching,mll,3.646021360855004,18.624896097934872,0.8462198324479799,0.3814521483966213,0.8033925266696595,0.2,0.5227749368285693,0.1026101445717276
SV111,invisible,Averaging,mll,9.630514710706844,30.593882797638557,0.4422392519821535,0.0044096107812,0.8530611222523383,0.2,2.9993438266625403,1.662557333187465
SV111,invisible,Selection,mll,9.669552786636538,30.67195894949794,0.4401781635100893,0.0990892341254383,0.8558006251513359,0.2,2.999417744757485,1.769576106928092
SV111,invisible,Matching,mll,10.4978112832136,32.32847594265206,0.3871615361608087,0.211393512722009,0.8488288300707372,0.2,2.872372464417737,1.6704977893119797
SV113,invisible,Averaging,mll,7.635140018773642,29.37572213601193,0.927486762493218,0.0441724811565131,0.8386134435286074,0.2,0.4835514877209459,0.1030504143314993
SV113,invisible,Selection,mll,7.145716460375073,28.396875019214797,0.93698728201224,0.1408384363495463,0.8223248432670335,0.2,0.5220030363489238,0.102335474374149
SV113,invisible,Matching,mll,6.837818614186428,27.781079326837503,0.9558951886165108,0.1242201779339759,0.8390304403921098,0.2,0.4782552735354836,0.1011014917991698
SV119,invisible,Averaging,mll,5.196538592771662,21.725930561768187,0.8780040648668245,0.3727334160561201,0.436978331652247,0.2,0.408489079562927,0.1004077703532963
SV119,invisible,Selection,mll,4.754030881112792,20.84091513845045,0.9150357895526344,0.5212742019082464,0.4270336621722626,0.2,0.3876262289095604,0.1002082607265836
SV119,invisible,Matching,mll,4.720063770590416,20.772980917405697,0.9332426803808288,0.67987203832526,0.5083104039705615,0.2,0.402785860447536,0.1002524105384709
SV215,invisible,Averaging,mll,9.128015186189426,29.58888374860372,0.4491061183246156,0.0492835289709482,0.843582208478156,0.2,2.999185873995697,1.9368532095635764
SV215,invisible,Selection,mll,8.920195114409376,29.173243605043616,0.4616252060913308,0.1811404155007738,0.8431449217519604,0.2,2.999469887974865,2.114345914719648
SV215,invisible,Matching,mll,8.99257037590026,29.317994128025383,0.4577583616766031,0.0480137944307059,0.8380349737384952,0.2,2.9997066799597327,1.923771003361856
LV001,5,Averaging,mll,60.47057965732452,143.36436757983304,0.9964897304767424,0.4216860810641663,0.4391731814214782,0.2,1.091925149003451,0.2042946720899703
LV001,5,Selection,mll,59.17800015980289,140.7792085847898,0.9981411464384906,0.4218710112964668,0.5887284912074641,0.2,0.5300719561244887,0.6846134917424344
LV001,5,Matching,mll,60.0382553703708,142.49971900592558,0.9974119005790412,0.3527356128896554,0.3876194884962669,0.2,0.8118415537251984,0.2029056352601225
LV002,5,Averaging,mll,132.13659897486866,286.6964062149213,0.899560306825117,0.9371278486777264,0.7101957512824605,0.2,0.742054649748983,0.100878416838203
LV002,5,Selection,mll,133.1538220301607,288.7308523255054,0.8847759142811737,0.8357419870095717,0.4792387043589533,0.2,0.5076650034174797,0.1002907792029614
LV002,5,Matching,mll,118.25819523785478,258.9395987408936,0.8955011316420476,0.8061288366456155,1.7100223853515362,0.2,2.989998086575286,0.9915284070985848
LV003,5,Averaging,mll,88.23023931633185,198.8836868978477,0.9294986703115508,0.7389886945578057,0.5662424868764692,0.2,0.915329360847166,0.1014779348317871
LV003,5,Selection,mll,75.46862258131351,173.36045342781102,0.9694478462173882,0.5204756682945435,0.5285547517416054,0.2,0.600871206845767,0.1031923310893092
LV003,5,Matching,mll,72.2159931480503,166.8551945612846,0.977652264915166,0.7002807317045529,0.8656752214315232,0.2,0.770686385354891,0.1796293679087985
LV005,5,Averaging,mll,95.18060927920598,212.784426823596,0.9123973456439868,0.3685412971482654,0.6835435274592436,0.2,0.7073083140426024,0.1003902963612056
LV005,5,Selection,mll,79.9373680252962,182.2979443157764,0.9968230578768073,0.3990858596964755,0.5876495221333903,0.2,0.5616621202638151,0.1000629414950201
LV005,5,Matching,mll,83.7079606322607,189.8391295297054,0.9956179246628912,0.4458234809272063,0.767376840998125,0.2,0.6641668014323614,0.1003963103542353
LV007,5,Averaging,mll,35.658312411610865,93.73983308840572,0.9999382524414526,0.6074902652015794,0.4838146373765992,0.2,0.7200460851491027,1.888116812502708
LV007,5,Selection,mll,37.82948957039558,98.08218740597516,0.9971701698245294,0.8407353542528992,0.422942503208575,0.2,0.6300096583269773,1.6027718184515514
LV007,5,Matching,mll,36.01755535844409,94.45831898207216,0.9997856064920104,0.6900242296148213,0.5865195946999142,0.2,0.5841656528776852,1.408092193504056
LV008,5,Averaging,mll,80.46166543818384,183.3465391415517,0.9989917129848448,0.0935992036245941,0.8172022107600059,0.2,0.8110134980759371,0.1040540854518932
LV008,5,Selection,mll,80.53661300867944,183.49643428254288,0.9980621629272416,0.155978574685119,0.8721171007931591,0.2,0.683412838075916,0.32027948332912
LV008,5,Matching,mll,80.56786153369858,183.55893133258115,0.9984240337923476,0.0353611517488036,0.812467612691769,0.2,0.7421843882430396,0.2419302173681329
LV009,5,Averaging,mll,82.9788897158612,188.3809876969064,0.995734879763753,0.0955291725092843,0.7896123501515168,0.2,0.7534632305836204,0.3599950501971016
LV009,5,Selection,mll,83.24413229907611,188.91147286333623,0.9927157176837308,0.1512950423297232,0.8516369766788889,0.2,0.7430281616284002,0.4446594767059157
LV009,5,Matching,mll,83.1475540509617,188.7183163671074,0.9926837610635746,0.0170062054677012,0.8625449526890083,0.2,0.7463510380895658,0.435042392512467
LV011,5,Averaging,mll,116.21158894701496,254.8463861592139,0.8329382659781779,0.0011114159546869,0.848148270611809,0.2,2.998540264454564,1.6588931518322303
LV011,5,Selection,mll,98.99081232272052,220.40483291062503,0.9341431818791592,0.2362819043372554,1.7740496712685414,0.2,2.998547125276028,1.6458526871041503
LV011,5,Matching,mll,105.6058900763014,233.6349884177868,0.8981367176494134,0.0545630411709757,1.1891796754947108,0.2,2.997912916755223,0.922864420104087
LV012,5,Averaging,mll,178.5030490333796,379.4293063319432,0.4486095966699598,0.0225042129322024,0.8264761552619097,0.2,2.999633270787716,1.9188025744208173
LV012,5,Selection,mll,177.37499819123627,377.1732046476565,0.4542807574632178,0.1496052400386775,0.8436090768914465,0.2,2.999627969390028,2.1799795434605507
LV012,5,Matching,mll,178.04823057848472,378.5196694221534,0.452815657144278,0.0371359139398927,0.8485564017398727,0.2,2.998925187435138,2.048501331215801
LV013,5,Averaging,mll,70.07661437608859,162.57643701736117,0.9799623980018572,0.0078000368319504,0.8660508381025157,0.2,0.4381963843062284,0.1047734079307831
LV013,5,Selection,mll,60.77088979640722,143.96498785799844,0.9865493129343378,0.1080295618555218,0.8520814029745417,0.2,0.457676052931927,0.100313932132123
LV013,5,Matching,mll,61.380987466538286,145.18518319826055,0.9855046371632192,0.0341526437087054,0.8482059160498067,0.2,0.4407883124018977,0.100197080671782
LV015,5,Averaging,mll,18.775310260120165,59.97382878542432,0.9984665933349736,0.0586995532745109,2.6394337154311263,0.2,0.6022689461811992,0.9958665439927816
LV015,5,Selection,mll,18.733463684065807,59.89013563331561,0.9984698064185517,0.1803929834570758,2.7674926869715195,0.2,0.5838402647485516,1.0385725299004775
LV015,5,Matching,mll,18.730048944911672,59.88330615500733,0.9984700716132489,0.0003212759565808,2.744587579679503,0.2,0.5806961876431885,1.044236884543125
LV016,5,Averaging,mll,95.21497330712168,212.85315487942736,0.9869401802411012,0.0003538028791169,0.8523601275683258,0.2,0.5286913897507822,0.1040527655234283
LV016,5,Selection,mll,95.15257067536888,212.72834961592176,0.9866387633706156,0.0004832963961559,0.855896278094826,0.2,0.539873758427831,0.1000670362000718
LV016,5,Matching,mll,95.1779645532482,212.7791373716804,0.9872087712970395,0.0002196905194175,0.8543929255461772,0.2,0.5294915985392259,0.1009635197994742
LV017,5,Averaging,mll,3.645815751366386,29.714839767916764,0.9998881974766256,0.0443012265654062,2.827138103274048,0.2,0.727593685270131,0.9713203213808572
LV017,5,Selection,mll,3.7444285281679672,29.912065321519925,0.9998756632066764,0.2338474229794125,2.7583783953316217,0.2,0.7387591434419915,0.9667772310199104
LV017,5,Matching,mll,3.800464452700352,30.02413717058469,0.9998706073033544,0.000296634489711,2.8443577965888163,0.2,0.6670006052001842,0.9424821639421186
LV018,5,Averaging,mll,25.48188582598008,73.38697991714415,0.9997914036560288,0.9365420948433844,0.4237217553528862,0.2,0.9142955755130536,2.4077632569248
LV018,5,Selection,mll,25.824951622800484,74.07311151078495,0.9995873897628456,0.9453265010404402,0.422248912947656,0.2,0.684369110540728,1.642746953538756
LV018,5,Matching,mll,25.98411003352557,74.39142833223514,0.9995089293127136,0.9548524721768396,0.3778313732298312,0.2,1.022845436073801,2.800168020281673
LV019,5,Averaging,mll,13.032123753938832,48.48745577306165,0.9998761585334944,0.9379679854926978,1.7669927134903145,0.2,0.7821191065939871,1.0628978245958436
LV019,5,Selection,mll,13.48246568009908,49.38813962538215,0.999717354035731,0.9380596446449204,1.835634060575062,0.2,0.7308961585613718,0.9957824878980998
LV019,5,Matching,mll,13.169338487411656,48.7618852400073,0.999850720733292,0.985689560728174,2.299859903836172,0.2,0.7937008553161292,0.9920346436434478
LV020,5,Averaging,mll,70.55375303240186,163.53071432998772,0.9849290150507,0.8331117477339758,2.19722952942524,0.2,1.3053527407073402,2.7910008818295804
LV020,5,Selection,mll,70.70187883167068,163.82696592852537,0.9849472476665916,0.568859728993424,2.797501005312692,0.2,1.1883096365653474,2.617850245418455
LV020,5,Matching,mll,70.75693041678865,163.9370690987613,0.9848884342868752,0.8048319641119299,2.515647733967744,0.2,0.8126283795382958,2.189096504354894
LV021,5,Averaging,mll,15.874274943112106,54.1717581514082,0.9987013675121368,0.0879261945638763,2.8994057612469213,0.2,0.7142085479995922,0.9314837129249752
LV021,5,Selection,mll,16.040253727989516,54.50371572116302,0.9986875734404972,0.2203620940243411,2.8060175465141395,0.2,0.7371024950733291,0.9496480946886382
LV021,5,Matching,mll,15.998749342037314,54.420706949258616,0.9986973551827923,0.0003491084423026,2.9956143957866184,0.2,0.7523652924808296,0.964021883143334
LV022,5,Averaging,mll,89.29158305527525,201.0063743757345,0.9975727932313172,0.0022916273232658,0.839308628322495,0.2,0.6690238991401468,0.2603244652947763
LV022,5,Selection,mll,89.28519903352358,200.9936063322312,0.9975172721181452,0.0256000765562501,0.8361858878232296,0.2,0.6578313361951345,0.2699260171288795
LV022,5,Matching,mll,89.27050012400385,200.9642085131917,0.9975268576860928,0.0002448578734309,0.8576378951406985,0.2,0.645962839248348,0.2882181256311522
LV023,5,Averaging,mll,192.93733820700143,408.2978846791869,0.7109985367742272,0.0155057902363908,0.8246383552619944,0.2,1.5733177445164783,0.1004882870688087
LV023,5,Selection,mll,151.62207680165722,325.6673618684984,0.9525411710069756,0.3166791625474175,0.9048431446617622,0.2,0.6212818251884771,0.1110909375850304
LV023,5,Matching,mll,154.54795478364235,331.5191178324687,0.9400184745521514,0.2209847991495257,0.8237992656677634,0.2,0.50457093739746,0.1007371834085412
LV024,5,Averaging,mll,213.9361014032576,450.2954110716992,0.7665035662586066,0.0020591961335826,0.8316783054707021,0.2,2.961751845383636,0.1095685789720073
LV024,5,Selection,mll,203.2999070470339,429.0230223592518,0.8450221102637013,0.351865068106213,0.9080080728733172,0.2,1.3003411003190897,0.1013703718902262
LV024,5,Matching,mll,212.03306345155505,446.4893351682941,0.7778592691247477,0.130320153142229,0.8367490117379108,0.2,1.6955929409523411,0.1003356081466194
LV025,5,Averaging,mll,112.24872283415851,246.92065393350103,0.968481912342498,0.0001252120565469,0.8642896860414738,0.2,0.9393682342173428,0.1012226378604564
LV025,5,Selection,mll,112.67678361939797,247.7767755039799,0.972185861573389,0.0387850831382579,0.854729153652203,0.2,0.8892428804920901,0.1003893381226471
LV025,5,Matching,mll,112.31834345156932,247.05989516832267,0.9670533421708336,0.0024242210619436,0.8533836605521996,0.2,0.9344273801351384,0.104660395480192
SV103,5,Averaging,mll,62.3774215714301,147.17805140804418,0.9961637321099774,0.9141319894992888,0.3023177964080212,0.2,0.7873800018845326,2.8970273004276192
SV103,5,Selection,mll,62.74239217489553,147.90799261497506,0.9957785133272716,0.904871825413996,0.3740674290710232,0.2,0.4967893586128563,1.8015468514315216
SV103,5,Matching,mll,61.71272732752635,145.8486629202367,0.9954548441691776,0.8042664924813303,0.3585484295467396,0.2,0.7677628915435649,2.86331354099234
SV110,5,Averaging,mll,19.964920819090207,62.35304990336441,0.9999137588343572,0.8526504085870537,0.8397812307101743,0.2,0.4344157402101462,1.2205979837789582
SV110,5,Selection,mll,20.385857179084105,63.1949226233522,0.999848901728941,0.805983742231839,0.5297575977140462,0.2,0.2959223824413289,1.5196124869779368
SV110,5,Matching,mll,19.87214950066885,62.167507266521696,0.999946440797996,0.8115297421066834,1.6765970982026976,0.2,0.2933819448666187,1.3575742615703492
SV111,5,Averaging,mll,76.96272025729812,176.34864877978023,0.9830788748632316,0.8550651188565331,0.8507801211914532,0.2,0.887223698028174,2.302417331151851
SV111,5,Selection,mll,79.20237424512464,180.8279567554333,0.980651596312433,0.8325185359110141,0.7181746766230659,0.2,0.7735695764389738,2.179136100824388
SV111,5,Matching,mll,75.84704703363401,174.11730233245203,0.9847691050577418,0.7875446644967417,0.94255119936661,0.2,0.9737702230496226,2.589811168217286
SV113,5,Averaging,mll,34.981825349855505,92.386858964895,0.9968423950639956,0.929744549919792,0.848631263601556,0.2,1.0360934392171774,2.23265443829932
SV113,5,Selection,mll,35.9789619644983,94.3811321941806,0.9958238202038072,0.8888433333636784,1.0125712977638406,0.2,0.7048815927067028,1.4255216175830043
SV113,5,Matching,mll,32.096174548393,86.61555736196999,0.9983981269792198,0.9217103575796768,2.3153613611040837,0.2,1.3585699906043145,1.9494813277507077
SV119,5,Averaging,mll,42.583469984300365,107.59014823378472,0.9980276070757542,0.7555594953799065,0.3093037448168036,0.2,0.6772628508089752,1.894049208108454
SV119,5,Selection,mll,43.13697004062387,108.69714834643172,0.997567245473278,0.7498877109661013,0.3174686654511181,0.2,0.5788514535681885,1.863729696025208
SV119,5,Matching,mll,67.6749493316519,157.7731069284878,0.866416333218941,0.8405893219568636,2.8748756802794917,0.2,0.7641062468791878,1.047501758160762
SV201,5,Averaging,mll,25.131584896608015,72.68637805840002,0.9995200211015258,0.9791954560207085,0.3256726043298029,0.2,0.4865465787327013,1.7803440637317005
SV201,5,Selection,mll,25.02537166373115,72.47395159264629,0.9998272589813122,0.8404003503718281,0.4741212653919746,0.2,0.3952885983992247,1.4278490903811731
SV201,5,Matching,mll,24.60833646273517,71.63988119065434,0.999983109533762,0.6879180741952976,2.553969443130661,0.2,0.5815402675303954,1.0295473121336358
SV202,5,Averaging,mll,54.088190354933296,130.59958897505058,0.9922172394219484,0.0031885254181245,2.806896620732716,0.2,0.7370460768621924,1.0070002734766454
SV202,5,Selection,mll,54.005097977766965,130.43340422071793,0.992220400132568,0.0782034594885049,2.9892854574758334,0.2,0.7667958350398804,0.9634706687849824
SV202,5,Matching,mll,54.0522998640614,130.5278079933068,0.9922140827635408,0.0002385888887096,2.9674905214254177,0.2,0.7687629669749411,0.9630384441205928
SV203,5,Averaging,mll,6.469936142622084,35.36308055042816,0.9998812254071,0.9334645223988396,2.3154353741466065,0.2,0.3543423771348634,1.3738611480382164
SV203,5,Selection,mll,6.465603777458009,35.35441582010001,0.9998836932539636,0.9563392117635432,1.866284676595628,0.2,0.3485586152337947,1.3902018338931683
SV203,5,Matching,mll,6.532758877827358,35.488726020838705,0.9998899802074106,0.9968835405934604,2.31540528015424,0.2,0.4539373600673443,1.4450145374045276
SV204,5,Averaging,mll,21.6536918751668,65.73059201551759,0.9983503825995156,0.926104138269138,2.5638556636234995,0.2,0.7858016577766588,1.4920431190398775
SV204,5,Selection,mll,21.46203294338791,65.34727415195981,0.9983719256790818,0.9850566355306848,2.562131317270646,0.2,0.2626377514464245,1.4964678073304831
SV204,5,Matching,mll,21.64342601544074,65.71006029606546,0.9983541618843994,0.9997323292300572,2.5808307734636133,0.2,0.7574724905492727,1.4989465962995516
SV205,5,Averaging,mll,31.20475846700332,84.83272519919063,0.998413611004126,0.7073123935130564,0.2309951724779486,0.2,0.4598933011647852,1.822136876896309
SV205,5,Selection,mll,31.342220528915902,85.10764932301579,0.9983280183818832,0.6098640531472583,0.216785249532106,0.2,0.4302680939713358,2.0881710295831644
SV205,5,Matching,mll,42.78667264991437,107.99655356501272,0.9425163945473088,0.512732118948649,2.9909774006017247,0.2,0.3297558737799925,0.9999004795941694
SV206,5,Averaging,mll,98.95349389316816,220.33019605152035,0.9826871874027784,0.1601370099960814,2.230268504330754,0.2,0.9678555906578868,1.4908176352920297
SV206,5,Selection,mll,100.0935134483471,222.6102351618782,0.973948605241455,0.1457520898307187,1.1415127936502747,0.2,0.7447466091713162,1.5863598822041445
SV206,5,Matching,mll,98.82927279278888,220.08175385076177,0.9825905934016564,0.2676781980853032,0.7846096023076324,0.2,0.6946449036857737,1.73372533037981
SV207,5,Averaging,mll,20.67131820824117,63.76584468166634,0.9993389050534836,0.1084139977768371,2.819372594577639,0.2,0.7300652351036291,0.7612634096740649
SV207,5,Selection,mll,20.79336767011474,64.00994360541347,0.9992868481694313,0.0584968512678168,2.79683878988788,0.2,0.7637848313603349,0.8283765596533398
SV207,5,Matching,mll,20.80721056177162,64.03762938872723,0.9992813912260706,0.0002966284425308,2.6558411454358035,0.2,0.7411722945129617,0.8340227394838562
SV208,5,Averaging,mll,37.35575577461591,97.1347198144158,0.9983036699149688,0.8811830665058867,1.4968372532769745,0.2,0.6093391990107456,0.9655758451807114
SV208,5,Selection,mll,37.78464620451138,97.99250067420677,0.9982607774511072,0.8416266417711367,0.8435119586690938,0.2,0.5787318422521623,1.2533904945839935
SV208,5,Matching,mll,37.624611642478456,97.6724315501409,0.9982861158145098,0.9104636550274235,1.878446021837876,0.2,0.6624586091151948,0.9759021958341622
SV209,5,Averaging,mll,25.24177273270571,72.90675373059541,0.9994202697507568,0.9089902249000756,0.7051904322950869,0.2,0.9651015461262494,2.255652988859948
SV209,5,Selection,mll,24.71642409080583,71.85605644679565,0.9993842053500342,0.8202666799079835,0.7590306598741998,0.2,0.98933961802716,2.210888002883263
SV209,5,Matching,mll,24.3872802512403,71.19776876766458,0.999810979406758,0.9238019842661336,0.9379530416423576,0.2,0.9392770812146816,1.8442949035905245
SV210,5,Averaging,mll,22.683066527169547,67.78934131952309,0.998368147228049,0.9707100236722978,2.395919694020193,0.2,0.7409328828478589,1.4939974343609983
SV210,5,Selection,mll,22.666471365367556,67.7561509959191,0.9983721248019024,0.9397382807869026,2.4582255798584343,0.2,0.7765076071789541,1.4841595559970335
SV210,5,Matching,mll,22.724472298872687,67.87215286292937,0.998360520326728,0.9990472189688582,2.732356870655236,0.2,0.6935680601952771,1.362488668030282
SV211,5,Averaging,mll,29.836833091498463,82.09687444818093,0.9994912566058124,0.9057892112411706,0.3270314318338022,0.2,0.6209664893886425,1.5313346330724076
SV211,5,Selection,mll,30.329127498633248,83.08146326245048,0.9994054814487108,0.7912090898198557,0.3568441208764333,0.2,0.6109983445887961,1.6227658927605928
SV211,5,Matching,mll,47.274093724639386,116.97139571446276,0.9278454386868435,0.9443777098049052,2.468367925294757,0.2,0.2386650570977193,0.962973754130829
SV212,5,Averaging,mll,17.882290548930847,58.18778936304568,0.9990809565442073,0.0768494258996134,2.4837690123076905,0.2,0.8220643128363884,0.9664376318229048
SV212,5,Selection,mll,17.491074858803056,57.40535798279011,0.9990484516596804,0.3712452631574361,2.854404121275497,0.2,0.7926044209727245,0.8873627990138903
SV212,5,Matching,mll,18.655370912283335,59.73395008975066,0.9967242627745452,0.1085512840195393,2.9981455481634383,0.2,0.7679723996517246,0.8696780406507294
SV213,5,Averaging,mll,52.10478473140444,126.63277772799286,0.9935577668827013,0.8894870191334087,1.6310481525085752,0.2,0.6179338909371488,0.9636594215363956
SV213,5,Selection,mll,51.76485287648725,125.9529140181585,0.9935566933855192,0.8710912583512356,0.9086914103690464,0.2,0.520436729009236,1.0159964172767866
SV213,5,Matching,mll,51.89765594779175,126.21852016076748,0.993493837354484,0.92797112483784,2.2547133062476954,0.2,0.5337140274704384,0.7578739541115538
SV214,5,Averaging,mll,13.138521321806822,48.70025090879764,0.9988744841179658,0.4977900908893436,2.9676858424413006,0.2,0.3417893961250714,0.957074631529848
SV214,5,Selection,mll,25.11691259716521,72.65703345951442,0.9450539066855164,0.4995325076091094,2.9874280418548227,0.2,0.3525093983167414,1.3655884776542278
SV214,5,Matching,mll,16.039291639368628,54.50179154392124,0.9874509903400454,0.2380630142470744,2.9940886580836,0.2,0.7417619448026642,0.996835346692827
SV215,5,Averaging,mll,95.87860672755988,214.1804217203037,0.9852061696811598,0.7492446178161245,0.9866490964793544,0.2,2.0055707135822285,1.2636322774022215
SV215,5,Selection,mll,98.75925036729792,219.94170899977985,0.9747802405853662,0.6081819665426349,0.5404662263856493,0.2,1.852833806887983,0.5232286476713642
SV215,5,Matching,mll,96.61410651418232,215.65142129354865,0.986345552930707,0.7971243895446054,0.5521331403701585,0.2,2.1593196596856536,0.9794578375721577
SV216,5,Averaging,mll,47.8462299590561,118.1156681832962,0.9631390899861978,0.7581572692193835,0.2559159459018589,0.2,2.9996042905660687,2.054439633717406
SV216,5,Selection,mll,102.0579507666316,226.5391097984472,0.8870558057486071,0.9814279198177436,2.618246055687708,0.2,1.05830138631867,2.057884123877124
SV216,5,Matching,mll,54.83933562650104,132.10187951818608,0.9469726702695416,0.9655248101316828,2.9202840851433374,0.2,0.247168085094219,0.9722719850835058
LV001,10,Averaging,mll,19.485023654227337,61.39325557363867,0.982398243889007,4.174391860598062e-05,0.8655802366333165,0.2,0.4072263033310223,0.1003902622073388
LV001,10,Selection,mll,19.757086946214336,61.93738215761266,0.9804706661229264,0.0103284426661598,0.8566408256129566,0.2,0.4010306790011044,0.1000987425375908
LV001,10,Matching,mll,19.847346552459484,62.11790137010296,0.9818336095830044,5.2494845109318696e-05,0.8532874051879745,0.2,0.4069952250002286,0.1000294583784943
LV002,10,Averaging,mll,143.5592296121754,309.54166748953475,0.9188128649317476,0.9562314684480118,0.7668133352320795,0.2,0.6990591421403104,0.1001600447423193
LV002,10,Selection,mll,138.06778137129186,298.5587710077677,0.9256394239520354,0.8745780308844725,0.6139170499783498,0.2,0.5736458854107911,0.1004097957182973
LV002,10,Matching,mll,136.84745229104414,296.11811284727224,0.9303071985589452,0.9375619669485444,0.6273846249372346,0.2,0.566554654963775,0.1001778035141398
LV003,10,Averaging,mll,85.86327899991676,194.14976626501752,0.9319289995974838,0.7720820394876909,0.5784435861103312,0.2,1.0378727028541443,0.1006096207800138
LV003,10,Selection,mll,72.42680003746264,167.27680834010928,0.9639378642021436,0.5156993390008302,0.5450494774614728,0.2,0.5981477579075969,0.1022633172957502
LV003,10,Matching,mll,69.51656294847888,161.45633416214176,0.9783421165123942,0.7187258866548245,0.6589050095431703,0.2,0.7512695014791884,0.1059131273902607
LV005,10,Averaging,mll,121.41299054963127,265.2491893644465,0.8702244841269379,0.3636193925516658,0.6913688459086379,0.2,0.8104534069644758,0.1000588641801068
LV005,10,Selection,mll,102.70671904984472,227.83664636487345,0.9815383152744316,0.352790426761858,0.6623598201364493,0.2,0.6435608462500834,0.1056845550278348
LV005,10,Matching,mll,104.29346899348596,231.01014625215592,0.9670737096237508,0.4048588080436937,0.8337842892642074,0.2,0.7127959876705802,0.1091791357665184
LV007,10,Averaging,mll,50.770616852526345,123.96444197023668,0.997543093159238,0.9296979356270794,0.3518667431317653,0.2,0.8857078998814546,2.4181863625859177
LV007,10,Selection,mll,50.9429252835339,124.3090588322518,0.9975893881416004,0.8692303960868779,0.4323213323493041,0.2,0.5903712562039654,1.5303083394798636
LV007,10,Matching,mll,50.26498508491069,122.95317843500536,0.9979348011258172,0.6323615185854207,2.6133901106522845,0.2,0.7184422038848378,0.9659323614139484
LV008,10,Averaging,mll,42.52264111405783,107.46849049329964,0.9890010374540272,1.0970813893924888e-05,0.8475905481987865,0.2,0.4400164779413663,0.1011380315158073
LV008,10,Selection,mll,41.91279816769479,106.24880460057356,0.989709234379773,0.0373686671203739,0.8535037237455738,0.2,0.4428176930515579,0.1000440748820098
LV008,10,Matching,mll,41.8565871261313,106.1363825174466,0.9896295953237032,0.0029717566572935,0.8574167989185807,0.2,0.4429511194211063,0.1001274648536439
LV009,10,Averaging,mll,70.16321297802796,162.74963422123992,0.9989630410968044,0.0160165836425532,0.7786098466514829,0.2,0.6337412303552102,0.3534695619258213
LV009,10,Selection,mll,70.18829128487467,162.79979083493333,0.9988312352043026,0.0709186569241314,0.8133515675695898,0.2,0.6409405164461792,0.3816856727081687
LV009,10,Matching,mll,70.17678108479146,162.77677043476692,0.9989175404588992,0.0003515661688555,0.8693531975871993,0.2,0.6853409959370436,0.4025181962068255
LV011,10,Averaging,mll,111.36251903667768,245.1482463385393,0.836965024510654,0.0001047808541508,0.8713730546632965,0.2,2.9323165402971707,2.8846599155541903
LV011,10,Selection,mll,97.61145043774566,217.6461091406753,0.9200477803719844,0.3913811429647118,2.5604363830447605,0.2,2.98691780121697,1.8788676048414508
LV011,10,Matching,mll,102.17551211951464,226.7742325042133,0.8921606166225099,4.041633646403147e-05,1.2918121543367649,0.2,2.998863799740019,2.7966484495235395
LV012,10,Averaging,mll,158.82520271166345,340.0736136885109,0.4669778797282545,0.0232733263587654,0.8377785054450139,0.2,2.9989891669089763,1.6781451599398898
LV012,10,Selection,mll,153.77102941087196,329.9652670869279,0.4857148667355302,0.0908974268814554,0.8545486629330867,0.2,2.998152241137167,1.609995906566602
LV012,10,Matching,mll,154.46335796921088,331.3499242036057,0.4833441951192103,0.0054681826076729,0.853139322781341,0.2,2.9995832720351787,1.6376099251248295
LV013,10,Averaging,mll,89.72709678576895,201.8774018367219,0.9783962678218244,2.646040528458069e-05,0.8595099493004904,0.2,0.4538850746236988,0.1006342809795665
LV013,10,Selection,mll,89.29104944975776,201.00530716469956,0.9785009549323735,0.0354179598597594,0.8535386508075015,0.2,0.4523953403226102,0.1005497500181921
LV013,10,Matching,mll,89.35161935671064,201.1264469786053,0.9781839020278632,0.0039134346759671,0.8541078970511542,0.2,0.452497157092795,0.1024717653028997
LV015,10,Averaging,mll,43.94123441009267,110.30567708536933,0.9936626265977376,0.2771337696246705,2.9971211327117597,0.2,0.6069600247628978,0.6852846623749534
LV015,10,Selection,mll,45.28188373656886,112.9869757383217,0.9930837516629184,0.2587456549776927,2.9773051917426625,0.2,0.7359961382416023,0.8589296847965943
LV015,10,Matching,mll,45.45202108320592,113.32725043159584,0.9930489961833752,0.000274685116268,2.913014851596868,0.2,0.7943214027745374,0.9246970855546204
LV016,10,Averaging,mll,57.431785471866846,137.2867792089177,0.9866768479871876,2.5250880212244465e-05,0.8632317507813617,0.2,0.4496134903157005,0.1003701716646655
LV016,10,Selection,mll,57.72529799602041,137.8738042572248,0.9857548773660816,0.0126435562995822,0.8442571139837743,0.2,0.4442072161342437,0.1000959825284752
LV016,10,Matching,mll,57.56881244080255,137.5608331467891,0.9861063379773782,6.041202444552348e-05,0.8537702376720815,0.2,0.4447706688416667,0.1002509189335616
LV017,10,Averaging,mll,6.055990840290559,34.53518994576511,0.9999109758309382,0.090960447747474,2.41911660887975,0.2,0.4742767344825445,1.0044285853459956
LV017,10,Selection,mll,6.065837983438277,34.554884232060544,0.999932679257192,0.2539673829502188,2.327168142248276,0.2,0.5695460074844036,1.0392671831677325
LV017,10,Matching,mll,6.034902123339863,34.49301251186372,0.999929533887952,0.0003670899612849,2.131721821162863,0.2,0.5231731567037339,1.0480960038682463
LV018,10,Averaging,mll,18.321472570309115,59.06615340580223,0.9998396246105028,0.8629004538140188,0.933735634859349,0.2,0.4850420831037728,1.1627631271433096
LV018,10,Selection,mll,18.62425421529041,59.671716695764815,0.9997698810677365,0.8203270252518832,0.6659582314984397,0.2,0.4539899111708603,1.3984336666545718
LV018,10,Matching,mll,18.21163828741433,58.84648484001265,0.999928974972325,0.8206579584691416,2.626309478926219,0.2,0.586240376484148,1.1432822636346582
LV019,10,Averaging,mll,31.911304743536068,86.24581775225613,0.9983446018923456,0.9400220979126568,1.825466204765246,0.2,0.7753824755291437,1.085070361145282
LV019,10,Selection,mll,31.691004019285717,85.80521630375542,0.9983250631952988,0.8978533345304747,1.1796874142437492,0.2,0.7082879218478602,1.2168679375230604
LV019,10,Matching,mll,31.72433639262421,85.8718810504324,0.9983419447873668,0.9814200060002984,2.2982472766744566,0.2,0.7827051416484903,0.9476078525652076
LV020,10,Averaging,mll,128.11175977783256,278.6467278208491,0.9367417222628668,0.8332749284670917,2.819576204502294,0.2,2.051655987256136,2.878307712504815
LV020,10,Selection,mll,128.84346696434312,280.1101421938702,0.9364145483220642,0.5596127726741997,2.3861093071777466,0.2,1.799853252735638,2.9962638693831343
LV020,10,Matching,mll,129.36824839664487,281.1597050584737,0.9354442204986428,0.7974458124869264,1.5311290777763134,0.2,1.4611838271857205,2.989372065076455
LV021,10,Averaging,mll,23.924180391285923,70.27156904775583,0.9987141222018804,0.1427656205391795,2.516878063819103,0.2,0.8089634364922238,0.8201299785753227
LV021,10,Selection,mll,24.264693309379755,70.9525948839435,0.9982657694211386,0.3481889344444562,2.7581236990915468,0.2,0.8141896410546102,0.860877721855171
LV021,10,Matching,mll,24.203327392598464,70.82986305038092,0.9983412233452764,0.0230268767539779,2.9184912242507584,0.2,0.8211908028352609,0.8464619804573749
LV022,10,Averaging,mll,72.95463791950748,168.33248410419895,0.9990941999809648,0.0010437317835481,0.8568571649508464,0.2,0.672061479324735,0.2089569681976547
LV022,10,Selection,mll,72.9659600208833,168.3551283069506,0.999151279295022,0.0303076069516826,0.8398253868880196,0.2,0.690182906225919,0.1800712891075265
LV022,10,Matching,mll,72.95370284953825,168.3306139642605,0.999173573858952,7.872763745766614e-05,0.8641329524484678,0.2,0.7085388595431446,0.181752585647656
LV023,10,Averaging,mll,192.08689052216948,406.5969893095229,0.6960074966208453,0.0043703601459005,0.8126899465437102,0.2,1.6725450559336783,0.1019984488692579
LV023,10,Selection,mll,171.01134551007743,364.4458992853389,0.8520109621678577,0.3712099569537114,0.87105651093133,0.2,0.9412349627207388,0.1006674093108769
LV023,10,Matching,mll,176.75546782477096,375.9341439147259,0.9443722375375267,0.2582299933774785,0.8339514049845005,0.2,0.5037143890168202,0.1002943885509933
LV024,10,Averaging,mll,201.54252828862747,425.5082648424389,0.746940753507349,0.0041851076021734,0.8289210693974256,0.2,2.5786092428520946,0.1065601381501359
LV024,10,Selection,mll,189.27030079874527,400.9638098626746,0.8470189158355679,0.3524089177045884,0.8942091101060432,0.2,1.110462823636724,0.101460865039724
LV024,10,Matching,mll,199.1591757767984,420.74155981878073,0.7605206405493073,0.115156678969641,0.8389565820504118,0.2,1.791411747127295,0.1021832362063065
LV025,10,Averaging,mll,70.84613884855052,164.11548596228505,0.9961324637091143,0.0010901418191428,0.8590333267370621,0.2,0.6141375510817358,0.1050253287381697
LV025,10,Selection,mll,70.4985671895345,163.420342644253,0.9966596722248192,0.037650610099544,0.8571911570952774,0.2,0.6148573269252905,0.1019090583199218
LV025,10,Matching,mll,70.53521632776442,163.49364092071283,0.9965208076694492,0.0031019262646775,0.8479889708741015,0.2,0.6105910165202236,0.1013882273979768
SV103,10,Averaging,mll,116.65636046356316,255.7359291923103,0.9688940431633652,0.9193731775112703,0.3797670935492434,0.2,0.7839223297212593,2.0945656348302006
SV103,10,Selection,mll,116.89817311061036,256.2195544864047,0.9687698863395492,0.8794866473299883,0.4223381938417225,0.2,0.6240338173107627,1.6037849355749598
SV103,10,Matching,mll,117.59317208011328,257.6095524254105,0.9672624394110008,0.9777198646508666,0.345086022889531,0.2,0.6131543360856473,1.575458407484772
SV110,10,Averaging,mll,28.435523493311106,79.29425525180619,0.999563707863848,0.8390509621678772,0.7334557869593124,0.2,0.4332154516194353,1.2245716170169991
SV110,10,Selection,mll,29.155289404450915,80.73378707408582,0.999385933698832,0.8014786404577451,0.4853400274831487,0.2,0.5374829617918613,1.90282770755496
SV110,10,Matching,mll,28.71302471369064,79.84925769256526,0.99918092355411,0.852614352064489,0.834292338548236,0.2,0.416950084238152,1.1862032173185637
SV111,10,Averaging,mll,73.10597720351063,168.63516267220527,0.9848339723679146,0.640108890973573,2.512346031450494,0.2,0.7134309092343557,1.884097844859757
SV111,10,Selection,mll,72.76777163886106,167.95875154290613,0.9848899217395244,0.5634108767230038,2.1816233858219127,0.2,1.2215564911698926,2.650465067702445
SV111,10,Matching,mll,72.8345705859097,168.0923494370034,0.9848513557354188,0.8117223119863154,1.7982146343660237,0.2,0.8150957212605238,2.217685200876946
SV113,10,Averaging,mll,13.31480797309048,49.05282421136495,0.9998670254063076,0.9469949199279766,2.2674779038770945,0.2,0.8121275621272048,0.9979464670594708
SV113,10,Selection,mll,11.403917121541385,45.23104250826675,0.9999566563655982,0.8933261909127187,1.215443110763645,0.2,0.7487938146498856,1.182614624508351
SV113,10,Matching,mll,12.425684294569855,47.2745768543237,0.9998151999520616,0.9799045451997188,2.30469232228706,0.2,0.7727448084339246,0.9388712064733492
SV119,10,Averaging,mll,22.804344076205076,68.03189641759414,0.999681607763078,0.786896335998992,0.2780275109509596,0.2,0.5860656701641824,1.71004507608712
SV119,10,Selection,mll,23.477580341554184,69.37836894829236,0.9993950221600634,0.7597816797052718,0.2934756315284842,0.2,0.5147932440763541,1.5177628348017165
SV119,10,Matching,mll,41.07934762139988,104.58190350798375,0.9199619996339072,0.7647503375200495,2.9335049798924397,0.2,0.2515096680886644,0.9654161768790864
SV201,10,Averaging,mll,27.03023187376172,76.48367201270743,0.9992862967399042,0.9708438602420753,0.3227702700328235,0.2,0.4481132577426988,1.825211996423868
SV201,10,Selection,mll,27.07030041079089,76.56380908676577,0.9993816117130776,0.9161192414153956,0.3787159632975516,0.2,0.4813249618395457,1.7220610360161106
SV201,10,Matching,mll,26.185422331258057,74.79405292770011,0.9998611860803196,0.6885892186751393,2.6003000032940866,0.2,0.613998566569964,1.1080941707346004
SV202,10,Averaging,mll,26.207656690084285,74.83852164535256,0.9981912954424748,0.0392285086293656,2.9583513178980474,0.2,0.7848252325473765,0.9235379707749478
SV202,10,Selection,mll,26.233317623983236,74.88984351315045,0.998179138424032,0.2036525245511098,2.833625913697305,0.2,0.7566520014647798,0.9522098754308912
SV202,10,Matching,mll,26.205867361192794,74.83494298756958,0.9981826190802996,0.0003197276501685,2.982855481223611,0.2,0.768476008351232,0.9437084068217604
SV203,10,Averaging,mll,6.4757433635086095,35.37469499220121,0.9999116261372823,0.964526773472024,2.391214516453616,0.2,0.3761420838640186,1.3740139592329983
SV203,10,Selection,mll,6.641945376095815,35.70709901737562,0.9999052897909536,0.9529481816222228,2.2978068611643883,0.2,0.6726135362481794,1.1554170565305777
SV203,10,Matching,mll,6.499457143025642,35.42212255123528,0.9999178905657196,0.999717101070657,1.480003791295803,0.2,0.3198353414539071,1.4655154998321005
SV204,10,Averaging,mll,52.275496970842624,126.97420220686924,0.985930323521147,0.9261041382691269,2.56385566362343,0.2,0.785801657776665,1.492043119039914
SV204,10,Selection,mll,52.08383803906374,126.59088434331149,0.9859525641011452,0.9850566355306812,2.562131317270794,0.2,0.2626377514463558,1.4964678073304554
SV204,10,Matching,mll,52.25152707705376,126.9262624192915,0.9859364722938035,0.9998454418670382,2.5756096253047525,0.2,0.7617255537785681,1.4992012227588245
SV205,10,Averaging,mll,27.43492059203077,77.29304944924554,0.9985017315482104,0.3668328092593011,0.2955046028965599,0.2,1.463462638504904,1.585369452232825
SV205,10,Selection,mll,25.803018541296424,74.02924534777684,0.9988277655678642,0.4234465140393183,0.3420070285390063,0.2,0.4744397140933227,0.8435264310951865
SV205,10,Matching,mll,36.21720334704949,94.85761495928296,0.9429723361766164,0.5234208065599195,2.777270995098856,0.2,0.7775903705673357,0.8821685293204957
SV206,10,Averaging,mll,124.99700880302215,272.4172258712283,0.967501427517441,0.0475788262306019,0.6115375248406564,0.2,0.7093628185622197,2.1523749534579
SV206,10,Selection,mll,124.9551298059156,272.3334678770152,0.967526464974026,0.3920387183690346,0.9030404851892152,0.2,0.786502728871046,1.8923319010052768
SV206,10,Matching,mll,124.84601238782818,272.11523304084034,0.967552505262556,0.1087897002371505,0.90037395663246,0.2,0.7202650097447227,1.795199004612449
SV207,10,Averaging,mll,12.150521096151284,46.72425045748656,0.9998897454748696,0.2455386113799778,2.8412636898334607,0.2,0.6872166879126065,0.8446969309666902
SV207,10,Selection,mll,12.202270221415093,46.82774870801417,0.9998748830094076,0.3547371093824466,2.9236377468733683,0.2,0.7104723609060601,0.9035194044356262
SV207,10,Matching,mll,12.216348571487456,46.8559054081589,0.9998725029469798,0.0176772040507132,2.798275223321178,0.2,0.7079096125222569,0.9143524224663344
SV208,10,Averaging,mll,59.32253445303645,141.0682771712569,0.992852748409388,0.9038031345822154,0.711919380885893,0.2,0.8798877692435892,2.0241229858778462
SV208,10,Selection,mll,68.22958890401443,158.88238607321287,0.9876456317608948,0.9950198441593532,2.743486212038234,0.2,0.8511214069625347,0.959351194194188
SV208,10,Matching,mll,59.0975643234169,140.61833691201778,0.993304224259433,0.9007391901511738,1.0560671916558173,0.2,0.8490745209074989,1.6436867580450958
SV209,10,Averaging,mll,20.82801368983403,64.07923564485205,0.9997221925536568,0.8806128138925118,0.7205650725505868,0.2,0.9303890760606416,2.4302582209632635
SV209,10,Selection,mll,20.89422471656169,64.21165769830738,0.999304131311725,0.8488234473943256,0.7500435333397135,0.2,0.8872884959911719,2.2706310573298083
SV209,10,Matching,mll,20.636666848698724,63.69654196258144,0.9998287103072498,0.9254165772914168,1.220136230761352,0.2,0.812956856835396,1.7250341422574462
SV210,10,Averaging,mll,16.716994899357257,55.85719806389851,0.9985501106784864,0.9988832023720038,2.7072997548281776,0.2,0.7215654267480925,1.0118129248825272
SV210,10,Selection,mll,16.658868576797595,55.74094541877918,0.9985797092980178,0.9987706534445572,2.8817559078967423,0.2,0.7723334550050434,1.0575083117990824
SV210,10,Matching,mll,16.68181244684703,55.78683315887805,0.9985416275130304,0.9999412352447992,2.9069693241276098,0.2,0.7078357562085671,0.969292802158408
SV211,10,Averaging,mll,23.717344983404324,69.85789823199264,0.9997745987813534,0.8270423316110186,0.3104619643520646,0.2,0.3524650128257544,1.65445421266662
SV211,10,Selection,mll,24.38719574433881,71.19759975386161,0.99922712201285,0.8185682632068889,0.3132751474073598,0.2,0.324577485427293,1.6773416096145055
SV211,10,Matching,mll,40.64545662882193,103.71412152282784,0.9271623502720936,0.9443777098049048,2.925556894053964,0.2,0.2386761889444458,0.9883918779786366
SV212,10,Averaging,mll,12.606979593419968,47.63716745202393,0.9999908865944146,0.6856318938609688,0.2112544982256695,0.2,0.4516365203944464,1.9499587048197924
SV212,10,Selection,mll,12.825312872953877,48.07383401109175,0.9998838057750692,0.6180871905517189,0.2113499830274162,0.2,0.458226363454412,2.1075721436246284
SV212,10,Matching,mll,21.637636508553435,65.69848128229086,0.9606175931008292,0.4213376706624148,2.994029295986547,0.2,0.3948616381671337,0.9928013292109608
SV213,10,Averaging,mll,17.94104161625939,58.30529149770277,0.9999239048520197,0.8967735844285117,1.5379659709224525,0.2,0.47045251642414,0.9946029067652336
SV213,10,Selection,mll,18.93215744589305,60.287523156970096,0.9986415690927488,0.9986703177331712,2.5519216667503155,0.2,0.3456097239265995,0.9643502090595284
SV213,10,Matching,mll,18.051851169844625,58.52691060487324,0.9999191678694106,0.9371905224467024,1.9274686409737216,0.2,0.5220734295238224,0.9926288739297472
SV214,10,Averaging,mll,9.801348247893449,42.02590476097089,0.9997952891187653,0.3367581130974854,2.962212814091062,0.2,0.5247524144686968,0.9440650189671772
SV214,10,Selection,mll,9.54596103293436,41.51513033105272,0.9998804382733284,0.4319057791327942,2.966981949396594,0.2,0.3892270931658784,1.3293860381290858
SV214,10,Matching,mll,9.617557807519738,41.65832388022346,0.9998768251442306,0.0377607633810645,2.6882104211510183,0.2,0.5947930751433295,1.0911643739058738
SV215,10,Averaging,mll,62.57265978643757,147.56852783805914,0.994342413993,0.9275519256883344,0.5821427873222973,0.2,1.3241454728050668,0.9509755225705904
SV215,10,Selection,mll,62.07301027886148,146.56922882290695,0.9963330607794502,0.8010314182528668,0.622418362143357,0.2,0.8420610309039092,1.0954344273746963
SV215,10,Matching,mll,59.76995709026802,141.96312244572005,0.997188543405282,0.7578026740339507,2.0808712635237674,0.2,0.7314320240706689,0.7504588352669553
SV216,10,Averaging,mll,38.91387169898008,100.25095166314416,0.9982289603016647,0.9064821307929364,0.3526702921667995,0.2,0.623306491422636,1.8911183977235688
SV216,10,Selection,mll,38.9651807349597,100.3535697351034,0.9972454252301036,0.8691444646828838,0.3729738810247711,0.2,0.6476842514276019,1.9813847126818496
SV216,10,Matching,mll,56.41878905455916,135.2607863743023,0.9567474977028844,0.9741418229979726,2.904638149877072,0.2,0.2524345546253053,0.9635299937623394
LV001,15,Averaging,mll,38.47518970515053,99.37358767548506,0.976968728646174,2.1846348911708777e-05,0.8643130333494997,0.2,0.4000612277017237,0.1003238671115985
LV001,15,Selection,mll,168.3593867745634,359.1419818143108,0.4380041200719774,0.0410495028598613,0.8540443157855506,0.2,2.9980514939049856,1.6343454535897914
LV001,15,Matching,mll,38.87656059001041,100.1763294452048,0.9774801054731714,9.573753831551208e-05,0.8536225710392245,0.2,0.4035655905743553,0.1000374471994702
LV002,15,Averaging,mll,92.52292665455064,207.4690615742853,0.9528821866179494,0.9548580213903248,0.7699377641024703,0.2,0.6886054954291289,0.100310910749827
LV002,15,Selection,mll,79.62867303536584,181.68055433591567,0.9762728881610648,0.7108253479132213,1.633769884414607,0.2,1.306262452482599,0.1008557705272756
LV002,15,Matching,mll,81.56331514339524,185.5498385519745,0.9799538987518096,0.9356956104587169,0.7830520468472066,0.2,0.6225354189384709,0.1009776213050518
LV003,15,Averaging,mll,98.18063915162872,218.78448656844145,0.8704337757252771,0.536374338118645,0.5465333613147713,0.2,0.6742541092589655,0.1003168696029598
LV003,15,Selection,mll,77.68376574818319,177.79073976155038,0.9684513114441604,0.449632555499363,0.5531807574739495,0.2,0.5469900266897579,0.1008637543115686
LV003,15,Matching,mll,75.88174637794822,174.18670102108044,0.9785964460293396,0.610046784202154,0.6422851246479315,0.2,0.6308010739211487,0.100091204251808
LV005,15,Averaging,mll,94.4620652051082,211.3473386754004,0.9374481158388376,0.4222704631387998,0.6282713554218985,0.2,0.8247069120575875,0.1003314974491049
LV005,15,Selection,mll,82.99721147715776,188.41763121949955,0.9984640185696968,0.4140245464725466,0.6925137052523513,0.2,0.7396773721939551,0.1424069036098897
LV005,15,Matching,mll,83.50779299694531,189.43879425907463,0.9956136080468174,0.4176692650384848,0.7502110521687156,0.2,0.7835346248795654,0.1102448740490465
LV007,15,Averaging,mll,61.46749565090865,145.3581995670013,0.9981897658234298,0.5629025144360313,0.7606601931717354,0.2,0.907046062086362,1.8564031409393984
LV007,15,Selection,mll,61.52061761411251,145.46444349340902,0.9981730672393838,0.5625354696097846,0.8025248512840161,0.2,0.9250787239677368,2.019463708545758
LV007,15,Matching,mll,61.564877338811606,145.5529629428072,0.9981703024987296,0.6940732781968003,0.7944062497117557,0.2,0.7663084979856162,1.5619583762263742
LV008,15,Averaging,mll,29.51451681834715,81.4522419018783,0.9840164195929438,0.0001807780320106,0.8672815263439846,0.2,0.4208386921376664,0.1001683594809882
LV008,15,Selection,mll,29.842482985081524,82.10817423534704,0.9832462171604824,0.0019187811085319,0.8544618305591161,0.2,0.419083020945347,0.1000606913179433
LV008,15,Matching,mll,29.89136440715353,82.20593707949105,0.983121651906354,4.902124506942491e-05,0.8530245192560201,0.2,0.4187926019686139,0.1000428813042492
LV009,15,Averaging,mll,76.0067243157518,174.4366568966876,0.997492715598613,0.0357114470614973,0.8237949351010686,0.2,0.7682292210547067,0.1155271816365952
LV009,15,Selection,mll,75.94152232897909,174.30625292314218,0.9978165784435828,0.0905631840413433,0.8330374147658489,0.2,0.7228918370338595,0.1990887229139234
LV009,15,Matching,mll,76.02266127027589,174.46853080573578,0.997663352842406,0.0089022045725543,0.7764914297562086,0.2,0.7542130516356148,0.1046315734674186
LV011,15,Averaging,mll,116.59215016044844,255.60750858608083,0.8647774506470293,0.0050262945779382,0.8280117131468334,0.2,2.996794953686912,0.1622095433451628
LV011,15,Selection,mll,104.49687553523992,231.41695933566385,0.9420609344422948,0.2314913706282891,1.5320577930521713,0.2,2.998396018506273,0.4823031861898697
LV011,15,Matching,mll,111.16346438685066,244.75013703888533,0.8983735181660685,0.0436828715362889,0.9661054010693608,0.2,2.99729260075336,0.2334952871898307
LV012,15,Averaging,mll,157.86880512816668,338.16081852151734,0.4291593297566096,0.0410460127395431,0.8211503402455542,0.2,2.996668224811368,1.6164028946713085
LV012,15,Selection,mll,148.1127267082311,318.64866168164616,0.4633852662227055,0.0727828850032535,0.8588200861503363,0.2,2.999851376193422,1.511860523575296
LV012,15,Matching,mll,158.04922214117312,338.5216525475302,0.4297011314340379,0.0833692950613482,0.831906109931571,0.2,2.997871768793898,1.6156962505363837
LV013,15,Averaging,mll,34.23177133648916,90.88675093816232,0.983930929622104,3.525277659850677e-05,0.846659542776611,0.2,0.4221581555567234,0.1003385718637929
LV013,15,Selection,mll,32.27139857097926,86.9660054071425,0.985985009535331,0.0671095428375273,0.854900259664548,0.2,0.4281190907698453,0.1015270550812269
LV013,15,Matching,mll,32.67371445304932,87.77063717128263,0.9849102309762844,0.0078253123246991,0.8547283511348656,0.2,0.4272433575338799,0.100625790948218
LV015,15,Averaging,mll,29.263671533410594,80.95055133200518,0.9983565501323572,0.3099227343473061,2.99504954612918,0.2,0.6076510379600754,0.6758906769831013
LV015,15,Selection,mll,31.357366887038676,85.13794203926133,0.9974290767844636,0.1438175749057982,2.72841454510717,0.2,0.7802157282950383,0.9292129236423
LV015,15,Matching,mll,31.31332970018586,85.04986766555571,0.997415903732376,0.0050317144146341,2.9818128721333497,0.2,0.7857329758028099,0.891460999258929
LV016,15,Averaging,mll,183.56134021767764,389.5458887005393,0.4048129269214091,0.003895016544283,0.8491195914463004,0.2,2.991314784959645,2.0366314215345285
LV016,15,Selection,mll,182.8809075505036,388.1850233661911,0.4075456386111034,0.0597146264923057,0.8580031870952366,0.2,2.998965165183173,2.0956882440169795
LV016,15,Matching,mll,187.08696897655065,396.5971462182852,0.3936124977775672,0.0454625466175216,0.8480355221310709,0.2,2.999225425005617,2.066219228075016
LV017,15,Averaging,mll,0.8407998753162984,24.104808015816587,0.9999273550000152,0.0268875385642616,2.681604274138984,0.2,0.6106332612723923,1.034796669697153
LV017,15,Selection,mll,0.8204412555726638,24.06409077632932,0.9999266050000148,0.1929940942164796,2.7210740553932347,0.2,0.6051898546275787,1.0342470969986466
LV017,15,Matching,mll,0.8171167633622524,24.05744179190849,0.9999248950000142,0.0003444173618462,2.770530569576338,0.2,0.599300825677126,1.038158394288912
LV018,15,Averaging,mll,20.502091994939008,63.427392255062,0.9999677612503844,0.8561365157404376,0.8525093541234305,0.2,0.4229424624608465,1.2049292211620808
LV018,15,Selection,mll,20.78634519547883,63.99589865614165,0.999841665207358,0.8127869493592932,0.6363354397143991,0.2,0.3495713542241995,1.3108416391203732
LV018,15,Matching,mll,20.635656369398557,63.694521003981095,0.9999530778966982,0.8611571364573484,1.172288085370945,0.2,0.4812392308974713,1.067578386696465
LV019,15,Averaging,mll,28.48063456971294,79.38447740460987,0.9998421190277113,0.9888517081801091,0.7215688902221589,0.2,1.45919282395398,1.0557215046487805
LV019,15,Selection,mll,29.38262903478521,81.18846633475441,0.9990089992899374,0.9967966721398828,0.6086912712932018,0.2,0.7907619033405189,0.5522565410396789
LV019,15,Matching,mll,29.42067315234676,81.2645545698775,0.999011295486974,0.9995260929867604,0.5224118738108086,0.2,1.0316592654560457,0.3052938085448384
LV020,15,Averaging,mll,60.696137883342914,143.81548403186983,0.9845702825852098,0.9846148614242068,1.9691213604916349,0.2,1.0230519495809445,1.1725128451181606
LV020,15,Selection,mll,43.25445833201277,108.93212492920954,0.9971328079791985,0.5812019356060881,2.244337461207954,0.2,1.9011763820150411,2.9953004170375723
LV020,15,Matching,mll,44.8519923016624,112.1271928685088,0.9958062506028454,0.8046339319842051,1.3761382142951104,0.2,1.4598972146208278,2.942434094556787
LV021,15,Averaging,mll,72.75559111514329,167.93439049547058,0.9917707120968978,0.0004399656152371,0.8754813260467559,0.2,0.7146409641913068,0.209797633768456
LV021,15,Selection,mll,72.76418694132029,167.95158214782458,0.9917178036907806,0.0335005606341631,0.833637780812675,0.2,0.6795507115494556,0.2211941325354303
LV021,15,Matching,mll,72.75528722403301,167.93378271325005,0.9917453348273017,0.0002222818983669,0.8548899991095399,0.2,0.6831302746797395,0.2346159383517489
LV022,15,Averaging,mll,85.33269638720013,193.08860103958423,0.9899702900105026,0.0001055649741772,0.8550103225869522,0.2,0.5970071122210608,0.1024587440874024
LV022,15,Selection,mll,85.36095662813062,193.14512152144525,0.989646606832358,0.010384599851158,0.854674359421592,0.2,0.5998628495120675,0.1058709181102121
LV022,15,Matching,mll,85.34462723276418,193.1124627307124,0.9897533824806528,0.0001014744685614,0.8539192289623917,0.2,0.6004853863118577,0.1014545698712056
LV023,15,Averaging,mll,153.4557534537532,329.3347151726904,0.8544694850673498,0.2382332759971262,0.7090373223973202,0.2,0.5286296680187531,0.1001745506544958
LV023,15,Selection,mll,129.08902264422204,280.60125355362806,0.9722326333808404,0.3621421395998951,0.8558454993175031,0.2,0.6452366924759785,0.1020617695189598
LV023,15,Matching,mll,129.40787543518803,281.23895913556004,0.9760158677213802,0.333566373755006,0.8448529722771458,0.2,0.5525040891719236,0.1004586592956532
LV024,15,Averaging,mll,211.8578976769884,446.1390036191608,0.7888722851221704,0.0130818216090008,0.8449968752832626,0.2,2.993874012607139,0.1087954225985591
LV024,15,Selection,mll,201.9208054883833,426.2648192419506,0.8610804559729163,0.3480321828863096,0.9117562869238712,0.2,1.372233730713359,0.1003960140016603
LV024,15,Matching,mll,208.72066923851168,439.8645467422073,0.8097649226497075,0.225101458966035,0.855087705884441,0.2,1.6949456880427831,0.1021784257320235
LV025,15,Averaging,mll,68.87060844371611,160.16442515261622,0.9946150102014344,3.876655688141877e-05,0.8507972709641602,0.2,0.5641272172539294,0.1016595426832172
LV025,15,Selection,mll,68.37408114140302,159.17137054799005,0.9955797666243608,0.0372042087311348,0.8505562583651887,0.2,0.5552340601137916,0.1009631337829886
LV025,15,Matching,mll,68.37233847755877,159.16788522030154,0.9953188652507784,0.0029109834362369,0.8546909080705035,0.2,0.5585195041201821,0.1020898954559282
SV103,15,Averaging,mll,60.23199661041473,142.88720148601345,0.9969825114077768,0.848329121975396,0.3721023726636489,0.2,1.2416131544590292,0.6874297452784051
SV103,15,Selection,mll,60.431213263786574,143.28563479275715,0.9967420852518664,0.778677954677083,0.3590369351512005,0.2,1.445528158940747,0.7881534290552218
SV103,15,Matching,mll,60.95952026529275,144.3422487957695,0.9964765737690162,0.8193555508434218,0.353641459614229,0.2,1.1801864251187897,0.6169865101652612
SV110,15,Averaging,mll,62.62320114556665,147.66961055631728,0.9948403243498836,0.8974372379772261,0.5555772206235235,0.2,0.948433384874196,1.2988494683523808
SV110,15,Selection,mll,62.29310099951783,147.00941026421967,0.9947393016967376,0.8731810694976672,0.4419076890646529,0.2,0.9286172143524865,1.490248904877809
SV110,15,Matching,mll,61.38248830733787,145.18818487985973,0.9967100127073008,0.9510593789535332,0.474642692151478,0.2,0.5907261515924581,1.1708215764054324
SV111,15,Averaging,mll,93.69094975972612,209.80510778463625,0.9863090030866416,0.7967558159867851,0.9952660089017203,0.2,2.06357017428922,2.3206686988068475
SV111,15,Selection,mll,91.20470756474047,204.83262339466495,0.9912110074830176,0.6098499793038847,1.3218516178762412,0.2,1.350934646004882,1.6022160890259416
SV111,15,Matching,mll,90.8925185525373,204.2082453702586,0.9902180369241396,0.8149535174750646,1.135954043693396,0.2,1.2909736571654602,1.379626704577686
SV113,15,Averaging,mll,47.6041379200079,117.6314841051998,0.9926949244449118,0.9349816517166432,0.7456059467035518,0.2,2.1690594829238687,0.8027667735339896
SV113,15,Selection,mll,44.93724876106496,112.29770578731392,0.998595337360917,0.9028253740270324,0.6010647076264214,0.2,1.2480053683521268,0.9671612416179004
SV113,15,Matching,mll,44.03788512891855,110.49897852302108,0.9980281606093612,0.9335367787749428,0.6841154304900496,0.2,1.0686813553697776,0.7872432646806734
SV119,15,Averaging,mll,72.65333135802399,167.72987098123198,0.9959792792047364,0.6424756758141129,0.3563117511199097,0.2,0.9485351054130192,0.564688802886892
SV119,15,Selection,mll,73.51146037372445,169.4461290126329,0.9951007421063632,0.5990884274616328,0.313829820144728,0.2,1.7208876769802963,0.2952279225893591
SV119,15,Matching,mll,81.69772194094347,185.8186521470709,0.9467981938885736,0.5880661060485102,2.9932876609487926,0.2,0.8657690149673701,0.839281448318535
SV201,15,Averaging,mll,25.385711844337784,73.19463195385956,0.9997441341576034,0.8983574776966506,0.3670019769182229,0.2,0.8638208453550033,2.6507416640048955
SV201,15,Selection,mll,25.901589647176586,74.22638755953716,0.9993892600372564,0.8749173427692496,0.352889338012413,0.2,0.9603554830291332,2.860598979092888
SV201,15,Matching,mll,25.985107367543502,74.393423000271,0.9993889314881544,0.9521266473330156,0.386050492245971,0.2,0.7020197324614762,1.9419397435020915
SV202,15,Averaging,mll,17.52844619301426,57.48010065121251,0.9994873096289216,0.016806420077545,2.8535165952286423,0.2,0.6860757625354565,0.7702717673605072
SV202,15,Selection,mll,17.701153368446704,57.8255150020774,0.9994846523517394,0.1316297651659912,2.980005783152178,0.2,0.8245212516965655,0.8862064813547814
SV202,15,Matching,mll,17.605252204260452,57.63371267370489,0.9994422609651076,0.0003352958393522,2.807561637951891,0.2,0.7316816749746144,0.8022465385528887
SV203,15,Averaging,mll,2.2685297966906424,26.960267858565278,0.9999386524278122,0.9707100236722896,2.3959196940198697,0.2,0.740932882847867,1.4939974343609803
SV203,15,Selection,mll,2.2519346348886504,26.92707753496129,0.9999425239449692,0.9397382807868996,2.458225579858369,0.2,0.7765076071789571,1.4841595559970595
SV203,15,Matching,mll,2.309935568393781,27.043079401971557,0.9999312288876322,0.9990472189688584,2.732356870655193,0.2,0.6935680601952781,1.3624886680302744
SV204,15,Averaging,mll,59.83210626628865,142.0874207977613,0.9919046046205792,0.9942757201960885,2.8876974376656337,0.2,0.8060647898120011,0.9627895110271416
SV204,15,Selection,mll,59.84232203889002,142.10785234296404,0.9919037333990656,0.9979100057942742,2.9477740305743927,0.2,0.8079224938290988,0.9575992135058888
SV204,15,Matching,mll,59.859490473260685,142.14218921170536,0.9919002525652004,0.9998502114232316,2.9266447803035183,0.2,0.803037431320644,0.95359767374383
SV205,15,Averaging,mll,36.03105284517657,94.48531395553712,0.9982775707893158,0.6837431500519737,0.2487415290789334,0.2,0.3826598718162547,1.7328284719803748
SV205,15,Selection,mll,36.59896130842446,95.6211308820329,0.9980403235545708,0.6783610291203392,0.2628283311773335,0.2,0.4405127138864854,1.806375247260394
SV205,15,Matching,mll,49.98762271899171,122.3984537031674,0.92091711254265,0.6096269757598416,2.9080290392261414,0.2,0.5550976130945828,0.8891169027275272
SV206,15,Averaging,mll,139.48379096179974,301.39079018878346,0.9660734259456448,0.3030021384604159,2.214314104120964,0.2,1.2964013434254522,1.3063540689996809
SV206,15,Selection,mll,142.3765959445529,307.1764001542897,0.945984675347125,0.236109473942353,1.0877642542563637,0.2,0.9650863714705642,1.4756861455333148
SV206,15,Matching,mll,139.22074184668477,300.86469195855346,0.9666380515535258,0.3786774390220626,0.8058381521951887,0.2,0.9947263047095236,1.5556804191868132
SV207,15,Averaging,mll,40.322050641495,103.06730954817398,0.9948380465864612,0.0178213523262325,2.49192940225918,0.2,0.843995714386278,0.9191133098754528
SV207,15,Selection,mll,40.30430099130979,103.03181024780356,0.9949065202620544,0.2175068093563908,2.393434933838533,0.2,0.8148399909837577,0.9197414759990562
SV207,15,Matching,mll,40.17465337919751,102.772515023579,0.9947205485306312,0.0096905703728694,2.3339001298782063,0.2,0.7809042182385134,0.8961830515209089
SV208,15,Averaging,mll,40.61256580572715,103.64833987663827,0.9982176412168452,0.8667673585453199,1.0886061284145456,0.2,0.624531502738289,0.989743080736032
SV208,15,Selection,mll,41.19156319352979,104.80633465224356,0.9980797256801792,0.8258133403205166,0.6849648130131706,0.2,0.6779099882000197,1.4187496397855544
SV208,15,Matching,mll,40.85934349370335,104.14189525259069,0.9979635880242697,0.8733196135760962,1.3171459465058823,0.2,0.599585425802785,0.968131250449714
SV209,15,Averaging,mll,28.46813877110199,79.35948580738797,0.9990547762412862,0.9067932997402052,0.7799473666638684,0.2,1.0947955484483969,2.31540895111178
SV209,15,Selection,mll,27.27618004439766,76.97556835397931,0.999041772668164,0.8674073898005921,0.6963091752370963,0.2,1.0358947034860213,2.306657061192781
SV209,15,Matching,mll,27.10101496500232,76.62523819518863,0.9993054395417948,0.936437105748052,0.8695342405685643,0.2,0.9531839338896296,1.8036606863956588
SV210,15,Averaging,mll,6.630267991928241,35.68374424904047,0.9999655315062658,0.9911568359774954,2.8354444620116537,0.2,0.3864532373622539,1.2894082995494929
SV210,15,Selection,mll,6.696017488427193,35.81524324203838,0.9999636611670032,0.9964077870092636,2.6953317978119777,0.2,0.4694840346869646,1.1977261800481145
SV210,15,Matching,mll,6.651992290553064,35.72719284629012,0.9999606432057664,0.9981553035545462,2.627242314432149,0.2,0.4126350336897737,1.285353902222045
SV211,15,Averaging,mll,30.438016941615142,83.29924214841428,0.9996854440555796,0.7324265605338731,0.5688515893676455,0.2,0.4769020358682813,1.1651095840097216
SV211,15,Selection,mll,31.10038908676149,84.62398643870696,0.999457023282152,0.8210875400616625,0.3671788497299877,0.2,0.6444159928187492,1.7269912439017052
SV211,15,Matching,mll,46.15095787284186,114.7251240108677,0.9396996788761364,0.9670277106866102,2.904383507125617,0.2,0.2419626858375232,0.9657541885607662
SV212,15,Averaging,mll,18.058298999490717,58.53980626416542,0.9979092513406592,0.5261278730818588,2.97193742734847,0.2,0.3284710317112695,0.9533494313576356
SV212,15,Selection,mll,22.29809641652675,67.0194010982375,0.981153300399354,0.4844075114748907,2.9944930434021133,0.2,0.371366514277681,1.391163263486305
SV212,15,Matching,mll,16.225460758192547,54.87412978156908,0.9996836252779508,0.0371637472727155,2.8194192912939524,0.2,0.6712739801627154,0.9330694862482888
SV213,15,Averaging,mll,47.26318838019899,116.94958502558195,0.993589536614996,0.87522612529805,1.7727933854403113,0.2,0.6845422687928909,1.0137723184079448
SV213,15,Selection,mll,47.75162817892464,117.92646462303328,0.9935011184447056,0.87768350974698,0.8464825527412774,0.2,0.5639451424263296,1.19796548392842
SV213,15,Matching,mll,47.59050669814332,117.60422166147062,0.9935357538979116,0.9425205282188914,2.05311863287671,0.2,0.6476399681237346,0.9212915655493726
SV214,15,Averaging,mll,11.293075010266236,45.00935828571646,0.9978822925874145,0.527904887778092,2.7806550336701443,0.2,0.3309602128809651,0.9509463591884542
SV214,15,Selection,mll,19.00142079505562,60.42604985529523,0.9620604244164812,0.4932330004198613,2.9944930434021133,0.2,0.4390073963239789,1.343849915770421
SV214,15,Matching,mll,9.177092299732916,40.77739286464983,0.999914322801826,0.0506533725691345,2.345369277151962,0.2,0.6188250288546923,1.0364228761495118
SV215,15,Averaging,mll,60.56854453113151,143.56029732744702,0.9869265052552524,0.749886810595789,0.7539190779039888,0.2,2.3424314696088206,0.5742947363120314
SV215,15,Selection,mll,57.65090966293287,137.72502759104972,0.990717205473186,0.6442482355175835,0.8352617455677956,0.2,0.5446423648598239,0.6070077199804664
SV215,15,Matching,mll,56.52619026187181,135.4755887889276,0.9946546138289568,0.7565654883829325,1.434340376983991,0.2,0.7474507645479652,0.6736291778321374
SV216,15,Averaging,mll,36.07798475963807,94.57917778446011,0.9994177367497596,0.901968680460528,0.3437601552429301,0.2,0.8497217845237188,2.0490284948152
SV216,15,Selection,mll,36.487052933832544,95.39731413284908,0.9992667785188224,0.8359126514757276,0.3914136528227611,0.2,0.6385387649741223,1.4793454127080254
SV216,15,Matching,mll,36.94502565036099,96.31325956590597,0.998722591786644,0.9009818510685448,0.3731676643306588,0.2,0.6102264482560473,1.4044871671223174
