subject_id,location,strategy,fit_type,error,bic,r2,pcommon,sigma_v,sigma_a,sigma_p,mu_p
LV001,raw,Averaging,mll,237.11272187643004,501.0431011727165,0.9846334084432995,0.06291604392780024,0.8299417862417187,0.1,0.4931861974491584,0.10043876267649604
LV001,raw,Selection,mll,224.65148330362229,476.120624027101,0.9995425359299254,0.10034806709881058,0.8554165300125002,0.1,0.553380198977858,0.10194545792818477
LV001,raw,Matching,mll,224.7993726728874,476.4164027656312,0.9992236802509349,0.040027923431826984,0.837472643468729,0.1,0.4760161651851139,0.18269576309068233
LV002,raw,Averaging,mll,326.63807936051484,680.0938161408861,0.9439584713775852,0.8712909806981294,2.43114068309676,0.1,2.9767137931501293,0.1057819782211769
LV002,raw,Selection,mll,298.7251784126039,624.2680142450643,0.9818834393997189,0.6965886611351374,1.8923529412668025,0.1,0.9503845125070683,0.10056114549402775
LV002,raw,Matching,mll,297.89766722350225,622.612991866861,0.9791449822343451,0.8781984714081278,2.870400992696984,0.1,1.480001188772276,0.10060324597712438
LV003,raw,Averaging,mll,235.32862151893383,497.47490045772406,0.9704644068534202,0.6328349142583937,1.579925109182164,0.1,2.868188633653137,0.1313086927689121
LV003,raw,Selection,mll,202.60146536930557,432.02058815846755,0.9898559227285468,0.5176288167637532,2.9572385242326544,0.1,0.900479182536451,0.5391983416187357
LV003,raw,Matching,mll,209.99033807373618,446.79833356732877,0.9811009941007942,0.703904591754271,1.279945458282844,0.1,0.8227114182794555,0.35715795408457274
LV005,raw,Averaging,mll,278.30854909224024,583.4347556043369,0.9304158097821245,0.3273290563033672,0.6447129097311171,0.1,0.5873128039701546,0.100781569505418
LV005,raw,Selection,mll,242.82882303298328,512.475303485823,0.9948486550507382,0.3699364032408151,0.42782742790053263,0.1,0.2246044969049202,0.377409156892752
LV005,raw,Matching,mll,244.9145145408327,516.6466865015218,0.9886043015404674,0.36166431149584294,0.4858904495672845,0.1,0.41494092904684526,0.1398216828865794
LV007,raw,Averaging,mll,149.27521345456182,325.36808432898005,0.9981237945822661,0.999300195898469,0.23823116619618004,0.1,0.8418175235984359,0.8892318349494921
LV007,raw,Selection,mll,422.5506789827112,871.9190153852788,0.922649863603748,0.9989380055746565,2.8473435316896416,0.1,0.8225666018794854,0.9654429902203843
LV007,raw,Matching,mll,344.2320527845201,715.2817629888966,0.9231744776751745,0.9983353983890764,1.9146120101499122,0.1,0.689796789936033,1.201334029122774
LV008,raw,Averaging,mll,179.42007615590373,385.65780973166386,0.995969924316637,0.029803231244734482,0.8459585335953761,0.1,0.4783546455398398,0.10310989173750518
LV008,raw,Selection,mll,177.05634223815343,380.93034189616327,0.998571666317351,0.03948880682099726,0.8544565297995156,0.1,0.5140915031070149,0.10092759097576273
LV008,raw,Matching,mll,176.9148054194889,380.64726825883423,0.99881226627183,0.008170445343197722,0.8503404898541114,0.1,0.49551290203362675,0.1265547179549258
LV009,raw,Averaging,mll,211.09297347638525,449.0036043726269,0.9995737240374267,0.05410993818671486,0.7753388162978686,0.1,0.5647370064811783,0.3323564868825736
LV009,raw,Selection,mll,211.28542184038943,449.38850110063527,0.9990898706313137,0.10393126361151847,0.962477325732694,0.1,0.5664317587242131,0.4363296845142958
LV009,raw,Matching,mll,211.26899165183238,449.35564072352116,0.9991117087995767,0.01155185011452806,0.8537010623682796,0.1,0.45516811484391523,0.4378474140105353
LV011,raw,Averaging,mll,337.585797716496,701.9892528528485,0.8646529831287613,0.0004836563234333111,0.8938488408605664,0.1,2.9969286368304457,1.3120311952260888
LV011,raw,Selection,mll,299.86413843866825,626.545934297193,0.9408705115061438,0.19288951197210905,1.8899256321663984,0.1,2.996222757787917,1.3501932477295824
LV011,raw,Matching,mll,310.3949716044534,647.6076006287633,0.9204312809180258,0.042177295640152726,1.3496238980172668,0.1,2.996350832754017,1.2121249080127579
LV012,raw,Averaging,mll,450.26458132280675,927.34682006547,0.4788856540572739,0.0027065998197560322,0.8422128703148518,0.1,2.9997153938724184,1.6647368089585024
LV012,raw,Selection,mll,447.98564608577396,922.7889495914044,0.4823843292753709,0.10654784306191495,0.8557994732901872,0.1,2.9953011403945995,1.7131417767479429
LV012,raw,Matching,mll,448.9192424204159,924.6561422606883,0.4813382453702826,0.014007056908495118,0.8513990159875539,0.1,2.99950641670732,1.6536481343739873
LV013,raw,Averaging,mll,160.74442972839913,348.30651687665465,0.9937119421464732,0.0016941890916956038,0.8458790163798257,0.1,0.40157966078129076,0.12294739319412348
LV013,raw,Selection,mll,150.8159221196085,328.4495016590734,0.99482874186427,0.046822712872615364,0.8437031937500927,0.1,0.380201117967048,0.1728105430559333
LV013,raw,Matching,mll,149.64991289879873,326.11748321745387,0.9958150552957926,0.017794699616305105,0.8587453984487555,0.1,0.39978925662824466,0.12095238671266151
LV015,raw,Averaging,mll,86.46414877691116,199.74595497367875,0.997272928441021,0.2592161112486678,2.6355151117489766,0.1,0.3064945582785513,0.5571736530669718
LV015,raw,Selection,mll,90.69724731057401,208.21215204100446,0.9969102631167579,0.09193159805889221,2.7512190167242982,0.1,0.7696458632641239,0.9237933424846849
LV015,raw,Matching,mll,90.58688941440187,207.99143624866016,0.9969130523175257,0.0010174798316335584,2.8136008285997978,0.1,0.736149873270896,0.8967323932494516
LV016,raw,Averaging,mll,164.31818429978932,355.45402601943505,0.9978203921044737,6.086341036386267e-05,0.8570743032621181,0.1,0.4388330325719029,0.1018915597134619
LV016,raw,Selection,mll,164.30398851570598,355.42563445126837,0.9978331689153651,0.0008874916674726772,0.8389023383003943,0.1,0.43242462403982984,0.10267196734134744
LV016,raw,Matching,mll,164.31343603477768,355.44452948941176,0.9978334017767096,6.967454079869516e-05,0.8550358501195793,0.1,0.4381293329086999,0.10251793140269902
LV017,raw,Averaging,mll,3.7697507326509854,34.3571588851584,0.9999945673802344,0.12751152207601052,2.459193609415734,0.1,0.6045704938439719,0.8952814459103002
LV017,raw,Selection,mll,3.9568013098264725,34.73126003950937,0.9999934756815613,0.23612024005037738,2.903042198959873,0.1,0.6139074977268174,0.9854112682388558
LV017,raw,Matching,mll,3.764061908923169,34.34578123770277,0.9999946963308798,0.0001379015296925523,2.504455260306561,0.1,0.6276830608520537,0.9963198659450161
LV018,raw,Averaging,mll,59.51059285673814,145.83884313333272,0.9999999498135648,0.6660252000663645,2.978429792422437,0.1,0.7882537601984034,0.9654295751276625
LV018,raw,Selection,mll,60.30908291251802,147.43582324489248,0.9999817472270497,0.5745558271458884,2.9786950764396534,0.1,0.7122741691432425,0.9432554982939896
LV018,raw,Matching,mll,60.02803631577289,146.8737300514022,0.9999887963533793,0.9999517018059834,0.23231921743490203,0.1,0.556142804527413,1.1121585605499542
LV019,raw,Averaging,mll,67.20426438136911,161.22618618259466,0.9998267538057951,0.9998743206326421,0.37446999859540575,0.1,0.4564697417281819,0.5215187116942642
LV019,raw,Selection,mll,71.41951005000894,169.6566775198743,0.9988009964607688,0.8751277263853472,0.8723376422990142,0.1,0.8300567699896857,1.4169953128163604
LV019,raw,Matching,mll,70.0586618760795,166.93498117201543,0.9992945149939784,0.9998621437510342,0.3275375564964651,0.1,1.1907820893992362,0.684843692746745
LV020,raw,Averaging,mll,237.8366962839454,502.4910499877472,0.9812193401993062,0.8053067887731861,2.660878624203369,0.1,1.9184294620949642,2.993534612681931
LV020,raw,Selection,mll,239.02798895820942,504.87363533627524,0.9807692792366458,0.5646828498633745,2.955594630351912,0.1,1.8242749808413734,2.6186272858489357
LV020,raw,Matching,mll,240.00670944454396,506.8310763089443,0.9803191865945688,0.82161637579109,2.474671726116912,0.1,1.7853503716236991,2.9968148259335057
LV021,raw,Averaging,mll,145.31387658889037,317.44541059763714,0.9996889831676699,0.039924118692293155,1.2735030909141696,0.1,0.6362397665846586,0.6557608087872628
LV021,raw,Selection,mll,145.26006097184322,317.33777936354284,0.9998253281106899,0.22219752636291326,1.7416597853659233,0.1,0.7190097812875536,0.6862542564674068
LV021,raw,Matching,mll,145.31324631244132,317.44415004473905,0.9997899950974558,0.004881269004310326,1.276134970915052,0.1,0.6448638143575451,0.6667162488231351
LV022,raw,Averaging,mll,229.1007629157028,485.019183251262,0.9986721744702325,0.0019930710054912935,0.8477354528964205,0.1,0.49591903283843314,0.3091140309762578
LV022,raw,Selection,mll,229.14856378839016,485.11478499663673,0.9988108898302367,0.007213073059460501,0.7748855339764825,0.1,0.6244943670369631,0.133320323991195
LV022,raw,Matching,mll,229.22149923698748,485.26065589383137,0.9988064666530971,8.619666257269609e-05,0.7872950302624538,0.1,0.6575024922243526,0.10613567932379032
LV023,raw,Averaging,mll,494.07685555884245,1014.9713685375414,0.8752148508378841,0.210777954845916,0.8095098594012383,0.1,0.4753425773341049,0.10031878267423783
LV023,raw,Selection,mll,439.1022028771321,905.0220631741206,0.9587245394582454,0.3282198427831532,0.7178896528336579,0.1,0.4704363658170892,0.18056163424736343
LV023,raw,Matching,mll,437.56064115814854,901.9389397361535,0.9620881978547031,0.2650579590783297,0.8219694728828413,0.1,0.48621118868017243,0.11927521528318696
LV024,raw,Averaging,mll,627.409216844506,1281.6360911088684,0.7653166856206282,0.006799675535805019,0.8231488855296487,0.1,2.6996985553879496,0.10087879640773509
LV024,raw,Selection,mll,602.7528200464232,1232.3232975127028,0.8399815618298307,0.357373242681686,0.7988396373163282,0.1,1.0574308340148095,0.10007367362233181
LV024,raw,Matching,mll,625.3607353743766,1277.5391281686097,0.7694316031910471,0.16415928951189904,0.7888917889768969,0.1,1.4054621168015504,0.10359796697666747
LV025,raw,Averaging,mll,225.12501160898498,477.06768063782636,0.9953537244663305,0.019468744733952725,0.8382094636163746,0.1,0.5808779609359137,0.10302856088814487
LV025,raw,Selection,mll,223.5360844681233,473.889826356103,0.9935183760764552,0.058559652708183245,0.8664912840822117,0.1,0.6767509493259276,0.10008198496631372
LV025,raw,Matching,mll,223.10088337473755,473.0194241693315,0.9976580654700399,0.00670563622068677,0.8528809211378997,0.1,0.6157721013906651,0.11650888276880289
SV103,raw,Averaging,mll,198.56686530951012,423.95138803887664,0.9930060775568732,0.9972725807977861,0.25351524356359967,0.1,0.5899011063552594,0.33213034252089
SV103,raw,Selection,mll,493.983881064939,1014.7854195497345,0.9053091932763033,0.9986287556206416,2.6554275053814926,0.1,0.8228834133932457,0.9671421360026189
SV103,raw,Matching,mll,425.5350250947142,877.8877076092848,0.9058181238299746,0.998954942793524,2.638686069729163,0.1,0.8206153679545696,0.958905396037333
SV110,raw,Averaging,mll,243.81741078674514,514.4524789933467,0.9699968541217964,0.9998930366896397,2.9909520106471663,0.1,0.7511263683285749,2.9999601367292668
SV110,raw,Selection,mll,243.81741078674514,514.4524789933467,0.9699968541217964,0.9997935931003153,2.9909520106471663,0.1,0.7511263683285749,2.9999601367292668
SV110,raw,Matching,mll,225.71107791125743,478.23981324237127,0.9700701589253931,0.9998269297282878,2.991052943662151,0.1,0.7509839755062735,0.9677829379312661
SV111,raw,Averaging,mll,243.67040963194222,514.1584766837409,0.9862914503028409,0.7401104572200802,1.3590611783841409,0.1,1.6843538580702115,2.600996978924466
SV111,raw,Selection,mll,255.12795684612468,537.0735711121058,0.9818476970353641,0.8159663679625133,0.792133029397872,0.1,1.104610207054602,2.1559757567751126
SV111,raw,Matching,mll,239.16512798063675,505.1479133811299,0.9874070755965185,0.753095915340383,1.3274358272138804,0.1,1.6462325154119193,2.9206690857814395
SV113,raw,Averaging,mll,97.33935144536869,221.49636031059381,0.9975946813692005,0.8988872707477459,0.8200533015309226,0.1,1.5543877127372305,2.3154332982911985
SV113,raw,Selection,mll,94.94979668588442,216.71725079162528,0.9984509269859961,0.8178696461811853,0.7858001337548391,0.1,1.2049209462285504,1.8922983897483312
SV113,raw,Matching,mll,90.30071818445367,207.41909378876377,0.998309516233178,0.9290286825127373,1.160998875391822,0.1,0.8880437502736513,1.088218341024365
SV119,raw,Averaging,mll,98.08622210252308,222.9901016249026,0.9998015576046444,0.9209799983102347,0.25111130808405213,0.1,0.7144713331347854,0.2637213502285584
SV119,raw,Selection,mll,98.43012563143229,223.677908682721,0.9997732032714691,0.885208327439737,0.25743064335209526,0.1,1.992153374397853,0.5386272914567405
SV119,raw,Matching,mll,99.26756393057893,225.3527852810143,0.9996609481143326,0.9082223051902554,0.23695416313167972,0.1,2.923343397787856,0.18392027488492765
SV201,raw,Averaging,mll,279.54285006530114,585.9033575504587,0.9532893893878351,0.9997533030443133,2.9909520106471685,0.1,0.751126368328565,2.9999601367292668
SV201,raw,Selection,mll,279.54285006530114,585.9033575504587,0.9532893893878351,0.9995468961462152,2.9909520106471685,0.1,0.751126368328565,2.9999601367292668
SV201,raw,Matching,mll,252.45621132568132,531.730080071219,0.9534000242592069,0.9996724674124275,2.991052943662151,0.1,0.7497277627954226,1.1673807633817717
SV202,raw,Averaging,mll,75.62291647904156,178.06349037793956,0.9984460680348988,0.06421038038548425,2.9589552654231057,0.1,0.6476919845919104,0.7629813719447631
SV202,raw,Selection,mll,75.67960370478002,178.17686482941647,0.998447697622383,0.23914488278766582,2.7815198860159236,0.1,0.7135840431864798,0.8582694688885193
SV202,raw,Matching,mll,75.93483002064359,178.6873174611436,0.9984460706359987,0.00016904923346059797,2.9883706669711305,0.1,0.7886578970271747,0.9119865618606692
SV203,raw,Averaging,mll,5.647815596617024,38.113288613090475,0.9999853173651517,0.9801554721402129,2.938174059774636,0.1,0.5188284113816497,2.711307537100782
SV203,raw,Selection,mll,5.658012704042616,38.133682827941655,0.9999853136063973,0.9349649115362901,2.315293066377751,0.1,0.5794413213014944,2.2510734378434507
SV203,raw,Matching,mll,4.381094816455193,35.579847052766816,0.9999999539552571,0.9955376501245862,1.8935028945592471,0.1,0.5230011741862334,1.0467691308376461
SV204,raw,Averaging,mll,107.03746015017889,240.8925777202142,0.9938733490833012,0.9796227632921255,2.733909505863701,0.1,0.7558836861687999,1.0131630823617748
SV204,raw,Selection,mll,106.99193265155206,240.80152272296056,0.99387350849395,0.9342945315343464,2.1229793533375916,0.1,0.7636819103445227,1.1592594330102166
SV204,raw,Matching,mll,107.07818790036183,240.97403322058008,0.9938735548798355,0.999799186461001,1.8923593075709113,0.1,0.7514689063922798,1.2077441212746947
SV205,raw,Averaging,mll,86.5770365443928,199.97173050864203,0.9990603204865984,0.7536863764195194,0.26208202252346696,0.1,0.426547603397953,0.8586056546853288
SV205,raw,Selection,mll,769.491731599251,1565.8011206183585,0.6899712511971219,0.9050071771912224,2.9921285574140066,0.1,0.5231612213678615,1.8923384470731235
SV205,raw,Matching,mll,205.9921798646834,438.8020171492232,0.802473422273591,0.8391829819821821,2.8830472012693082,0.1,0.6691571149218585,0.8557471976924186
SV206,raw,Averaging,mll,351.73078852122995,730.2792344623164,0.9734251766391518,0.14933806904562166,0.8179732553500958,0.1,0.9609214254723458,1.9522574737727496
SV206,raw,Selection,mll,351.8998643791839,730.6173861782243,0.9733858997868354,0.426657275453042,1.0342394278248697,0.1,1.0312862549223778,1.960168600642726
SV206,raw,Matching,mll,351.59747394563317,730.0126053111228,0.9734523050736241,0.23605910191258409,0.9630483656121608,0.1,0.9129345888958592,1.729548711125669
SV207,raw,Averaging,mll,47.686681859939995,122.19102113973642,0.9993562767533178,0.07293899276996911,2.958498653253928,0.1,0.8403013435925231,0.8883116238488993
SV207,raw,Selection,mll,48.355799332802036,123.5292560854605,0.9994465486316811,0.3071848104427972,2.5708634384180744,0.1,0.8230584622175444,0.9450342408068415
SV207,raw,Matching,mll,48.04559069984195,122.90883881954034,0.9994072484149362,0.005422489347628018,2.7683199931230327,0.1,0.8281584641460235,0.9253575186520583
SV208,raw,Averaging,mll,116.76883352371193,260.3553244672803,0.9983547585440655,0.8533543509201971,0.7737489673048855,0.1,0.7374936708529782,1.5333851552414177
SV208,raw,Selection,mll,117.22224779588015,261.2621530116167,0.9983329204327184,0.8198304222589636,0.6899647670173837,0.1,0.7543404121826023,1.7796018183688844
SV208,raw,Matching,mll,116.82560022407985,260.46885786801613,0.9983819318391185,0.8631980294210109,2.071449072894215,0.1,0.8529071095428963,1.1662939766664118
SV209,raw,Averaging,mll,70.39731055269142,167.61227852523928,0.9992180596199721,0.8813028649930614,0.7977271068344168,0.1,1.0171375445609747,2.2650856579248684
SV209,raw,Selection,mll,68.48514554541747,163.78794851069136,0.9992489168573718,0.8206348949297886,0.7476696213053979,0.1,0.9237696585216265,2.219425181974387
SV209,raw,Matching,mll,68.01365914553425,162.84497571092493,0.9994816737721481,0.9316163751331727,1.098858042222459,0.1,0.9534242235972196,1.6489562209070734
SV210,raw,Averaging,mll,20.95871814452405,68.73509370890453,0.9998307988756996,0.9768365119337215,2.14354811336065,0.1,0.8034325075916915,1.7654657197902963
SV210,raw,Selection,mll,20.710243479345273,68.23814437854698,0.9998344380074844,0.9220013900675516,1.3022078114716473,0.1,0.5257749498898597,1.2124169585852556
SV210,raw,Matching,mll,20.747372847747734,68.3124031153519,0.9998338305393082,0.9983285675001471,1.7610698574098802,0.1,0.5231940298191224,1.1267617432109542
SV211,raw,Averaging,mll,74.18697920888016,175.19161583761675,0.999988654002869,0.9968943799848582,0.2341009838542934,0.1,0.5468739434817171,1.1054367102114793
SV211,raw,Selection,mll,502.1797081200801,1031.1770736600165,0.8470874720225724,0.9937152127960707,2.9885859640790065,0.1,0.7898224146542959,0.965493948265745
SV211,raw,Matching,mll,305.97513240226937,638.7679222243952,0.8508764859680635,0.9940758645328465,2.576949956731693,0.1,0.7399857372826391,0.9288979338216183
SV212,raw,Averaging,mll,40.08191882594254,106.9814950717415,0.9998305891672118,0.4527299091690459,2.9393863825382,0.1,0.241725009298419,0.9656842407389306
SV212,raw,Selection,mll,35.055241954618175,96.92814132909278,0.9999088219632578,0.7191746018000554,0.23122365974104597,0.1,0.47034419968527447,0.7846399871261055
SV212,raw,Matching,mll,88.60340898950214,204.02447539886072,0.9183510746095628,0.535976989739343,2.951256570873165,0.1,0.7589882068778149,0.9955671019354311
SV213,raw,Averaging,mll,72.707018956344,172.23169533254443,0.9993122030149495,0.8641346182763033,1.1098860089585927,0.1,0.6501310595299055,1.2194063251990663
SV213,raw,Selection,mll,117.7060016775489,262.2296607749542,0.9957635893410484,0.9966844368072995,2.949128347712113,0.1,0.7902698240077742,0.9733922831917255
SV213,raw,Matching,mll,72.78562875459704,172.38891492905051,0.9993104564442225,0.9266657469344733,1.9070377859629515,0.1,0.6125060124894329,0.9199995154105732
SV214,raw,Averaging,mll,23.972918660142042,74.76349474014052,0.999991523869348,0.538874117122588,2.482874745184042,0.1,0.20046542275495013,0.8203839561102502
SV214,raw,Selection,mll,23.53103687984318,73.87973117954279,0.9999936534299501,0.7531123655281918,0.2196546631344912,0.1,0.31945800549948367,0.9647805497878664
SV214,raw,Matching,mll,71.52993701099825,169.87753144185294,0.9291360389028454,0.49628794409837385,2.9457318640244705,0.1,0.6915823979872379,1.0323884662489824
SV215,raw,Averaging,mll,194.72113198817942,416.25992139621525,0.9898750344357687,0.767708916381396,0.7652602882008644,0.1,1.7162051305524704,0.7848308781523727
SV215,raw,Selection,mll,244.83888175181892,516.4954209234943,0.969494156776052,0.5012871362117792,2.386868359684547,0.1,1.931607704447323,2.5904326463730105
SV215,raw,Matching,mll,184.06406341563513,394.94578425112667,0.9965218188320495,0.7302331688195779,1.4992140119563688,0.1,0.2970182632716955,0.5411585945181481
SV216,raw,Averaging,mll,377.01790519422104,780.8534678082985,0.8314865362691299,0.9987804253719753,1.6128519026626058,0.1,2.5242311567426547,0.21342907732709038
SV216,raw,Selection,mll,415.417927015093,857.6535114500425,0.8961019993900836,0.9976837911644196,2.988585964078423,0.1,0.7898224146542321,0.9654939482658128
SV216,raw,Matching,mll,78.61346171264933,184.04458084515508,0.9999979220336968,0.9982758431240704,0.23543865521801194,0.1,0.5408952306269449,0.9000954070814978
LV001,visible,Averaging,mll,42.00208731717474,106.16922881498319,0.9994493743665037,0.3941530202614635,1.0495469430431956,0.1,0.6778287083975784,0.8099013415176654
LV001,visible,Selection,mll,41.99723361053263,106.15952140169897,0.9989954305371264,0.5582171369004141,0.395119174690877,0.1,0.36255394985440587,0.5672464976043327
LV001,visible,Matching,mll,44.010344502305216,110.18574318524414,0.9851360684491983,0.4599797381386947,2.999788852489336,0.1,0.28706411787653346,0.5338058289706357
LV002,visible,Averaging,mll,157.00789288696268,335.60843657999635,0.8619277973387327,0.6790128396444316,1.4026814201998317,0.1,2.9649267946523183,1.014832227617429
LV002,visible,Selection,mll,181.18213703332617,383.95692487272333,0.7595496519234359,0.6955363882892959,0.3819094297334355,0.1,2.999962496287194,1.9740117484459103
LV002,visible,Matching,mll,151.42561671522043,324.44388423651185,0.8751071710068871,0.6811773282492438,1.600450043532948,0.1,2.893671145842206,0.6901354951208934
LV003,visible,Averaging,mll,29.69563409111565,84.82956365692081,0.9998852061616631,0.9048886911239067,1.1516556217358045,0.1,0.760893595062916,1.3032164682734921
LV003,visible,Selection,mll,26.892503023822567,79.22330152233465,0.9999978189986466,0.8230274445316123,1.3055714052879233,0.1,0.615504198256783,0.979863277032679
LV003,visible,Matching,mll,28.19636584977151,81.83102717423253,0.9998773285614857,0.949413656889646,2.038459054252367,0.1,0.8130383836588794,1.0249802644427435
LV005,visible,Averaging,mll,149.43821030559204,323.67845730735485,0.9267678798468397,0.5172529554506994,0.383949023729614,0.1,0.4435449718345094,0.10199960096501418
LV005,visible,Selection,mll,137.25230338381368,299.30664346379814,0.9831695691602672,0.5496316455044731,0.8408064205131178,0.1,1.7297928961695048,1.4468601335823517
LV005,visible,Matching,mll,123.99190150369228,272.7858397035553,0.9844625583350388,0.5972681676475871,0.9675434421994041,0.1,0.29323287150379856,0.507416307717165
LV007,visible,Averaging,mll,149.27521345456182,325.36808432898005,0.9981237945822661,0.999300195898469,0.23823116619618004,0.1,0.8418175235984359,0.8892318349494921
LV007,visible,Selection,mll,422.5506789827112,871.9190153852788,0.922649863603748,0.9989380055746565,2.8473435316896416,0.1,0.8225666018794854,0.9654429902203843
LV007,visible,Matching,mll,344.2320527845201,715.2817629888966,0.9231744776751745,0.9983353983890764,1.9146120101499122,0.1,0.689796789936033,1.201334029122774
LV008,visible,Averaging,mll,30.135882445545178,80.8149586392914,0.8832310911698256,0.6735725793055652,2.6915136141436293,0.1,0.8856859678096614,0.47298266342915174
LV008,visible,Selection,mll,16.311465811285558,53.166125370772164,0.9984693635397729,0.6769207762367937,0.26994514869697783,0.1,1.9030759304342293,0.27675536589035316
LV008,visible,Matching,mll,40.47388476616128,101.4909632805236,0.8041479181499382,0.8418115392036648,1.8013411027680142,0.1,0.7254383697296682,0.9412768190038123
LV009,visible,Averaging,mll,47.74686958196798,120.29577586010672,0.999534387798638,0.05146525260239051,2.2212016184066874,0.1,0.8195554092223929,0.8845026151580475
LV009,visible,Selection,mll,84.22556830818237,193.25317331253552,0.9078798715684113,0.52057050710237,1.91120381739813,0.1,0.7414287130178295,0.9177889103613801
LV009,visible,Matching,mll,46.94534997543944,118.69273664704964,0.9997483747895224,0.027220413084864566,2.979464107184212,0.1,0.8301575053841107,0.8211536127096083
LV011,visible,Averaging,mll,92.66868233985005,208.65314715014094,0.8991406871660816,0.2597278040513078,0.5999806984669758,0.1,0.818568661725176,2.4981461686492747
LV011,visible,Selection,mll,71.6172704731014,166.55032341664364,0.9777727586813971,0.029351826781982247,0.7658986632755771,0.1,1.0970903634662181,2.998922187069731
LV011,visible,Matching,mll,64.73971138222078,152.7952052348824,0.9971281937780855,0.11740507619037205,2.334622118915054,0.1,1.728056461890124,2.499811015281884
LV015,visible,Averaging,mll,69.51915211155031,165.68572318528186,0.9970749891426806,0.12483655914326344,2.809240653345418,0.1,0.6043290106782379,0.9799859023777104
LV015,visible,Selection,mll,69.63129910154936,165.91001716527995,0.9970738977722371,0.2361041899092647,2.9305422450645255,0.1,0.5219357519897794,1.2115735830634413
LV015,visible,Matching,mll,69.5154992015843,165.67841736534984,0.9970749084125506,0.0023896885510657872,1.8925547816409518,0.1,0.3208093717010285,1.1089259246619545
LV016,visible,Averaging,mll,16.832778640718374,52.16544853457383,0.9798789184576852,0.01241812161003323,1.2049257408528837,0.1,0.5231847694640042,0.618957006699766
LV016,visible,Selection,mll,16.895931790714123,52.291754834565324,0.9792945849616184,0.07254498730061974,1.6289103075457048,0.1,0.6468987669610397,0.6641966256959535
LV016,visible,Matching,mll,16.899276416562223,52.298444086261526,0.9793244707038935,0.0005459948744044481,1.0855928397176098,0.1,0.5679375492140966,0.6327502658704364
LV017,visible,Averaging,mll,3.7697507326509854,34.3571588851584,0.9999945673802344,0.12751152207601052,2.459193609415734,0.1,0.6045704938439719,0.8952814459103002
LV017,visible,Selection,mll,3.9568013098264725,34.73126003950937,0.9999934756815613,0.23612024005037738,2.903042198959873,0.1,0.6139074977268174,0.9854112682388558
LV017,visible,Matching,mll,3.764061908923169,34.34578123770277,0.9999946963308798,0.0001379015296925523,2.504455260306561,0.1,0.6276830608520537,0.9963198659450161
LV018,visible,Averaging,mll,59.51059285673814,145.83884313333272,0.9999999498135648,0.6660252000663645,2.978429792422437,0.1,0.7882537601984034,0.9654295751276625
LV018,visible,Selection,mll,60.30908291251802,147.43582324489248,0.9999817472270497,0.5745558271458884,2.9786950764396534,0.1,0.7122741691432425,0.9432554982939896
LV018,visible,Matching,mll,60.02803631577289,146.8737300514022,0.9999887963533793,0.9999517018059834,0.23231921743490203,0.1,0.556142804527413,1.1121585605499542
LV019,visible,Averaging,mll,59.74165926765847,146.21676231838205,0.999821277992902,0.9368690907789319,1.252954495993072,0.1,0.7970435103328188,1.0490918137974348
LV019,visible,Selection,mll,63.47875105218204,153.69094588742917,0.9991183163802055,0.8745135382405287,0.9931664079269438,0.1,0.6595225253910324,1.040077730885454
LV019,visible,Matching,mll,60.115873872632235,146.96519152832957,0.999803921751584,0.9634227917993518,2.9384463023925647,0.1,0.7849661648974334,0.7841240205624834
LV020,visible,Averaging,mll,237.8366962839454,502.4910499877472,0.9812193401993062,0.8053067887731861,2.660878624203369,0.1,1.9184294620949642,2.993534612681931
LV020,visible,Selection,mll,239.02798895820942,504.87363533627524,0.9807692792366458,0.5646828498633745,2.955594630351912,0.1,1.8242749808413734,2.6186272858489357
LV020,visible,Matching,mll,240.00670944454396,506.8310763089443,0.9803191865945688,0.82161637579109,2.474671726116912,0.1,1.7853503716236991,2.9968148259335057
LV021,visible,Averaging,mll,36.31749019213584,98.7233515769523,0.9997201722629904,0.054977481101775444,2.844124197636994,0.1,0.8121794907561782,0.8825505516546219
LV021,visible,Selection,mll,36.46494699773789,99.01826518815639,0.9997657946652599,0.17462996964287864,2.8725573846238692,0.1,0.8204335198775168,0.9014019611109045
LV021,visible,Matching,mll,36.10178139236973,98.29193397742007,0.9997191140713297,0.008058914829392324,2.9442586197933545,0.1,0.7490375823429092,0.8366031138705203
LV022,visible,Averaging,mll,75.33170903264188,174.53824830522524,0.9938964222670017,0.0010368920791891758,1.4916658069310647,0.1,0.4098166498232126,0.5790531398689406
LV022,visible,Selection,mll,75.37558755667109,174.62600535328366,0.9939139139891792,0.19314180582200227,2.5773377303042118,0.1,0.7968397571024727,0.7102252787702128
LV022,visible,Matching,mll,76.13738426265729,176.14959876525606,0.9941418594860467,0.00023739507274909895,1.45642625731139,0.1,0.7311633376325346,0.755451155807152
LV023,visible,Averaging,mll,142.86953363392107,307.90412144847585,0.9351548026167391,0.7505995981392852,1.759357771564306,0.1,2.9886937417985626,0.8969734692828704
LV023,visible,Selection,mll,144.69860939762287,311.56227297587947,0.926681691998145,0.44280982569379035,0.9847056217028188,0.1,2.7743863554971,1.4767019866470716
LV023,visible,Matching,mll,141.78484339751336,305.73474097566043,0.9399821493904204,0.704034900879442,2.9398820566098367,0.1,1.8619898379605546,0.9272743180705112
LV024,visible,Averaging,mll,378.42492139595026,780.8949114895172,0.755885357263985,0.5088356289416548,2.5515816734435415,0.1,2.9507103308285676,2.8407588031730433
LV024,visible,Selection,mll,389.05941366176086,802.1638960211384,0.7094421628983292,0.02840931199107656,1.993545485949036,0.1,1.8718304617489998,2.150735432567328
LV024,visible,Matching,mll,377.5662446984452,779.177558094507,0.7567323648750168,0.3403180100403494,2.104872348042536,0.1,2.5352977187935917,2.9874955822793763
LV025,visible,Averaging,mll,79.18172315209317,181.8743894313049,0.9932133212716241,0.0007316620679876048,0.9126647451166251,0.1,0.7858498265453122,0.7080672832885604
LV025,visible,Selection,mll,79.17085186613195,181.85264685938247,0.993194145877382,0.22834007245678473,1.3901861674545672,0.1,0.8636321960044333,0.764728502141214
LV025,visible,Matching,mll,79.17378492316243,181.85851297344342,0.9931963381473945,0.0006661400454845733,0.8913643893538035,0.1,0.782005953806778,0.7004799702450039
SV103,visible,Averaging,mll,182.41265228666168,391.5587483563885,0.9928261161224603,0.9990465092430754,0.23732470438236494,0.1,1.0180863925637351,0.9765045455900289
SV103,visible,Selection,mll,465.9489534051533,958.6313505933717,0.9068791167855904,0.9986287556206417,2.990923783065354,0.1,0.7531921322412665,2.9999601367292668
SV103,visible,Matching,mll,397.41789341327024,821.5692306096056,0.9073888998279716,0.9989548987866751,2.563455103710501,0.1,0.6997035219123143,0.9737500863746057
SV110,visible,Averaging,mll,243.81741078674514,514.4524789933467,0.9699968541217964,0.9998930366896397,2.9909520106471663,0.1,0.7511263683285749,2.9999601367292668
SV110,visible,Selection,mll,243.81741078674514,514.4524789933467,0.9699968541217964,0.9997935931003153,2.9909520106471663,0.1,0.7511263683285749,2.9999601367292668
SV110,visible,Matching,mll,225.71107791125743,478.23981324237127,0.9700701589253931,0.9998269297282878,2.991052943662151,0.1,0.7509839755062735,0.9677829379312661
SV111,visible,Averaging,mll,212.33508322936322,451.4036102417915,0.9870887999149549,0.749183696295518,1.1448309520668283,0.1,1.1882419681525773,2.3292526579266997
SV111,visible,Selection,mll,209.7984538543704,446.3303514918059,0.9875500125190465,0.5824140216947952,2.096313162023418,0.1,1.2711083366663183,2.017265076518459
SV111,visible,Matching,mll,210.8147768092956,448.36299740165634,0.9874219544294656,0.80511199566109,1.1409284985638328,0.1,1.1577359501119677,2.4426059708961683
SV113,visible,Averaging,mll,55.35973541674699,137.36688979567523,0.9994459919326756,0.9211545180712005,0.7670031959724722,0.1,1.043640296431957,2.1808015869334927
SV113,visible,Selection,mll,54.06463987383138,134.776698709844,0.9997980694327439,0.835244867346047,0.8055867775596011,0.1,0.9561909092074258,2.313145113212803
SV113,visible,Matching,mll,51.33472315499371,129.31686527216866,0.9997294069722009,0.9499243144243713,1.19838501846307,0.1,0.9505853189276161,1.620229160504187
SV119,visible,Averaging,mll,86.02738295604946,198.78820969516403,0.9997850532365413,0.961612630128252,0.2406090517666807,0.1,0.9243820058277818,0.6474890238037782
SV119,visible,Selection,mll,86.11571957550606,198.96488293407722,0.9997892155564367,0.9588695708896905,0.24021807232883327,0.1,0.8961333085928713,0.7909074953839909
SV119,visible,Matching,mll,263.80084434689314,554.3351324768514,0.7879751027142592,0.9542074743815001,2.951995761551797,0.1,0.771260662697968,0.9273826766906892
SV201,visible,Averaging,mll,279.54285006530114,585.9033575504587,0.9532893893878351,0.9997533030443133,2.9909520106471685,0.1,0.751126368328565,2.9999601367292668
SV201,visible,Selection,mll,279.54285006530114,585.9033575504587,0.9532893893878351,0.9995468961462152,2.9909520106471685,0.1,0.751126368328565,2.9999601367292668
SV201,visible,Matching,mll,252.45621132568132,531.730080071219,0.9534000242592069,0.9996724674124275,2.991052943662151,0.1,0.7497277627954226,1.1673807633817717
SV202,visible,Averaging,mll,75.62291647904156,178.06349037793956,0.9984460680348988,0.06421038038548425,2.9589552654231057,0.1,0.6476919845919104,0.7629813719447631
SV202,visible,Selection,mll,75.67960370478002,178.17686482941647,0.998447697622383,0.23914488278766582,2.7815198860159236,0.1,0.7135840431864798,0.8582694688885193
SV202,visible,Matching,mll,75.93483002064359,178.6873174611436,0.9984460706359987,0.00016904923346059797,2.9883706669711305,0.1,0.7886578970271747,0.9119865618606692
SV203,visible,Averaging,mll,5.647815596617024,38.113288613090475,0.9999853173651517,0.9801554721402129,2.938174059774636,0.1,0.5188284113816497,2.711307537100782
SV203,visible,Selection,mll,5.658012704042616,38.133682827941655,0.9999853136063973,0.9349649115362901,2.315293066377751,0.1,0.5794413213014944,2.2510734378434507
SV203,visible,Matching,mll,4.381094816455193,35.579847052766816,0.9999999539552571,0.9955376501245862,1.8935028945592471,0.1,0.5230011741862334,1.0467691308376461
SV204,visible,Averaging,mll,107.03746015017889,240.8925777202142,0.9938733490833012,0.9796227632921255,2.733909505863701,0.1,0.7558836861687999,1.0131630823617748
SV204,visible,Selection,mll,106.99193265155206,240.80152272296056,0.99387350849395,0.9342945315343464,2.1229793533375916,0.1,0.7636819103445227,1.1592594330102166
SV204,visible,Matching,mll,107.07818790036183,240.97403322058008,0.9938735548798355,0.999799186461001,1.8923593075709113,0.1,0.7514689063922798,1.2077441212746947
SV205,visible,Averaging,mll,86.5770365443928,199.97173050864203,0.9990603204865984,0.7536863764195194,0.26208202252346696,0.1,0.426547603397953,0.8586056546853288
SV205,visible,Selection,mll,769.491731599251,1565.8011206183585,0.6899712511971219,0.9050071771912224,2.9921285574140066,0.1,0.5231612213678615,1.8923384470731235
SV205,visible,Matching,mll,205.9921798646834,438.8020171492232,0.802473422273591,0.8391829819821821,2.8830472012693082,0.1,0.6691571149218585,0.8557471976924186
SV206,visible,Averaging,mll,351.73078852122995,730.2792344623164,0.9734251766391518,0.14933806904562166,0.8179732553500958,0.1,0.9609214254723458,1.9522574737727496
SV206,visible,Selection,mll,351.8998643791839,730.6173861782243,0.9733858997868354,0.426657275453042,1.0342394278248697,0.1,1.0312862549223778,1.960168600642726
SV206,visible,Matching,mll,351.59747394563317,730.0126053111228,0.9734523050736241,0.23605910191258409,0.9630483656121608,0.1,0.9129345888958592,1.729548711125669
SV207,visible,Averaging,mll,47.686681859939995,122.19102113973642,0.9993562767533178,0.07293899276996911,2.958498653253928,0.1,0.8403013435925231,0.8883116238488993
SV207,visible,Selection,mll,48.355799332802036,123.5292560854605,0.9994465486316811,0.3071848104427972,2.5708634384180744,0.1,0.8230584622175444,0.9450342408068415
SV207,visible,Matching,mll,48.04559069984195,122.90883881954034,0.9994072484149362,0.005422489347628018,2.7683199931230327,0.1,0.8281584641460235,0.9253575186520583
SV208,visible,Averaging,mll,116.76883352371193,260.3553244672803,0.9983547585440655,0.8533543509201971,0.7737489673048855,0.1,0.7374936708529782,1.5333851552414177
SV208,visible,Selection,mll,117.22224779588015,261.2621530116167,0.9983329204327184,0.8198304222589636,0.6899647670173837,0.1,0.7543404121826023,1.7796018183688844
SV208,visible,Matching,mll,116.82560022407985,260.46885786801613,0.9983819318391185,0.8631980294210109,2.071449072894215,0.1,0.8529071095428963,1.1662939766664118
SV209,visible,Averaging,mll,70.39731055269142,167.61227852523928,0.9992180596199721,0.8813028649930614,0.7977271068344168,0.1,1.0171375445609747,2.2650856579248684
SV209,visible,Selection,mll,68.48514554541747,163.78794851069136,0.9992489168573718,0.8206348949297886,0.7476696213053979,0.1,0.9237696585216265,2.219425181974387
SV209,visible,Matching,mll,68.01365914553425,162.84497571092493,0.9994816737721481,0.9316163751331727,1.098858042222459,0.1,0.9534242235972196,1.6489562209070734
SV210,visible,Averaging,mll,20.95871814452405,68.73509370890453,0.9998307988756996,0.9768365119337215,2.14354811336065,0.1,0.8034325075916915,1.7654657197902963
SV210,visible,Selection,mll,20.710243479345273,68.23814437854698,0.9998344380074844,0.9220013900675516,1.3022078114716473,0.1,0.5257749498898597,1.2124169585852556
SV210,visible,Matching,mll,20.747372847747734,68.3124031153519,0.9998338305393082,0.9983285675001471,1.7610698574098802,0.1,0.5231940298191224,1.1267617432109542
SV211,visible,Averaging,mll,74.18697920888016,175.19161583761675,0.999988654002869,0.9968943799848582,0.2341009838542934,0.1,0.5468739434817171,1.1054367102114793
SV211,visible,Selection,mll,502.1797081200801,1031.1770736600165,0.8470874720225724,0.9937152127960707,2.9885859640790065,0.1,0.7898224146542959,0.965493948265745
SV211,visible,Matching,mll,305.97513240226937,638.7679222243952,0.8508764859680635,0.9940758645328465,2.576949956731693,0.1,0.7399857372826391,0.9288979338216183
SV212,visible,Averaging,mll,40.08191882594254,106.9814950717415,0.9998305891672118,0.4527299091690459,2.9393863825382,0.1,0.241725009298419,0.9656842407389306
SV212,visible,Selection,mll,35.055241954618175,96.92814132909278,0.9999088219632578,0.7191746018000554,0.23122365974104597,0.1,0.47034419968527447,0.7846399871261055
SV212,visible,Matching,mll,88.60340898950214,204.02447539886072,0.9183510746095628,0.535976989739343,2.951256570873165,0.1,0.7589882068778149,0.9955671019354311
SV213,visible,Averaging,mll,72.707018956344,172.23169533254443,0.9993122030149495,0.8641346182763033,1.1098860089585927,0.1,0.6501310595299055,1.2194063251990663
SV213,visible,Selection,mll,117.7060016775489,262.2296607749542,0.9957635893410484,0.9966844368072995,2.949128347712113,0.1,0.7902698240077742,0.9733922831917255
SV213,visible,Matching,mll,72.78562875459704,172.38891492905051,0.9993104564442225,0.9266657469344733,1.9070377859629515,0.1,0.6125060124894329,0.9199995154105732
SV214,visible,Averaging,mll,23.972918660142042,74.76349474014052,0.999991523869348,0.538874117122588,2.482874745184042,0.1,0.20046542275495013,0.8203839561102502
SV214,visible,Selection,mll,23.53103687984318,73.87973117954279,0.9999936534299501,0.7531123655281918,0.2196546631344912,0.1,0.31945800549948367,0.9647805497878664
SV214,visible,Matching,mll,71.52993701099825,169.87753144185294,0.9291360389028454,0.49628794409837385,2.9457318640244705,0.1,0.6915823979872379,1.0323884662489824
SV215,visible,Averaging,mll,179.07644627479428,384.8863363326536,0.9921312204468463,0.8676356842297691,0.7180778235039742,0.1,1.2067419495791916,0.7828787013035552
SV215,visible,Selection,mll,193.17567171370882,413.0847872104828,0.9956723010215128,0.9863048020361338,0.33657678436615623,0.1,0.7784486037755088,0.20179265382711914
SV215,visible,Matching,mll,275.7085659487118,578.1505756804887,0.9893690955350763,0.8494873449683701,2.1614845252459736,0.1,0.2446097006342667,0.7846438488440373
SV216,visible,Averaging,mll,377.01790519422104,780.8534678082985,0.8314865362691299,0.9987804253719753,1.6128519026626058,0.1,2.5242311567426547,0.21342907732709038
SV216,visible,Selection,mll,415.417927015093,857.6535114500425,0.8961019993900836,0.9976837911644196,2.988585964078423,0.1,0.7898224146542321,0.9654939482658128
SV216,visible,Matching,mll,78.61346171264933,184.04458084515508,0.9999979220336968,0.9982758431240704,0.23543865521801194,0.1,0.5408952306269449,0.9000954070814978
LV001,invisible,Averaging,mll,37.78996292861142,100.89880947931363,0.9995121667400821,0.00045496755050934,0.8579029907673731,0.1,0.33998226066091664,0.11965745314515368
LV001,invisible,Selection,mll,37.25566386100083,99.83021134409245,0.9994805667962321,0.008910062832367909,0.8527753377185909,0.1,0.34938262049301116,0.10881252632551339
LV001,invisible,Matching,mll,37.27963950280321,99.8781626276972,0.9994753170840717,0.0009394899561384925,0.8469213781122225,0.1,0.34974133308180044,0.10191668208819886
LV002,invisible,Averaging,mll,186.8150988653571,399.1844433528967,0.8354352105955632,0.9049405082751404,1.3649495539381347,0.1,2.938969042101587,1.7212989733054822
LV002,invisible,Selection,mll,111.88803764914614,249.3303209204748,0.9967165657531832,0.6723760671645441,2.8403680601855235,0.1,0.8874163190389276,0.10246266194610298
LV002,invisible,Matching,mll,113.0926312660707,251.73950815432391,0.9959291912866264,0.9348517548487203,2.97819463839013,0.1,0.8999922845230832,0.10933823117439258
LV003,invisible,Averaging,mll,127.4247996089988,276.7386819126835,0.4661759680057799,0.03591689173055886,0.8216321116205257,0.1,2.9996843195723324,1.567103654062808
LV003,invisible,Selection,mll,135.18927829141728,292.26763927752046,0.439764549721269,0.13537658826090795,0.8493317743877922,0.1,2.998740735273329,2.8671058757518058
LV003,invisible,Matching,mll,139.32316217710826,300.5354070489024,0.42555267161687527,0.030759807360140886,0.8399994549661618,0.1,2.999749226248647,2.999201599979312
LV005,invisible,Averaging,mll,165.0396079795522,353.189825251995,0.6404222264596775,0.12445411461782097,0.6874264757808193,0.1,2.998713630655757,1.5673662790828513
LV005,invisible,Selection,mll,82.93908220029046,188.98877369347153,0.9848260927600091,0.21205040575859035,0.7498451798649323,0.1,0.4907741959423787,0.12933097481122008
LV005,invisible,Matching,mll,80.23567389582934,183.5819570845493,0.9989900905225574,0.18274532881956812,0.8146640293436771,0.1,0.4751078280780176,0.10605290411512967
LV008,invisible,Averaging,mll,47.048474530783096,119.9801470766966,0.9991689253422689,0.001311371583468964,0.8557937628799411,0.1,0.3865443178529052,0.10087930191351226
LV008,invisible,Selection,mll,330.4616469113265,686.8064918377835,0.4941811709548005,0.13448207272620352,0.8173899367037093,0.1,2.9995205200930153,1.248309059459634
LV008,invisible,Matching,mll,336.5779515812659,699.0391011776622,0.48502943667459775,0.017080895527725855,0.8057434684188579,0.1,2.9994200371176016,1.2960572614597312
LV009,invisible,Averaging,mll,50.25349987049728,123.61760903388519,0.9991969388615105,0.031841444452769554,0.8304848886098838,0.1,0.37373627324388925,0.13899996474936493
LV009,invisible,Selection,mll,53.19324749800383,129.49710428889827,0.9918054619639418,0.017520910758204365,0.8547803528697759,0.1,0.45102033686572207,0.11309107738629672
LV009,invisible,Matching,mll,53.15022725693086,129.41106380675234,0.9919005393957813,0.0022730276085307223,0.8446643190415488,0.1,0.45129263726705443,0.10343172993650383
LV011,invisible,Averaging,mll,219.50052564443214,463.66272270579,0.6854861715851746,6.859669217145068e-05,0.8468382204098391,0.1,2.986359492929769,0.1065276669099357
LV011,invisible,Selection,mll,181.5968397349535,387.8553508868327,0.8144259789254193,0.13342691324041014,1.6344306671559798,0.1,2.8562772056061547,0.10017196442656073
LV011,invisible,Matching,mll,210.34309070111604,445.34785281915777,0.7155760383159373,0.00016730551125009337,0.9271920994747942,0.1,2.993581903967016,0.10180497604274183
LV012,invisible,Averaging,mll,450.26458132280675,927.34682006547,0.4788856540572739,0.0027065998197560322,0.8422128703148518,0.1,2.9997153938724184,1.6647368089585024
LV012,invisible,Selection,mll,447.98564608577396,922.7889495914044,0.4823843292753709,0.10654784306191495,0.8557994732901872,0.1,2.9953011403945995,1.7131417767479429
LV012,invisible,Matching,mll,448.9192424204159,924.6561422606883,0.4813382453702826,0.014007056908495118,0.8513990159875539,0.1,2.99950641670732,1.6536481343739873
LV013,invisible,Averaging,mll,160.74442972839913,348.30651687665465,0.9937119421464732,0.0016941890916956038,0.8458790163798257,0.1,0.40157966078129076,0.12294739319412348
LV013,invisible,Selection,mll,150.8159221196085,328.4495016590734,0.99482874186427,0.046822712872615364,0.8437031937500927,0.1,0.380201117967048,0.1728105430559333
LV013,invisible,Matching,mll,149.64991289879873,326.11748321745387,0.9958150552957926,0.017794699616305105,0.8587453984487555,0.1,0.39978925662824466,0.12095238671266151
LV015,invisible,Averaging,mll,1.3259381768286445,16.757318452121936,0.9999996662354516,0.3525634599597953,2.878302514999017,0.1,0.2573503642193994,0.4665050571625808
LV015,invisible,Selection,mll,7.3371608574362845,28.779763813337215,0.7909520672659466,0.019686843352087546,0.7145615254871138,0.1,0.5431361958857643,0.44789073534605556
LV015,invisible,Matching,mll,7.489512972570781,29.084468043606208,0.7883935523895367,0.001085898959606646,0.8626832273506526,0.1,0.764397550656834,0.4426340168904954
LV016,invisible,Averaging,mll,78.13368580123358,182.5509034518255,0.9979641544854883,9.76144071162788e-06,0.8566035354332373,0.1,0.35996413798601323,0.1026577233133866
LV016,invisible,Selection,mll,78.47749590189753,183.23852365315338,0.9979691101210002,0.010929795885007764,0.8510068479696429,0.1,0.35834484503798814,0.10005717673213647
LV016,invisible,Matching,mll,78.1657088884729,182.61494962630414,0.9979707529373282,0.00031845866837734536,0.8537157580825261,0.1,0.3577500006534927,0.10084780978356274
LV019,invisible,Averaging,mll,2.6809233760869993,16.694700128398864,0.9827162926122969,0.9194028976029327,0.7205691902223612,0.1,0.43363303570176437,0.10060708025766404
LV019,invisible,Selection,mll,2.0505002578800315,15.433853891984928,0.9995163181823962,0.7837977326787787,1.277647893477125,0.1,0.6393404505075756,0.10049125699148756
LV019,invisible,Matching,mll,2.2467457839503204,15.826344944125506,0.9950714474466931,0.881049978404949,1.714804172836353,0.1,0.7734370866794523,0.10223806716182612
LV021,invisible,Averaging,mll,16.65310995523933,52.95683945342287,0.9994773463074604,4.4200814983338455e-05,0.8551988256969832,0.1,0.4259102437620678,0.10240045766654685
LV021,invisible,Selection,mll,16.651290270305786,52.953200083555785,0.999484294005108,0.001429577957446855,0.8389829806617707,0.1,0.41905978496653523,0.10389828396979138
LV021,invisible,Matching,mll,16.65285359017564,52.95632672329549,0.9994854533448223,5.849578147690024e-05,0.8556200500345851,0.1,0.42768467305227553,0.100320374874167
LV022,invisible,Averaging,mll,55.69369363904143,135.59574395378053,0.9997853172933077,0.004389384670420073,0.8520857059545666,0.1,0.4211581233846853,0.10340788317252685
LV022,invisible,Selection,mll,55.976764781441055,136.16188623857977,0.9993152592558354,0.0006793240844985228,0.8303982450071538,0.1,0.41173934045327926,0.1282673897235212
LV022,invisible,Matching,mll,55.98440186313394,136.17716040196555,0.9993124153291802,6.518366634997164e-05,0.8543633901687174,0.1,0.43422105530705485,0.10209321306315466
LV023,invisible,Averaging,mll,403.8641810103157,833.0472456427221,0.49254912261930417,0.09308912659137224,0.8240612284228487,0.1,2.999661533842505,1.6137358013890126
LV023,invisible,Selection,mll,399.72791870036053,824.7747210228118,0.5007674199508347,0.21628989623179615,0.8129162659409863,0.1,2.9984617758730634,2.131904238966469
LV023,invisible,Matching,mll,394.09827909158935,813.5154418052695,0.5140748359248934,0.09434852594501093,0.8262490110546703,0.1,2.9989436252881188,1.6221339553429241
LV024,invisible,Averaging,mll,64.69481053397632,153.4346897655693,0.9976939962308239,0.0036285456876539645,0.8418782334229024,0.1,0.3757319814068866,0.1180820195180427
LV024,invisible,Selection,mll,58.15749919352797,140.36006708467258,0.9991564529723294,0.039254122286940994,0.8536439469080059,0.1,0.4051367233665481,0.101140508420216
LV024,invisible,Matching,mll,58.1064459192029,140.25796053602244,0.9992243563473616,0.012135246435452735,0.8527365391779272,0.1,0.3786493079442823,0.13350996417933614
LV025,invisible,Averaging,mll,27.992693740414275,80.50158832107073,0.9992613798520742,1.5642918929113043e-06,0.8564146568663019,0.1,0.3818517762673971,0.10189870443451317
LV025,invisible,Selection,mll,27.990104603250916,80.49641004674402,0.9992658512099453,0.0009716442049269364,0.8559258990829263,0.1,0.38318795657749827,0.10366724382878194
LV025,invisible,Matching,mll,28.000121765229046,80.51644437070027,0.9992810630056842,0.0004419605329074823,0.8549830274761144,0.1,0.3806703216779308,0.1010271610741207
SV103,invisible,Averaging,mll,3.3522693139484483,18.037392004121763,0.8665449122311285,0.15907641514033874,0.40641147539889744,0.1,0.280452290682354,0.1199340484802702
SV103,invisible,Selection,mll,2.586306690481227,16.505466757187317,0.9079849215405229,0.4371987792207195,0.43535807188811304,0.1,0.28758458376701074,0.15993912554330988
SV103,invisible,Matching,mll,2.874490098577782,17.08183357338043,0.8875140984031957,0.4436382247452896,0.43186567900011824,0.1,0.2935527393458947,0.11914165486945455
SV111,invisible,Averaging,mll,9.036964741977599,29.406782860180062,0.4400805355483479,0.0322930210222831,0.8422101168757274,0.1,2.9997362828179033,1.8914738650626424
SV111,invisible,Selection,mll,9.13045246433462,29.593758304894106,0.4339100206704455,0.17712441997497036,0.8098657299327882,0.1,2.9887432149603392,2.1603729523407913
SV111,invisible,Matching,mll,8.836898567548042,29.00665051132095,0.45198243593737286,0.015633394599467228,0.8445730007949195,0.1,2.9996668686650816,1.8922162732834888
SV113,invisible,Averaging,mll,6.359015966845439,26.823474032155524,0.9361136329777657,0.14513911404418112,0.8152384307994739,0.1,0.34665582179247667,0.10922478560648592
SV113,invisible,Selection,mll,12.368769225162655,38.84298054878995,0.7117832294687698,0.03394658650468685,1.1381660237392373,0.1,2.724007245839685,0.10050199977411767
SV113,invisible,Matching,mll,6.30662188313778,26.718685864740205,0.966188150309026,0.16071831688879018,0.8507259241012746,0.1,0.39244355431224975,0.18975981332848282
SV119,invisible,Averaging,mll,3.422951340730263,18.17875605768539,0.9831792321717803,0.41042303845997447,0.35270170414257057,0.1,0.254719014105771,0.10005414041517645
SV119,invisible,Selection,mll,5.263867176076292,21.860587728377446,0.8183745189507252,0.570721762071696,1.9872761480184984,0.1,0.6600654490668632,0.5575452990327607
SV119,invisible,Matching,mll,4.391741335094142,20.11633604641315,0.9045610045544552,0.5088277118101029,2.4920162732884767,0.1,0.2488347844592273,0.49162165229454025
SV215,invisible,Averaging,mll,9.347268514222165,30.027390404669195,0.4339768350784331,0.0871137334594834,0.8458114015880491,0.1,2.999704355551049,1.890793049601933
SV215,invisible,Selection,mll,8.692142461842264,28.717138299909394,0.47477294146439064,0.10944002381640318,0.8878045125440528,0.1,2.999530735517898,2.092824489554374
SV215,invisible,Matching,mll,8.886104852467119,29.105063081159102,0.46163354784653066,0.03522449166633319,0.8392203292235253,0.1,2.999685892067387,1.8911725406249036
LV001,5,Averaging,mll,57.07573035849668,136.57466898217734,0.9943746456869929,0.43998920270775793,0.3703021184232188,0.1,0.6671031146707157,0.12499640545656975
LV001,5,Selection,mll,54.47323739224464,131.36968304967328,0.9985730805686698,0.44204711361639454,0.44715848503730565,0.1,0.35444959496006273,0.525117128084972
LV001,5,Matching,mll,54.63993207588831,131.70307241696062,0.998284284360102,0.3063419231542515,0.475445521224774,0.1,0.3191416897609348,0.5304550083390563
LV002,5,Averaging,mll,100.59108414765711,223.60537656049823,0.9278543275715273,0.8134737767562229,2.2818502632112825,0.1,2.977006414969679,0.10288387837668349
LV002,5,Selection,mll,90.84752625588513,204.11826077695426,0.950411061418491,0.5564255574431708,2.9838370768499956,0.1,2.8044405416908185,0.10154251821592107
LV002,5,Matching,mll,90.7049561961004,203.8331206573848,0.9670144549737775,0.8503469641379883,2.98660569442902,0.1,1.9105698533127327,0.10127496266655847
LV003,5,Averaging,mll,86.14860947182282,194.72042720882965,0.917471963626504,0.6352965300093172,0.47605306209001913,0.1,0.49927978024410025,0.10059293994240778
LV003,5,Selection,mll,222.80641959913567,468.0360474634553,0.9109866793318361,0.6260972231647622,0.9664137870141276,0.1,0.43113065627221614,1.848252097594711
LV003,5,Matching,mll,69.10811970905448,160.63944768329296,0.9819648027632784,0.7019030491121554,1.2173379668123483,0.1,0.936371870330846,0.3202228075101863
LV005,5,Averaging,mll,89.92298986837383,202.26918800193167,0.9354394929582727,0.34806874963859463,0.6177439183614013,0.1,0.523862838318412,0.1009706454748175
LV005,5,Selection,mll,77.44343459734147,177.31007745986693,0.9987585813868994,0.4094226010107092,0.6197542960397152,0.1,0.5582196654241687,0.10413833626906584
LV005,5,Matching,mll,77.70223086467315,177.8276699945303,0.9974731886605335,0.41782470049888326,0.5535359740298778,0.1,0.47574528864847276,0.11103067414366424
LV007,5,Averaging,mll,43.63028453662092,109.68377733842583,0.998329744601457,0.9985908821777921,0.2358324816351374,0.1,0.7815290929389787,1.2077606743313671
LV007,5,Selection,mll,157.26498648844563,336.95318124207523,0.8902648088698648,0.997607561995844,2.992241659971443,0.1,0.8205115113706831,0.9652851332201532
LV007,5,Matching,mll,100.36921873720192,223.16164573958784,0.8934095536215937,0.9922297995010189,2.290854049214626,0.1,1.0331492752831222,1.2269942154587827
LV008,5,Averaging,mll,75.87264551185129,174.16849928888658,0.9997604957623769,0.09010326821498377,0.8000984550567651,0.1,0.7692253392061255,0.10599243737059211
LV008,5,Selection,mll,75.93117936974726,174.2855670046785,0.9986012908570792,0.1313830772330585,0.860291431570686,0.1,0.5984150012298732,0.3503133579588813
LV008,5,Matching,mll,75.88661414183505,174.1964365488541,0.9990122739337906,0.03992702748704913,0.7879587289301142,0.1,0.6109749701261236,0.2984103377076518
LV009,5,Averaging,mll,66.33526453882132,155.09373734282664,0.9999829854312254,0.10331334484371639,0.6757570751532388,0.1,0.310585743029935,0.4345294871416176
LV009,5,Selection,mll,67.12648215395103,156.67617257308606,0.9950736099488143,0.13965914929846315,1.076688870619703,0.1,0.5451462688315466,0.509207150011592
LV009,5,Matching,mll,67.09070740472893,156.60462307464186,0.9952698199813507,0.022927108430971437,0.9918574282303754,0.1,0.5300085295742619,0.4979712254240873
LV011,5,Averaging,mll,113.82103575593885,250.0652797770617,0.843419155863822,0.002036489692018237,0.8838867658362152,0.1,2.989671261586016,1.704450084856124
LV011,5,Selection,mll,100.13251008310007,222.68822843138415,0.9245965373399476,0.31714293922811326,1.5375536518304713,0.1,2.997287668798192,1.5265470611222767
LV011,5,Matching,mll,99.99690359984875,222.4170154648815,0.9254954043505147,0.024294623615834832,1.5530017580430293,0.1,2.999849216996355,1.5213265803865796
LV012,5,Averaging,mll,166.0451583570457,354.51352497927536,0.46689138682014497,0.033573764943856645,0.8373220113972353,0.1,2.999339468547315,1.7739627796826523
LV012,5,Selection,mll,166.52932059476544,355.48184945471485,0.4661841119182316,0.24075042900334886,0.8482033862474831,0.1,2.8397982091317298,1.9713888622808513
LV012,5,Matching,mll,162.3066504951332,347.03650925545037,0.48218010444977977,0.027815088591783513,0.8580537557195816,0.1,2.999526046730334,1.8006214052073901
LV013,5,Averaging,mll,61.423759614442126,145.27072749406824,0.9808654274475426,0.02654375029743961,0.8373613271616425,0.1,0.39309829092586845,0.10669934243351514
LV013,5,Selection,mll,54.7321652912033,131.8875388475906,0.9940879735671576,0.07528317333287252,0.8599878889761482,0.1,0.407307012440687,0.15104341609457717
LV013,5,Matching,mll,53.920903054782585,130.26501437474917,0.9960948353516121,0.034373327889413156,0.8384445881165469,0.1,0.3734110565015464,0.16421122519244918
LV015,5,Averaging,mll,17.19350774670805,56.81022375860009,0.9985022466299133,0.08913866396941712,2.340548971602879,0.1,0.35082784468187356,0.909297726758061
LV015,5,Selection,mll,17.20710490953363,56.837418084251254,0.9985022082874273,0.25790255900472503,2.761183858306946,0.1,0.5834679664492871,1.0245899731437675
LV015,5,Matching,mll,17.19350774670805,56.81022375860009,0.9985022466299133,0.00028754306590171016,2.3846735165384407,0.1,0.5112341815025284,0.9981915687346838
LV016,5,Averaging,mll,91.76095944101333,205.94512714721066,0.9894298206185445,0.00018556807514873803,0.8565394313661592,0.1,0.5155991376789422,0.10654006600443935
LV016,5,Selection,mll,91.77683055996192,205.97686938510785,0.9893622025904805,0.003684260006748765,0.8521720783536062,0.1,0.5201555695138039,0.10351751641081539
LV016,5,Matching,mll,91.75939895610534,205.9420061773947,0.9894562704858706,9.59323808917419e-05,0.8575412097143035,0.1,0.519213611502176,0.1022439950442228
LV017,5,Averaging,mll,2.4785479646381,27.38030419446019,0.9999998455349962,0.2408278719679849,2.832144337163286,0.1,0.3748196973675709,0.6021106732848928
LV017,5,Selection,mll,3.1062616140487487,28.63573149328149,0.9999473312010769,0.02472306101925096,2.8103948084312336,0.1,0.731612700652574,0.9938240495727455
LV017,5,Matching,mll,2.9954689824175684,28.414146230019128,0.999952579243777,0.0002912982248936399,2.8939411651489353,0.1,0.7265933802039028,0.9373678606301459
LV018,5,Averaging,mll,70.49218824916304,163.40758476351007,0.9758277084507636,0.9999338930386481,2.517480105764255,0.1,0.8190534601840029,0.9595857611259572
LV018,5,Selection,mll,23.742417455689548,69.90804317656308,0.9998766566474765,0.5710320759180347,2.8646559219682692,0.1,0.7561784881029154,0.9152085006675265
LV018,5,Matching,mll,23.60963249809373,69.64247326137145,0.9998817625164832,0.9998930366896397,0.23827913292499447,0.1,0.7846606623975266,0.8871316368017561
LV019,5,Averaging,mll,8.873352732910636,40.169913731005266,0.9999987969073244,0.9163195655714863,1.425573401455643,0.1,0.7799706852532206,1.16618911132407
LV019,5,Selection,mll,12.650949453954425,47.72510717309284,0.9996260659710874,0.9966843366737942,2.4845711898748846,0.1,0.8185336216337086,0.9632404253799408
LV019,5,Matching,mll,8.960901082234429,40.345010429652845,0.9999895645827822,0.9754721995202669,2.412694868917171,0.1,0.7890734771878654,0.9661664471023084
LV020,5,Averaging,mll,67.61403515632163,157.65127857782727,0.9851157620282589,0.866956221056263,2.3151033093365796,0.1,0.353598252955998,2.994644943530877
LV020,5,Selection,mll,71.32959645995754,165.0824011850991,0.9775589849607348,0.7508518919863103,1.221767641653418,0.1,0.5322359766969526,2.6799501385581777
LV020,5,Matching,mll,67.61403385191825,157.6512759690205,0.9851157493270459,0.803855773425725,2.9384341707399315,0.1,0.7955552518433818,2.5657160332435094
LV021,5,Averaging,mll,2.4785479646381,27.38030419446019,0.9999998455349962,0.2408278719679849,2.832144337163286,0.1,0.3748196973675709,0.6021106732848928
LV021,5,Selection,mll,3.1062616140487487,28.63573149328149,0.9999473312010769,0.02472306101925096,2.8103948084312336,0.1,0.731612700652574,0.9938240495727455
LV021,5,Matching,mll,2.9954689824175684,28.414146230019128,0.999952579243777,0.0002912982248936399,2.8939411651489353,0.1,0.7265933802039028,0.9373678606301459
LV022,5,Averaging,mll,87.20959372252607,196.84239571023613,0.9978740842414316,0.004348156192466073,0.8179220975207839,0.1,0.599374353816687,0.29237337125898527
LV022,5,Selection,mll,87.20037607355731,196.82396041229862,0.9978402796530229,0.014601841858214596,0.8087790048758514,0.1,0.5915812462125346,0.2952077206967681
LV022,5,Matching,mll,87.20421823131579,196.8316447278156,0.9978368007134308,0.0001079145900010053,0.8608087816776512,0.1,0.5987816153777529,0.31750317741537903
LV023,5,Averaging,mll,181.50582346343703,385.434855192058,0.7223249793618967,0.024897592382838427,0.8226289424784251,0.1,1.4164780269283908,0.10093646312026801
LV023,5,Selection,mll,140.5476058803607,303.51842002590536,0.9560369334620824,0.28997652725561623,0.7758621950842055,0.1,0.5311986570475227,0.1256176163614404
LV023,5,Matching,mll,141.83129293999272,306.0857941451694,0.9467294205305935,0.227610749491704,0.8230894778587091,0.1,0.4879183688427418,0.10755900637774608
LV024,5,Averaging,mll,212.65414090496034,447.73149007510466,0.770545216770024,0.0006517397225380681,0.8459845566343204,0.1,2.459776038138649,0.10178555431167713
LV024,5,Selection,mll,210.40750842509823,443.23822511538043,0.802924088236509,0.34222595212520157,0.7170496445949883,0.1,1.0272054816880363,0.10257585553030815
LV024,5,Matching,mll,211.06185306247534,444.54691439013465,0.7797265615198953,0.11837855967612161,0.8411210406102813,0.1,1.8129504554183697,0.10152003679487934
LV025,5,Averaging,mll,84.418465364295,191.260138993774,0.9749430213896784,0.000289284773606823,0.8542930457420161,0.1,0.9335974828668645,0.10320437198556026
LV025,5,Selection,mll,84.1395742358375,190.702356736859,0.9839175521475192,0.10753711128668166,0.8552036837852122,0.1,0.8611414246691873,0.10012469317280945
LV025,5,Matching,mll,84.32721926859006,191.07764680236411,0.979408280977104,0.008259406284546,0.852300939314856,0.1,0.8871685389670416,0.10055584642211997
SV103,5,Averaging,mll,122.668614188021,267.76043664122597,0.9368671304035039,0.9995846249304239,2.9921517355233442,0.1,0.5231612170357511,2.9999601367292668
SV103,5,Selection,mll,122.668614188021,267.76043664122597,0.9368671304035039,0.9993001991838079,2.9921517355233442,0.1,0.5231612170357511,2.9999601367292668
SV103,5,Matching,mll,105.02375563768224,232.4707195405485,0.9371889759613121,0.9994546371298779,2.9889268450981645,0.1,0.4663733817234873,0.7528395837415619
SV110,5,Averaging,mll,61.42500399638657,145.27321625795713,0.9796873693887647,0.9886806903472645,2.3154619786558177,0.1,0.39789572835501136,2.5769355892925745
SV110,5,Selection,mll,61.42500399638657,145.27321625795713,0.9796873693887647,0.9125445655534454,2.7630667451554345,0.1,0.784656008148232,1.8923542851667794
SV110,5,Matching,mll,18.307825366465163,59.03885899811432,0.9999999317896848,0.9999342676265451,0.2282874004733144,0.1,0.3406508413917009,1.3147799211681868
SV111,5,Averaging,mll,76.4436091319564,175.31042652909682,0.9842412099648519,0.7560634876192124,1.7661580571216848,0.1,1.3321286961574883,2.092469425944982
SV111,5,Selection,mll,79.11544575176595,180.6540997687159,0.9802845295659766,0.828732520259323,0.7158279335563951,0.1,0.7984408826950801,2.1485993769665632
SV111,5,Matching,mll,75.59482598665947,173.61286023850295,0.9840681254543543,0.8843979750474744,1.158620797081913,0.1,0.9205397090903582,1.9981953473154013
SV113,5,Averaging,mll,30.31577893700395,83.0547661391919,0.994764575667298,0.861906613701956,1.2689087735286766,0.1,1.5057111644491281,2.154994723364373
SV113,5,Selection,mll,32.30852470829667,87.04025768177733,0.996573813121486,0.8474214153760731,0.7763962995979489,0.1,0.8004669810598565,2.2603238106095174
SV113,5,Matching,mll,27.48152266702257,77.38625359922914,0.9968087465197737,0.9017275408877266,1.8923230919634162,0.1,1.2752012958209518,1.6097059368101314
SV119,5,Averaging,mll,22.066827764299898,66.55686379378379,0.9999756741484546,0.9804827579143879,0.2335821400125363,0.1,0.8753079235348665,1.4896279439313902
SV119,5,Selection,mll,204.8989055265536,432.22101931829116,0.7754775947345194,0.977208362670057,2.992241659971789,0.1,0.8205115113706447,0.9652851332201534
SV119,5,Matching,mll,90.85387186380123,204.13095199278646,0.793619573922347,0.973561278618887,2.872668568770066,0.1,0.7745054219199018,1.0381781754598587
SV201,5,Averaging,mll,93.74802048646633,209.91924923811666,0.9515935458057069,0.9997199664179274,2.9921517355233442,0.1,0.5231612170357511,2.9999601367292668
SV201,5,Selection,mll,93.74802048646633,209.91924923811666,0.9515935458057069,0.9994923079397997,2.9921517355233442,0.1,0.5231612170357511,2.9999601367292668
SV201,5,Matching,mll,81.73524640678072,185.89370107874544,0.951762380861049,0.9996152495382419,2.576930733140634,0.1,0.5231708001271511,0.8654392792062938
SV202,5,Averaging,mll,36.9834301874179,96.39006864001979,0.99381390876506,0.02012758694748735,2.0970414246912195,0.1,0.5639526403634911,0.8613099862650974
SV202,5,Selection,mll,37.090460035873505,96.604128336931,0.9938170247423854,0.0399651238399374,2.8628935201759327,0.1,0.7319121158193044,0.9914482776656836
SV202,5,Matching,mll,37.31048679438116,97.04418185394631,0.9938027140369339,0.00028496589483006235,2.830862279906681,0.1,0.6530500576156596,0.9480424762010259
SV203,5,Averaging,mll,3.587215628894439,29.59763952297287,0.9999411299962688,0.9746586249592692,2.8737870114832607,0.1,0.5572255792934702,2.6587988235415767
SV203,5,Selection,mll,2.458148650811279,27.33950556680655,0.999999962325609,0.8485689611612884,1.3221261014860324,0.1,0.43855791298461877,1.224824311778398
SV203,5,Matching,mll,3.6758910851489746,29.77499043548194,0.999551215116908,0.9479353200053047,2.555520299811661,0.1,0.7745104360452568,1.4810218863049447
SV204,5,Averaging,mll,17.193507746708047,56.81022375860009,0.9985022466299133,0.9933420881766799,2.4132448153252075,0.1,0.40204687051407995,2.810768851293158
SV204,5,Selection,mll,17.196906782516564,56.817021830217115,0.9985022427956649,0.9472415457171732,2.216051012382406,0.1,0.7947225111440906,2.247316287921953
SV204,5,Matching,mll,17.244509942239723,56.912228149663434,0.9985018133598205,0.9991977196678904,1.8831183620569971,0.1,0.649208701925932,1.6263378632396628
SV205,5,Averaging,mll,27.770757287582793,77.96472284034958,0.9984517581729923,0.832439279312775,0.22635332680109493,0.1,0.2284487319450269,0.8601390947419374
SV205,5,Selection,mll,263.86915990784314,550.1615280808703,0.6729454263942688,0.8752298513165039,2.992052692927709,0.1,0.5231449783247747,1.2077606743313671
SV205,5,Matching,mll,63.58322578678126,149.5896598387465,0.8159936810823976,0.7902780927279038,2.892332646988386,0.1,0.6567221671858537,1.0456083397077127
SV206,5,Averaging,mll,98.31996856525242,219.06314539568885,0.9827334252810238,0.15387922844958574,0.7178438281342966,0.1,0.7884214012785049,1.9435183009839154
SV206,5,Selection,mll,98.32240931618877,219.06802689756154,0.9823474432381761,0.42882336825383044,0.7781690092014023,0.1,0.725690561760626,1.883474684343445
SV206,5,Matching,mll,98.31355405455592,219.05031637429585,0.9827097973728501,0.26739664036321087,1.0019580336909832,0.1,0.705366232290198,1.6146738040272528
SV207,5,Averaging,mll,15.6700157882733,53.763239841730595,0.9994480746608129,0.06501743194867156,2.3873202964038116,0.1,0.6591024423760345,0.7702012477575281
SV207,5,Selection,mll,15.761561051492638,53.94633036816927,0.9993861789688427,0.12207299783997172,2.8055745054742998,0.1,0.7064529397803417,0.7854112743523609
SV207,5,Matching,mll,15.769307526343496,53.96182331787098,0.9993791830134775,0.00031105764685093485,2.8545106298719327,0.1,0.7231017948644719,0.7972836306237141
SV208,5,Averaging,mll,15.328927628685348,53.081063522554686,0.9999982200028676,0.8519556343669435,1.0539271736226077,0.1,0.6558776963970142,1.2137235367186652
SV208,5,Selection,mll,36.49744947460147,95.41810721438692,0.9938550058734982,0.9874546051280847,2.7911877921077553,0.1,0.815627905123275,0.9673072323411812
SV208,5,Matching,mll,15.446533248255802,53.316274761695595,0.9999882630211028,0.8870954559351568,2.5311464408018116,0.1,0.7288467866319596,0.9574674162103439
SV209,5,Averaging,mll,24.009268583626106,70.4417454324362,0.9998473233764655,0.7703934706316129,0.8053286941567679,0.1,1.1101690671805136,2.550025796933158
SV209,5,Selection,mll,24.295079846220233,71.01336795762445,0.9992862643423778,0.8196273372411013,0.7105374481770734,0.1,0.9346319743332251,2.2350328027977886
SV209,5,Matching,mll,23.70158581460084,69.82637989438567,0.9998623082747274,0.9099850916675093,0.9687539170355934,0.1,0.9303440614455033,1.801600548130778
SV210,5,Averaging,mll,17.193507746708047,56.81022375860009,0.9985022466299133,0.9933420881766799,2.4132448153252075,0.1,0.40204687051407995,2.810768851293158
SV210,5,Selection,mll,17.196906782516564,56.817021830217115,0.9985022427956649,0.9472415457171732,2.216051012382406,0.1,0.7947225111440906,2.247316287921953
SV210,5,Matching,mll,17.244509942239723,56.912228149663434,0.9985018133598205,0.9991977196678904,1.8831183620569971,0.1,0.649208701925932,1.6263378632396628
SV211,5,Averaging,mll,25.08564298455697,72.59449423429793,0.9999762806828857,0.9953696845503872,0.23687745703934115,0.1,0.6243444748090967,1.0459523666257724
SV211,5,Selection,mll,174.27710043068856,370.9774091265611,0.8354455872443622,0.9920728822938953,2.99224165997174,0.1,0.8205115113707548,0.9652851332201622
SV211,5,Matching,mll,101.7856627391444,225.9945337434728,0.8403608615769722,0.9921548808385673,2.6066507714300386,0.1,0.7724546373301177,0.9571455269458109
SV212,5,Averaging,mll,16.304676764960366,55.032561795104726,0.9991150200477351,0.06514751813153119,2.6350944855792213,0.1,0.8436654860494821,0.9614794335009436
SV212,5,Selection,mll,23.53499133764244,69.49319094046886,0.9735987247172725,0.45226678940395304,2.935897157360895,0.1,0.5956074034513016,0.759487417037702
SV212,5,Matching,mll,22.500135831341282,67.42347992786655,0.9781812657241667,0.27526100182815527,2.744758244697871,0.1,0.7744985185779932,0.8971118899687712
SV213,5,Averaging,mll,48.505485143144256,119.4341785514725,0.993606932215425,0.8608281210455809,1.168782962040779,0.1,0.6941910365884778,1.2260097318095626
SV213,5,Selection,mll,63.69842793866968,149.82006414252336,0.9897981338069304,0.9972043875010614,2.93125794720779,0.1,0.8169064845496903,0.9683140969064082
SV213,5,Matching,mll,48.374461302644924,119.17213087047384,0.9936261958775935,0.920657668881872,2.341616551148561,0.1,0.6776181186705486,0.893069941108095
SV214,5,Averaging,mll,9.695332427772875,41.81387312072974,0.9999401059215743,0.5247950166416397,2.7003199477543394,0.1,0.17679702347759052,0.9658055299111195
SV214,5,Selection,mll,8.993813705466797,40.410835676117586,0.9999608849725231,0.7348074239461952,0.20580226538101123,0.1,2.695650746956548,1.4230973371043505
SV214,5,Matching,mll,25.373973168251002,73.171154601686,0.926062445845085,0.5021981029434509,2.9911845376558768,0.1,0.7530378099279291,0.964131867991478
SV215,5,Averaging,mll,72.13309515622969,166.68939857764337,0.988921153744547,0.7259520209293548,1.2573708686591876,0.1,1.2484714783723976,0.877432673888781
SV215,5,Selection,mll,79.898330733041,182.21986973126602,0.9879690080182532,0.9293090324896195,0.4408716247202616,0.1,0.46317158160513744,0.5709757677820924
SV215,5,Matching,mll,69.3644019355119,161.15201213620782,0.9944371519253594,0.7634892507561968,2.9789165065639116,0.1,0.2148317022758987,0.5110967428701761
SV216,5,Averaging,mll,141.38193952447864,305.18708731414125,0.8886638258434394,0.9981558424084009,2.9999601476100555,0.1,0.5231435256445123,2.9999601352457654
SV216,5,Selection,mll,141.38193952447864,305.18708731414125,0.8886638258434394,0.9972756264055664,2.992151735523344,0.1,0.5231612170357511,2.9999601367292668
SV216,5,Matching,mll,23.723343406075752,69.8698950773355,0.999999980347687,0.9978922135637682,0.23270917384854073,0.1,0.3218251233993055,1.163236734878491
LV001,10,Averaging,mll,5.934910567686542,34.293029400557074,0.9999602938169154,0.00046294376219571063,0.8528224893258254,0.1,0.32588157592184996,0.12067755182627006
LV001,10,Selection,mll,6.0314083110295575,34.486024887243104,0.99993992335471,0.0013671430847979932,0.8406307823660982,0.1,0.29794317230754075,0.19373082780002593
LV001,10,Matching,mll,6.027563750721133,34.47833576662626,0.9999385879598508,4.0026753973068176e-05,0.8538268423947747,0.1,0.3414460360095906,0.10590886456581308
LV002,10,Averaging,mll,137.26497795954782,296.9531641842796,0.9284453271978663,0.8872089563124741,2.1437286043890946,0.1,2.314012755233321,0.10339881177284371
LV002,10,Selection,mll,152.04813575058415,326.5194797663523,0.8685264455834382,0.9049357964256671,1.8668582117286752,0.1,2.8279076189331644,1.9832762130874717
LV002,10,Matching,mll,128.4959576371756,279.41512353953516,0.952166377024882,0.8987450904393338,2.957934032862711,0.1,1.3215661363229114,0.12740108360660501
LV003,10,Averaging,mll,87.43147232171374,197.28615290861148,0.8991718730404225,0.5977025958888258,0.4367559645046972,0.1,0.4411563258687024,0.10096951331171553
LV003,10,Selection,mll,65.48906094476409,153.40133015471218,0.98137402812354,0.5388852922354984,1.6791294557878427,0.1,0.8552659292537512,0.49916326801952543
LV003,10,Matching,mll,69.87929853665608,162.18180533849616,0.9686719051824466,0.6812067873015285,0.3839640686008311,0.1,0.23858996862756376,0.35043060081865207
LV005,10,Averaging,mll,97.85930659870957,218.14182146260313,0.8973609019972945,0.3882332059335996,0.7906894960697117,0.1,0.7252822644850776,0.1004098355662197
LV005,10,Selection,mll,82.51690436274976,187.4570169906835,0.9870023119598946,0.3855071920727172,0.9080299683215455,0.1,0.8495972739758637,0.14227399956515685
LV005,10,Matching,mll,86.8993761103932,196.2219604859704,0.9591454756987412,0.31620317330585673,0.4602548084934881,0.1,0.3727554591198664,0.2232700091424859
LV007,10,Averaging,mll,42.603024520012546,107.62925730520908,0.9983174296704129,0.9995468961462152,0.23708840120475486,0.1,0.6697413177152788,1.119449136186814
LV007,10,Selection,mll,128.3443927867953,279.1119938387746,0.9304222478878701,0.9991543899300831,2.99224165997174,0.1,0.8205115113707625,0.9652851332200202
LV007,10,Matching,mll,108.54011455224972,239.50343736968344,0.9307952916199093,0.9993001991838079,2.9908942685834563,0.1,0.8209664992399092,0.9658234415438469
LV008,10,Averaging,mll,32.07353361157435,86.57027548833268,0.9985236660739936,0.003707134239808764,0.8502228624761219,0.1,0.4075129819810627,0.10599632987853837
LV008,10,Selection,mll,154.74021740617587,331.9036430775357,0.4568735751624351,0.00542914883517866,0.6558036353216508,0.1,2.9991364953421242,1.4317195844952408
LV008,10,Matching,mll,31.63018292511007,85.68357411540413,0.9989302046888306,0.0019211289946928192,0.8458613862475042,0.1,0.413894754974046,0.10631023586783685
LV009,10,Averaging,mll,67.44914790521261,157.32150407560923,0.9990359108950352,0.009207173591198494,0.7894772839483724,0.1,0.6379288655739127,0.36237383152355956
LV009,10,Selection,mll,67.38275460898453,157.18871748315306,0.9989434835013651,0.044384844226900165,0.769285340770406,0.1,0.523493322543209,0.40859098118932424
LV009,10,Matching,mll,67.38215179590905,157.1875118570021,0.9989529633634159,0.003543046597679637,0.8754540009093438,0.1,0.5386930829100224,0.4366585822564016
LV011,10,Averaging,mll,109.28537356848658,240.99395540215716,0.8398390791660847,7.828929811818816e-05,0.8782896839993851,0.1,2.990787135065523,2.9070631065811274
LV011,10,Selection,mll,105.72496494679437,233.87313815877275,0.8611309186096385,0.20486782991784555,0.991876864908276,0.1,2.9876836319762585,2.9192437015548056
LV011,10,Matching,mll,99.74091086314215,221.9050299914683,0.8972298179584718,6.249408921659024e-05,1.3764468352755759,0.1,2.9989652239604543,2.5604170944752056
LV012,10,Averaging,mll,25.884771275580377,74.19275081634474,0.9993815897701048,2.2138892787632096e-05,0.8548431686877622,0.1,0.3790239450512018,0.11084728011447935
LV012,10,Selection,mll,22.43073498188337,67.28467822895072,0.999851607966651,0.0393856688521532,0.8473629312296292,0.1,0.3864140916862443,0.10843334995501236
LV012,10,Matching,mll,22.71309105987511,67.84939038493421,0.9996567747818556,0.008225964696120823,0.8443111315443638,0.1,0.38100977325549684,0.10091539514874572
LV013,10,Averaging,mll,70.38139521575027,163.18599869668455,0.9886390984493584,0.00012062475753667867,0.8548338290196539,0.1,0.42847458360732976,0.10445862781206168
LV013,10,Selection,mll,81.33345923117211,185.09012672752823,0.9712785660644199,0.22243135097982608,0.6341710467498826,0.1,0.1789761862879718,0.39342508620599764
LV013,10,Matching,mll,69.81900808740622,162.06122443999644,0.9890670952700624,0.0036728320855449396,0.8435083877197643,0.1,0.42199884860054837,0.10750444997398179
LV015,10,Averaging,mll,41.624210222975954,105.6716287111359,0.9936841132229484,0.2555660939734229,2.995243407405079,0.1,0.6899350740827747,0.7435727401523191
LV015,10,Selection,mll,42.97960032381643,108.38240891281684,0.9930842427157799,0.028254646233506694,2.8463064650621406,0.1,0.791814441689718,0.9356560669281173
LV015,10,Matching,mll,42.75564786284056,107.93450399086511,0.9931344142107537,0.0003938161856053753,2.8333540127054784,0.1,0.676245040491164,0.8157181922206237
LV016,10,Averaging,mll,34.23150542943246,90.8862191240489,0.9996906236174041,4.1568688447606254e-05,0.8559992630568503,0.1,0.4295817718744754,0.10119915155726894
LV016,10,Selection,mll,34.22858537428558,90.88037901375515,0.9996967096140426,0.000625892329387758,0.8352835992940068,0.1,0.4219531709286088,0.10170692715552321
LV016,10,Matching,mll,34.233114420726224,90.88943710663644,0.9996945483103526,7.444666735295024e-05,0.8571535476977676,0.1,0.43061219073433205,0.10088538975756933
LV017,10,Averaging,mll,0.18139380465647276,22.785995874496937,1.0,0.1072976184917072,2.1488415022980987,0.1,0.3282946777754273,0.8497848007477234
LV017,10,Selection,mll,0.19499096748205313,22.813190200148096,0.9999999625000003,0.2570082775655685,2.764355814999659,0.1,0.5831216763020938,1.010251143052619
LV017,10,Matching,mll,0.18139380465647276,22.785995874496937,1.0,0.00028754306590165915,2.384673516538409,0.1,0.5112341815024106,0.9981915687346813
LV018,10,Averaging,mll,56.3213698137424,135.0659478926688,0.9830044686748979,0.9886806903472747,2.3154619786558173,0.1,0.39789572835501175,2.5769355892925745
LV018,10,Selection,mll,56.3213698137424,135.0659478926688,0.9830044686748979,0.9125445655535052,2.763066745154772,0.1,0.784656008148232,1.8923542851667794
LV018,10,Matching,mll,17.48780239379325,57.39881305277049,0.9999999450649493,0.9999338412212564,0.23397089196829007,0.1,0.3254672555398818,1.1757689997118206
LV019,10,Averaging,mll,26.72689359491534,75.87699545501467,0.9984564185402254,0.9169889179386742,1.4895980427525335,0.1,0.7840614071431259,1.1529129898518118
LV019,10,Selection,mll,26.65278329463917,75.72877485446233,0.9984163992430657,0.8664849264246118,1.093962464413982,0.1,0.7716990224965441,1.4172252005311023
LV019,10,Matching,mll,26.499543753850393,75.42229577288478,0.9984649429090173,0.976761349505166,2.3056586299741544,0.1,0.8140632072462801,0.989084547955316
LV020,10,Averaging,mll,127.81494177885669,278.0530918228974,0.9335030888076479,0.8590143507965581,1.910356034243389,0.1,1.6434695948747395,2.9983141234110677
LV020,10,Selection,mll,127.30903032763385,277.04126892045167,0.9366198253231715,0.5279645551688049,1.9794415181985021,0.1,1.7120249904206764,2.998716352173521
LV020,10,Matching,mll,127.80052775323432,278.0242637716526,0.9345850779312908,0.8211939939005704,1.503500903119666,0.1,1.539656482043153,2.991809160208739
LV021,10,Averaging,mll,22.799383068200516,68.02197440158503,0.9993364473230336,0.21742688684453093,1.4031867566474505,0.1,0.5337991980326381,0.7216467714086464
LV021,10,Selection,mll,25.470610404931676,73.36442907504734,0.9981723406052466,0.1805668752381781,2.9980137027898683,0.1,0.623412249873031,0.6851619600178546
LV021,10,Matching,mll,30.942813206455472,84.30883467809494,0.9774608328139146,0.2637429596302596,2.247219752476372,0.1,0.8203806815699604,0.9004167136858716
LV022,10,Averaging,mll,70.94660004220808,164.31640834960015,0.9991178630244827,0.0016355482878099882,0.8617034048581784,0.1,0.6736847141416112,0.1859819942762198
LV022,10,Selection,mll,70.86058788549468,164.14438403617336,0.9994134662041508,0.005709129299429542,0.8011498871024285,0.1,0.6124273059970714,0.2171000340638351
LV022,10,Matching,mll,70.94029236472622,164.30379299463644,0.9994266119434394,7.807192252810206e-05,0.8587817677393528,0.1,0.6922570423273261,0.1897507787404808
LV023,10,Averaging,mll,187.07460983710217,396.5724279393883,0.7037821185552463,0.003738810402926806,0.8249968735788598,0.1,1.7576441707703403,0.10116388381018979
LV023,10,Selection,mll,170.15644377184958,362.73609580888314,0.8595688886966091,0.34650123326433147,0.783991665665624,0.1,0.7915496193156677,0.10162243120928564
LV023,10,Matching,mll,169.4451226605363,361.31345358625657,0.9504153451254367,0.24896163397283905,0.8205173411123562,0.1,0.4705778125145129,0.10540342663383694
LV024,10,Averaging,mll,201.01743593177494,424.45808012873385,0.7461507121041271,0.0010762704133254837,0.8234816712815354,0.1,2.5852141917879043,0.10561583872531918
LV024,10,Selection,mll,192.72178081846198,407.86676990210793,0.8261398142952784,0.35900112489840696,0.7829612309985201,0.1,0.9975115039585387,0.10168206435061104
LV024,10,Matching,mll,196.48028384004985,415.3837759452837,0.7744709017749405,0.11913528975888436,0.8818730461293212,0.1,1.8283233208509488,0.10083462862403507
LV025,10,Averaging,mll,68.41429234441298,159.25179295400997,0.9963039212269081,0.004736812052762103,0.8455232096999942,0.1,0.5862879393762962,0.11230360642314152
LV025,10,Selection,mll,68.03665401644466,158.49651629807332,0.9974545469692034,0.03145185942326667,0.8537141852982355,0.1,0.6004126576493093,0.10641188949470808
LV025,10,Matching,mll,68.03832572993713,158.49985972505826,0.9974692057181456,0.002937415342329322,0.856965386582294,0.1,0.6079192153780764,0.10332552008571681
SV103,10,Averaging,mll,174.27710043030586,370.9774091257957,0.9077853003874785,0.9995842436754281,2.99224165997174,0.1,0.8205115113707548,0.9652851332201622
SV103,10,Selection,mll,174.27710043030586,370.9774091257957,0.9077853003874785,0.9993001991838079,2.99224165997174,0.1,0.8205115113707548,0.9652851332201622
SV103,10,Matching,mll,156.63247499527782,335.6881582557396,0.9081242156397379,0.9994508763425656,2.9908942685834563,0.1,0.8213922038374906,0.96600759196876
SV110,10,Averaging,mll,80.13832933274854,182.69986693068108,0.9649118162513486,0.9998269297282878,2.9921517355233442,0.1,0.5231612170357511,2.9999601367292668
SV110,10,Selection,mll,80.13832933274854,182.69986693068108,0.9649118162513486,0.9997199664179274,2.9921517355233442,0.1,0.5231612170357511,2.9999601367292668
SV110,10,Matching,mll,20.766414511092755,63.9560372873695,0.9999999379881088,0.8027054710167824,1.0767473259077107,0.1,0.4247676735153268,1.0709856463426788
SV111,10,Averaging,mll,71.0164566403477,164.4561215458794,0.9849710556154845,0.8561427127753112,2.349035974870509,0.1,0.40332890738859345,2.9925079342451677
SV111,10,Selection,mll,75.86474457221463,174.15269740961327,0.9750747117674982,0.7912668384015885,0.6653818279477056,0.1,0.4018846199496592,2.1027138615271093
SV111,10,Matching,mll,69.88739648111769,162.19800122741938,0.985037487198402,0.7944211300599975,2.318455921062027,0.1,1.0892184161578264,2.414960416992851
SV113,10,Averaging,mll,10.926355641186799,44.27591954755759,0.9998942073634686,0.9325326754285558,1.1452629445487408,0.1,0.8945488649177803,1.5086495589610158
SV113,10,Selection,mll,9.588190353617833,41.59958897241965,0.9999938251015773,0.8879080352255148,1.1155869204532771,0.1,0.7191154724962573,1.2175221661176558
SV113,10,Matching,mll,10.443591953866957,43.3103921729179,0.999909377072065,0.9768261343059716,2.3074118382216526,0.1,0.7801054787286922,0.9501909890153349
SV119,10,Averaging,mll,18.271435704824754,58.966079674833495,0.9999929663494791,0.9625855797539874,0.2322018246729814,0.1,0.6606885145651741,1.6097560362340595
SV119,10,Selection,mll,219.637663658356,461.69853558189595,0.7425462142493665,0.9597104134247694,2.992151735523344,0.1,0.5231612170357511,2.9999601367292668
SV119,10,Matching,mll,77.94796581452452,178.31913989423305,0.7805532198779873,0.9468918335084361,2.6774856235802473,0.1,0.5943045425362029,0.883091845169503
SV201,10,Averaging,mll,93.74802048646633,209.91924923811666,0.9515935458057069,0.9997199664179274,2.9921517355233442,0.1,0.5231612170357511,2.9999601367292668
SV201,10,Selection,mll,93.74802048646633,209.91924923811666,0.9515935458057069,0.9994923079397997,2.9921517355233442,0.1,0.5231612170357511,2.9999601367292668
SV201,10,Matching,mll,81.73524640678072,185.89370107874544,0.951762380861049,0.9996152495382419,2.576930733140634,0.1,0.5231708001271511,0.8654392792062938
SV202,10,Averaging,mll,21.16720856465985,64.75762539450369,0.9984880856329331,0.2155960461157212,2.924488702464434,0.1,0.32141233122150226,0.5617333056377701
SV202,10,Selection,mll,22.181635912916512,66.78648009101701,0.9983158789685693,0.002327070032838535,2.972114930179688,0.1,0.7736342305147237,0.9491376666210836
SV202,10,Matching,mll,22.16471135269212,66.75263097056823,0.9983113273528743,3.279921924243518e-05,2.708132416353094,0.1,0.7191183794057048,0.9023725080999437
SV203,10,Averaging,mll,1.8826051988711978,26.188418662926388,0.9999853173651507,0.9801554721401756,2.938174059774636,0.1,0.5188284113818697,2.7113075371008284
SV203,10,Selection,mll,1.8860042346797141,26.19521673454342,0.9999853136063964,0.9349649115363241,2.315293066377751,0.1,0.5794413213014995,2.251073437845198
SV203,10,Matching,mll,1.4604502168352482,25.344108698854487,0.9999999915428023,0.995437736573311,1.8362785462649958,0.1,0.5231369109281525,1.0461623190876757
SV204,10,Averaging,mll,51.21773563081121,124.85867952680641,0.9860176074568887,0.9933420881766802,2.4132448153250774,0.1,0.40204687051479243,2.8107688512930618
SV204,10,Selection,mll,51.21773563081121,124.85867952680641,0.9860176074568887,0.9546841581955722,2.4315734253645176,0.1,0.4884464298478071,1.4421742307026002
SV204,10,Matching,mll,51.22113466661973,124.86547759842345,0.986017603479675,0.9999036999136794,1.8929619009286005,0.1,0.7845946681208178,2.315639614161151
SV205,10,Averaging,mll,29.06510837922041,80.55342502362481,0.9973639165721334,0.48438479131525713,0.9543650860240314,0.1,0.2599832528241237,0.5804854771305172
SV205,10,Selection,mll,23.64592273305495,69.71505373129389,0.9990364956588653,0.4210101026453783,0.35622733801428497,0.1,0.3751040728930176,0.7177450584900912
SV205,10,Matching,mll,54.320979855922545,131.0651679770291,0.8477325968570324,0.768365661294555,2.3182430584014346,0.1,0.7470820569742848,0.9474033550254802
SV206,10,Averaging,mll,116.41429981838391,255.25180790195182,0.9684086814269077,0.011215114432369744,0.4967435483776294,0.1,0.8095964849343351,2.8163250207229042
SV206,10,Selection,mll,116.62627111020257,255.67575048558913,0.9668554951233276,0.24083066478457898,0.8273796048501,0.1,0.7033879436968886,1.8289714132132961
SV206,10,Matching,mll,116.42048048789505,255.2641692409741,0.9684235142725227,0.10132732488717273,0.9546939655162766,0.1,0.7288311227641948,1.7630421379461572
SV207,10,Averaging,mll,8.436270614824249,39.29574949483249,0.9999251140015073,0.2859832889025971,2.9486306563516322,0.1,0.4850053621362187,0.9665649892511472
SV207,10,Selection,mll,33.144698223950904,88.7126047130858,0.8817062219816444,0.5274567662129134,2.678531205103124,0.1,0.6944207718753894,0.9161315029372307
SV207,10,Matching,mll,14.041988470314346,50.50718520581268,0.9815233516890352,0.25328156938410473,2.9696335354215453,0.1,0.7633699644803852,0.9366175231743306
SV208,10,Averaging,mll,58.79806722881861,140.01934272282122,0.9927312691375899,0.859755339979299,0.7669594899698106,0.1,0.9244689607430275,2.0832440867470012
SV208,10,Selection,mll,59.488909222674344,141.40102671053268,0.9925891453384925,0.8208015173680165,0.6816920902192589,0.1,0.8148723272491601,2.0063453687281245
SV208,10,Matching,mll,58.48652338746223,139.39625504010846,0.9933194991881072,0.8995211856273302,1.090453707759931,0.1,0.8818416341168795,1.6609844807222722
SV209,10,Averaging,mll,19.624298099617143,61.67180446441827,0.9994334451208032,0.8534203032159273,0.9470308871413174,0.1,0.9592951510812682,1.9537534425515433
SV209,10,Selection,mll,19.48561821840012,61.39444470198423,0.9992004844785034,0.8374537262139405,0.7486224323499254,0.1,0.8355271722226834,2.1696042931417714
SV209,10,Matching,mll,18.788032065580627,59.99927239634525,0.9999018161598633,0.9132203563615273,1.034151073582636,0.1,0.9150359287071468,2.128771831165215
SV210,10,Averaging,mll,0.18139380465647273,22.785995874496937,1.0,0.9933420881766799,2.413244815325194,0.1,0.4020468705142455,2.8107688512931484
SV210,10,Selection,mll,0.18479284046498906,22.79279394611397,0.9999999962500002,0.9472415457171739,2.21605101238238,0.1,0.7947225111440898,2.2473162879219597
SV210,10,Matching,mll,0.18479284046498906,22.79279394611397,0.9999999962500002,0.9999036999136794,1.8929619009286005,0.1,0.7845946681208178,2.315639614161151
SV211,10,Averaging,mll,172.0037446203437,366.43069750587136,0.836280179537944,0.9943162164720507,2.9999601475998445,0.1,0.5624325081928601,2.999960133313406
SV211,10,Selection,mll,172.0037446203437,366.43069750587136,0.836280179537944,0.9920728822938956,2.9921517355233442,0.1,0.5231612170357511,2.9999601367292668
SV211,10,Matching,mll,99.5406547365293,221.5045177382426,0.8411704926615673,0.99215488083857,2.626893521418272,0.1,0.5791141322791187,0.8624145299560487
SV212,10,Averaging,mll,9.233933202658257,40.8910746705005,0.9999999807491778,0.8170834635178632,0.22063244435562263,0.1,0.22154829589765113,0.8933652531462716
SV212,10,Selection,mll,251.96068014843578,526.3445685620555,0.6705703056045748,0.8292290380815521,2.9796352469426433,0.1,0.3116478427259681,1.2077606743313671
SV212,10,Matching,mll,40.77773140740264,103.97867107998927,0.8409638411796814,0.7400945618437237,2.9667938276369363,0.1,0.5375049553092547,0.9056876369712914
SV213,10,Averaging,mll,11.222876103312608,44.8689604718092,0.9999999650711513,0.8222348360362217,1.3192727818118777,0.1,0.48480531078607014,1.0756207266261373
SV213,10,Selection,mll,11.229684569398762,44.882577403981514,0.999999887451488,0.8232504768901676,0.8892609233220693,0.1,0.3027929478235815,1.2423778867515356
SV213,10,Matching,mll,27.40077611209207,77.22476048936814,0.9961190168175461,0.9999069596487136,2.9920329911997117,0.1,0.22021205563324148,2.2351636197402738
SV214,10,Averaging,mll,5.62424043303905,33.67168913126209,0.9999999049636685,0.5253762738251802,2.6888566870358415,0.1,0.17231321749737002,0.9662822748472578
SV214,10,Selection,mll,5.792206527345718,34.007621319875426,0.99998435701983,0.6339181530940152,0.20754438891156002,0.1,0.7770710180740564,2.702155594601022
SV214,10,Matching,mll,20.397533219021636,63.218274703227266,0.9373074895753359,0.462809483500358,2.994520919472695,0.1,0.6281030598814817,1.0272101920682772
SV215,10,Averaging,mll,114.70223305962844,251.82767438444088,0.971375874078647,0.9999338930386481,1.5833414915729362,0.1,0.8243665005370309,0.9657473062507604
SV215,10,Selection,mll,63.08311408150026,148.5894364281845,0.9958823482165924,0.5610331449401145,2.73227900746838,0.1,1.2180488533995668,1.2407525006406743
SV215,10,Matching,mll,111.8011693809436,246.0255470270712,0.9709178821032171,0.9999292720768805,1.5835876274571397,0.1,0.8242221765862581,1.0982037922611576
SV216,10,Averaging,mll,26.18323978481625,74.78968783481649,0.9999741866204792,0.9991365365602777,0.23559263198417454,0.1,0.7679617142012678,1.207756603096454
SV216,10,Selection,mll,128.34439278689098,279.11199383896593,0.9110846129458222,0.9983540965390765,2.9922416599717883,0.1,0.8205115113706447,0.9652851332201534
SV216,10,Matching,mll,102.87894213595033,228.18109253708465,0.9115736455502809,0.9986359307058927,2.9508225609878322,0.1,0.8156508307425343,1.1007059459372301
LV001,15,Averaging,mll,21.068137134610513,64.55948253440502,0.9984559666522912,4.9295164374853553e-05,0.8509781791134762,0.1,0.32913251402637383,0.11257006158119588
LV001,15,Selection,mll,21.074475896209094,64.57216005760218,0.9984582856164642,0.0033170277119548737,0.852630280834632,0.1,0.33005452927948,0.11107451731613212
LV001,15,Matching,mll,21.056525771097053,64.5362598073781,0.9984582933399083,1.0822015634476507e-05,0.854848488516625,0.1,0.32820925673485174,0.11540449599465379
LV002,15,Averaging,mll,87.10164763425534,196.6265035336947,0.9618590373148383,0.8765470626422539,2.2270152634919493,0.1,2.1583334973474053,0.10181952994029475
LV002,15,Selection,mll,76.63470890695271,175.69262607908942,0.9899084538049098,0.6980209633188238,1.6369432447134886,0.1,0.8426596400344696,0.10026934757202141
LV002,15,Matching,mll,76.45096902898588,175.32514632315576,0.9922290216052166,0.8993041590188937,2.9531427344175216,0.1,1.1962499658353813,0.11191974041990681
LV003,15,Averaging,mll,91.53129035806847,205.48578898132095,0.9015446789039107,0.5489930738161243,0.563698373529262,0.1,0.5273705316295179,0.10163228720586526
LV003,15,Selection,mll,75.98488968132412,174.39298762783224,0.9544993886494876,0.4600883311681523,0.48808386375822466,0.1,0.4219590917229246,0.11031547729998269
LV003,15,Matching,mll,74.86735772764662,172.15792372047724,0.9657185188289558,0.5714540247039724,0.4323366039710387,0.1,0.34392821136607,0.17202287007097622
LV005,15,Averaging,mll,88.31246932390327,199.04814691299055,0.9510229050177439,0.37990087683760004,0.616172558225755,0.1,0.6154523189569935,0.10058965935330691
LV005,15,Selection,mll,79.27284283531732,180.96889393581864,0.9990888390517886,0.4892016274255314,2.5089192974177017,0.1,0.7306643043367561,0.5399614237966808
LV005,15,Matching,mll,80.1768846717101,182.7769776086042,0.9934712184174239,0.38968762439487725,0.4949799197014057,0.1,0.48295311935770074,0.1032442913935596
LV007,15,Averaging,mll,136.8394326233459,296.1020735118758,0.938752431300836,0.9997199664179274,2.5174801057642666,0.1,0.8190534601840058,0.9595857611259725
LV007,15,Selection,mll,136.8394326233459,296.1020735118758,0.938752431300836,0.9994586526603458,2.5174801057642666,0.1,0.8190534601840058,0.9595857611259725
LV007,15,Matching,mll,125.07932192212402,272.581852109432,0.9387229394211987,0.9995890352875099,2.5089630693461493,0.1,0.8240591338723064,1.1680081512473979
LV008,15,Averaging,mll,16.872831330088914,56.168870925361816,0.9992870247421989,0.0026067048123799867,0.851713920683355,0.1,0.3622930801250678,0.11049044497806293
LV008,15,Selection,mll,137.41237767932805,297.24796362384006,0.5011185251050796,0.12427483572226188,0.8552673399831823,0.1,2.999646011222596,1.185822413520706
LV008,15,Matching,mll,144.35282094038624,311.12885014595645,0.4748927652297078,0.021389331390576985,0.8083110933735054,0.1,2.9979892771370857,1.3233748484936059
LV009,15,Averaging,mll,74.08628858295239,170.59578543108879,0.9973206305201356,0.03679038744132707,0.8230212616252872,0.1,0.7444555685512971,0.12197419896660962
LV009,15,Selection,mll,73.91594937936739,170.25510702391878,0.9979302000421814,0.09040941165527606,0.8970725514713837,0.1,0.6206284645315294,0.31303517982359896
LV009,15,Matching,mll,73.92470324082103,170.27261474682606,0.9977652911207899,0.012408121964366676,0.8294593478686508,0.1,0.5346445218659904,0.33430155239051973
LV011,15,Averaging,mll,112.50032378185756,247.42385582889912,0.8797505886175099,0.00011646824892507281,0.8882963821094104,0.1,2.994497201347185,0.3961337569985943
LV011,15,Selection,mll,105.56447077991619,233.5521498250164,0.923860521071458,0.26089699837128194,1.069657327798563,0.1,2.961848384250348,0.11390798052681303
LV011,15,Matching,mll,108.41442235014387,239.25205296547173,0.9069552575707883,0.010062362793002138,1.004541946642861,0.1,2.992775245399767,0.10320091413199686
LV012,15,Averaging,mll,162.91589930609487,348.2550068773737,0.4029539364667122,0.04897448272525595,0.81731967369288,0.1,2.997318144290081,2.2494536303888557
LV012,15,Selection,mll,153.43696897962067,329.2971462244253,0.4343719234365443,0.038672849956606456,0.8531059788447787,0.1,2.999801218738429,2.2889150794884534
LV012,15,Matching,mll,162.18386485133766,346.7909379678593,0.4051187354946657,0.10177279989500686,0.8214760465614012,0.1,2.9945476980869543,2.119388558546493
LV013,15,Averaging,mll,25.546999196942185,73.51720665906836,0.9973568517833092,2.4755927899193387e-05,0.8532021904605588,0.1,0.3927202111058001,0.10437950851076717
LV013,15,Selection,mll,24.095107189764633,70.61342264471325,0.9975942150738919,0.04007551578131683,0.8472901825267034,0.1,0.29499725967919155,0.27572262496217465
LV013,15,Matching,mll,23.79328153307189,70.00977133132777,0.9981189294897198,0.01236324745732856,0.8527052729047979,0.1,0.3810943200725805,0.11455722843285841
LV015,15,Averaging,mll,27.790789511075744,78.00478728733547,0.9977548740495065,0.17907639653838814,2.9829111778871784,0.1,0.7619273018216931,0.8517201945685094
LV015,15,Selection,mll,28.92991644702883,80.28304115924165,0.9973991545899803,0.022226635436584607,2.8674072260517756,0.1,0.8192260282468922,0.9434118426746017
LV015,15,Matching,mll,30.31278249841197,83.04877326200793,0.9970852356761462,0.007126217992588066,1.8832925925925799,0.1,0.6517333580534242,1.004971068716548
LV016,15,Averaging,mll,21.068137134610513,64.55948253440502,0.9984559666522912,4.9295164374853553e-05,0.8509781791134762,0.1,0.32913251402637383,0.11257006158119588
LV016,15,Selection,mll,21.074475896209094,64.57216005760218,0.9984582856164642,0.0033170277119548737,0.852630280834632,0.1,0.33005452927948,0.11107451731613212
LV016,15,Matching,mll,21.056525771097053,64.5362598073781,0.9984582933399083,1.0822015634476507e-05,0.854848488516625,0.1,0.32820925673485174,0.11540449599465379
LV017,15,Averaging,mll,0.18139380465647276,22.785995874496937,1.0,0.1072976184917072,2.1488415022980987,0.1,0.3282946777754273,0.8497848007477234
LV017,15,Selection,mll,0.19499096748205313,22.813190200148096,0.9999999625000003,0.2570082775655685,2.764355814999659,0.1,0.5831216763020938,1.010251143052619
LV017,15,Matching,mll,0.18139380465647276,22.785995874496937,1.0,0.00028754306590165915,2.384673516538409,0.1,0.5112341815024106,0.9981915687346813
LV018,15,Averaging,mll,59.72379260217185,141.87079346952768,0.9808269205684954,0.9886806903472715,2.3154619786558173,0.1,0.39789572835571396,2.5769355892925745
LV018,15,Selection,mll,59.72379260217185,141.87079346952768,0.9808269205684954,0.9125445655534828,2.7630667451551716,0.1,0.784656008148232,1.8923542851667794
LV018,15,Matching,mll,18.044575857102927,58.51235997938984,0.9999999449067433,0.9999338793273074,0.23122651910678071,0.1,0.3350394599456925,1.200760405331537
LV019,15,Averaging,mll,27.322820110790033,77.06884848676405,0.9999999620717456,0.9975119784604457,0.493790818580998,0.1,0.43695159026411495,0.44517253696833864
LV019,15,Selection,mll,30.985796634126658,84.3948015334373,0.9940801508587334,0.9163732880669256,0.626932652351367,0.1,1.012426617681937,1.212866043439542
LV019,15,Matching,mll,29.84964468793933,82.12249764106265,0.9968890025787057,0.9983205447370254,0.3673648246416145,0.1,0.7141193172600756,0.1565102940811569
LV020,15,Averaging,mll,42.953366583091395,108.32994143136678,0.9977155512669021,0.7779084178211995,1.7514423710101439,0.1,1.5901012915156587,2.9992022628470068
LV020,15,Selection,mll,49.17156571568373,120.76633969655144,0.9874601066155944,0.7946726586436881,1.3780697671154094,0.1,1.7777041079757507,2.998627501924268
LV020,15,Matching,mll,43.34318163303874,109.10957153126147,0.996451618311171,0.8282732044852257,2.0368121420086456,0.1,1.8433895972360534,2.984676990740945
LV021,15,Averaging,mll,70.77975646574785,163.9827211966797,0.9917550913066505,0.001018384944994203,0.8645628736709824,0.1,0.6728295126962738,0.2575526959759826
LV021,15,Selection,mll,70.6584923927104,163.7401930506048,0.9919709855413631,0.010956930468037782,0.7771427367278192,0.1,0.5689018785318201,0.27093963183159625
LV021,15,Matching,mll,70.64677369502348,163.71675565523097,0.9919559439416948,9.690186226477804e-05,0.8624389005505194,0.1,0.5349395783401032,0.333183203615444
LV022,15,Averaging,mll,65.67520645274595,153.7736211706759,0.9936060797173761,0.00356807055284689,0.7796166643181268,0.1,0.531074002738398,0.10958692557123087
LV022,15,Selection,mll,65.66633535646548,153.75587897811496,0.9935914923869079,0.005004207094864658,0.8532020424054368,0.1,0.5674076165483048,0.11494865296532134
LV022,15,Matching,mll,65.67803034476486,153.77926895471373,0.993539149612921,9.004096606445446e-05,0.8557528890646883,0.1,0.5783842492539141,0.10646526703201963
LV023,15,Averaging,mll,181.48214496414533,385.38749819347464,0.6952182878490907,0.22275650504793604,0.7174310248581356,0.1,2.9996025864783453,1.6781935616513854
LV023,15,Selection,mll,125.95312481406256,274.3294578933091,0.9737271791030202,0.3388284217899499,0.709868607160665,0.1,0.49810756997649264,0.15577534018140496
LV023,15,Matching,mll,125.29453265587001,273.01227357692403,0.9786973963647604,0.32359098829434785,0.8136649358417071,0.1,0.5000177976791129,0.1275454856969067
LV024,15,Averaging,mll,199.11620269789938,420.65561366098274,0.8756598354384756,0.00696692867867181,2.0009536801535766,0.1,2.9684729154280642,0.46454899083685375
LV024,15,Selection,mll,208.44509144028933,439.31339114576264,0.8263232696030887,0.36336646579479953,0.7205884046360299,0.1,1.0351439975237224,0.10137952860376877
LV024,15,Matching,mll,210.34315977626306,443.1095278177101,0.7954952805692328,0.2894233622604674,0.7974493913295362,0.1,1.4947008808894406,0.10143662828278353
LV025,15,Averaging,mll,62.95531199314584,148.33383225147568,0.9966082597484548,0.0029083938172062276,0.8518949381160352,0.1,0.5420335480083088,0.10592376398048595
LV025,15,Selection,mll,62.49466917977329,147.41254662473057,0.9975543928315143,0.02715548537483737,0.8499027971353853,0.1,0.5459124670178557,0.10153068572210709
LV025,15,Matching,mll,62.49847408214373,147.42015642947146,0.9975085220589296,0.002481537823633205,0.8465995664873164,0.1,0.5426531308061506,0.10390270333499886
SV103,15,Averaging,mll,56.934599006252256,136.2924062776885,0.9973880859470738,0.9460815261041103,0.2945044523624921,0.1,0.5385330280513273,0.19528735086737148
SV103,15,Selection,mll,57.02132666389656,136.46586159297712,0.9976048001926409,0.8792147171758857,0.3248040041495174,0.1,0.7717277686245309,0.25078123842147787
SV103,15,Matching,mll,57.24072050567706,136.90464927653812,0.9974317156511022,0.9123030123258362,0.30169220042534617,0.1,0.6552715842194832,0.19249029804894346
SV110,15,Averaging,mll,101.12501047935969,224.67322922390338,0.9627664142562637,0.9998269297282878,2.9922416599715915,0.1,0.8205115113707036,0.9652851332200868
SV110,15,Selection,mll,101.12501047935969,224.67322922390338,0.9627664142562637,0.9997199664179274,2.9922416599715915,0.1,0.8205115113707036,0.9652851332200868
SV110,15,Matching,mll,85.96658075722414,194.35636977963227,0.9630831666288315,0.9988137587103578,2.9902097562162293,0.1,0.8207931898460004,0.9647396103692241
SV111,15,Averaging,mll,85.18020397673473,192.78361621865346,0.985532335893381,0.7558726163430253,1.2059419205516517,0.1,2.014907095845414,1.9598575925020865
SV111,15,Selection,mll,97.10437239158527,216.63195304835455,0.9875526574310624,0.9943747828169021,0.34242626865858605,0.1,0.8008097741546458,0.10577588925193636
SV111,15,Matching,mll,82.71534759138021,187.85390344794442,0.990454884270366,0.7581533386988859,0.7997584991760367,0.1,2.1164470357099634,2.742663029443003
SV113,15,Averaging,mll,47.6378749188001,117.69895810278419,0.9960093675962206,0.9504675341135256,0.5630625183184317,0.1,2.910687686773318,0.843686463182316
SV113,15,Selection,mll,47.92708756094889,118.27738338708177,0.9982921652865244,0.9918885454747778,0.3643659812453235,0.1,0.6840930936769496,0.11469527209810235
SV113,15,Matching,mll,42.99103340124657,108.40527506767712,0.9957821120211713,0.8243294312763356,1.4462279018888835,0.1,0.4392122572381093,0.5633190779538414
SV119,15,Averaging,mll,53.29990416804134,129.02301660126668,0.9981489750917597,0.7261148366975295,0.3000790997671302,0.1,0.4751619091665357,0.30444042068939653
SV119,15,Selection,mll,53.92949678478902,130.28220183476205,0.9971023836353762,0.7994728398927534,0.29705864260729303,0.1,0.7903017073043122,0.21994143649572437
SV119,15,Matching,mll,54.25154686256992,130.92630199032382,0.9972067784275256,0.6989127286624296,0.29152071461484635,0.1,0.623681663337691,0.16929688368137757
SV201,15,Averaging,mll,90.91774211416703,204.25869249351805,0.9566212117812022,0.9997602564728374,2.9922416599715915,0.1,0.820511511370824,0.9652851332201601
SV201,15,Selection,mll,90.91774211416703,204.25869249351805,0.9566212117812022,0.9995802327700339,2.9922416599715915,0.1,0.820511511370824,0.9652851332201601
SV201,15,Matching,mll,82.22389500830607,186.87099828179615,0.9567279204291466,0.9997866330860773,1.2387981660222378,0.1,0.6627097951925395,1.1492347620880923
SV202,15,Averaging,mll,15.040708160269892,52.504624585723775,0.9994798538383105,0.048415307014485626,2.919413368182282,0.1,0.7327071880449693,0.7822985277412671
SV202,15,Selection,mll,15.14999182906971,52.72319192332341,0.9995071390722517,0.11662220643013337,2.990947074574811,0.1,0.8255135217221456,0.885650885925094
SV202,15,Matching,mll,15.076334182029495,52.575876629242984,0.9994603271621975,0.0005534475030190944,2.8735296387101728,0.1,0.6295084074012681,0.7200663235944448
SV203,15,Averaging,mll,0.18139380465647273,22.785995874496937,1.0,0.9933420881766799,2.413244815325194,0.1,0.4020468705142455,2.8107688512931484
SV203,15,Selection,mll,0.18479284046498906,22.79279394611397,0.9999999962500002,0.9472415457171739,2.21605101238238,0.1,0.7947225111440898,2.2473162879219597
SV203,15,Matching,mll,0.18479284046498906,22.79279394611397,0.9999999962500002,0.9999036999136794,1.8929619009286005,0.1,0.7845946681208178,2.315639614161151
SV204,15,Averaging,mll,38.18033113334811,98.78387053188021,0.9938299782020582,0.9722461520515112,2.6287188099203536,0.1,0.8215280109140097,1.021619616017808
SV204,15,Selection,mll,38.18025702544881,98.78372231608161,0.9938299742630916,0.9980422479368329,2.9514740040571392,0.1,0.8186253608766589,0.9675992443786897
SV204,15,Matching,mll,38.18025702544881,98.78372231608161,0.9938299742630916,0.9999341957829492,2.941426501465773,0.1,0.8151145241027217,0.9656609923356301
SV205,15,Averaging,mll,30.802542666656556,84.0282935984971,0.9984308163519998,0.911431846128251,0.22940668475073991,0.1,0.2261282706070295,0.8846435621941381
SV205,15,Selection,mll,251.96068014834012,526.3445685618642,0.6996108623769958,0.9275955027661045,2.9922242612616055,0.1,0.5231612195006725,2.3154427386733873
SV205,15,Matching,mll,83.81400134921617,190.05121096361634,0.7677862190032771,0.9071539894940281,2.768867001614722,0.1,0.5531481112188612,0.8665067036116045
SV206,15,Averaging,mll,130.06242407190734,282.54805640899866,0.9670972998795788,0.1569813343333164,0.6668442080331234,0.1,1.5532735470856964,2.759771981353156
SV206,15,Selection,mll,129.70348797184872,281.8301842088814,0.9676705565267976,0.4990985358892785,1.2785264100027007,0.1,0.9353852483851598,1.2515652790478276
SV206,15,Matching,mll,129.7750908615132,281.9733899882104,0.9676628211714491,0.37454324295535174,1.0926243219287464,0.1,0.9818291553309347,1.4013316452572817
SV207,15,Averaging,mll,22.624056562084313,67.67132138935261,0.9966055097788258,0.011160414511495369,2.439866343579021,0.1,0.8258694065610689,0.919548906823221
SV207,15,Selection,mll,22.29254502111236,67.00829830740871,0.9962761752429836,0.32234404711931064,2.543111813599494,0.1,0.7483444336241534,0.8173194041025712
SV207,15,Matching,mll,22.422777156712783,67.26876257860955,0.99643311457993,0.011540148513849952,2.373876502910591,0.1,0.7861882735455938,0.871654908926319
SV208,15,Averaging,mll,39.95472411540415,102.33265649599228,0.9983702768535795,0.7163108674800425,2.0653815422704214,0.1,0.7687684524104754,0.9795903240136673
SV208,15,Selection,mll,39.97448487923364,102.37217802365127,0.9983230172580557,0.5810245214933322,2.847292753517494,0.1,0.7819658580420245,0.9213627403422603
SV208,15,Matching,mll,42.49608850239393,107.41538526997185,0.9964847438332778,0.8674555396685467,2.987867713964203,0.1,0.619900529685132,0.9159011003610749
SV209,15,Averaging,mll,25.362524434954867,73.14825713509373,0.9991314879864971,0.8473580585011781,0.8106196057727029,0.1,1.212501971353482,2.580665568958869
SV209,15,Selection,mll,25.14808243078641,72.7193731267568,0.9985665370628065,0.8215639513341285,0.752929140177606,0.1,1.2112363573831237,2.325239130595277
SV209,15,Matching,mll,24.24864074838542,70.92048976195483,0.9994367821279749,0.9273810300601677,0.9593237273622761,0.1,1.038974446843407,1.9149256791465952
SV210,15,Averaging,mll,3.5838165930859227,29.590841451355836,0.9999558496730392,0.9807711678617429,2.938174059774636,0.1,0.519546353134332,2.7091508585728303
SV210,15,Selection,mll,3.587215628894439,29.59763952297287,0.9999558459055448,0.9314420764792186,2.315304365376951,0.1,0.6563330780068722,2.2161105243355688
SV210,15,Matching,mll,3.1147857515355386,28.65277976825507,0.9999851325245637,0.9962301671560474,1.2313732964400323,0.1,0.5003424194433641,1.1730067352115452
SV211,15,Averaging,mll,26.00953793736656,74.4422841399171,0.9999763726804777,0.9975465599329016,0.23750567182282006,0.1,0.5080782348206869,0.8452460252954903
SV211,15,Selection,mll,155.56377509432662,333.5507584538372,0.8686145220803981,0.9958250338294516,2.992241659972111,0.1,0.8205115113707625,0.965285133220016
SV211,15,Matching,mll,101.41385886506033,225.25092599530467,0.8711202553733763,0.9961743895244389,1.4854866501576622,0.1,0.5593280844043533,0.9696291508801524
SV212,15,Averaging,mll,7.988210130622115,38.39962852642822,0.9999832763323391,0.4975546142822055,1.9802624106194884,0.1,0.17132778618153202,0.9791897162386936
SV212,15,Selection,mll,7.8275069026514625,38.078222070486916,0.9999858843042696,0.7282555945656758,0.20766086763077968,0.1,1.0543258818081478,2.7477056653365994
SV212,15,Matching,mll,24.08857438763012,70.60035704044424,0.9272302931716799,0.5042724308643902,2.9231285544336068,0.1,0.7151754570766675,0.9649818007779638
SV213,15,Averaging,mll,12.579385004409875,47.581978274003745,0.999999553307709,0.8698877699164921,1.1508153125989815,0.1,0.6737756616061256,1.2100516492360798
SV213,15,Selection,mll,26.27177726613708,74.96676279745814,0.9970260936273125,0.9985249593096202,2.9333501452818074,0.1,0.8154334997339844,0.9672637859506554
SV213,15,Matching,mll,12.696377563470968,47.81596339212592,0.99998423370423,0.9262726968942603,2.6229691972793914,0.1,0.7904539500290759,1.014445685461109
SV214,15,Averaging,mll,8.394113499078431,39.21143526334085,0.9999891046392907,0.5836419370674492,0.20464440230231404,0.1,1.178627878624699,2.8871130164802463
SV214,15,Selection,mll,8.622640529497005,39.668489324178,0.9999636173972167,0.6896065725373901,0.2194922531533205,0.1,1.2618984934569668,2.6186744883342605
SV214,15,Matching,mll,27.073558271742645,76.57032480866928,0.9124767350903249,0.5580358846618119,2.9796012086496706,0.1,0.7218418618638108,0.9601890892613981
SV215,15,Averaging,mll,58.88954451958341,140.20229730435082,0.9846858413440718,0.684357987313896,0.7354907249879268,0.1,2.000769184898694,0.3813201679201073
SV215,15,Selection,mll,57.794415631518845,138.0120395282217,0.9831060247941403,0.6844528613877139,0.6273544906167149,0.1,0.7957970324297424,0.4346082203957893
SV215,15,Matching,mll,60.64685079920973,143.71690986360346,0.9870960260598156,0.7898127131405566,2.8067577766942247,0.1,1.985229667987495,1.362147543360792
SV216,15,Averaging,mll,27.9683821807795,78.35997262674299,0.9999998916007992,0.9981472879439366,0.23755254313265167,0.1,0.8382681750303208,0.8900044477908851
SV216,15,Selection,mll,145.35650672903824,313.13622172326046,0.887757280290969,0.9972820887717504,2.99224165997174,0.1,0.8205115113707625,0.9652851332200202
SV216,15,Matching,mll,106.93989056990404,236.30298940499208,0.8889221339346854,0.9973430537758586,1.9418939392042298,0.1,0.66414578130736,0.9492745638743874
