subject_id,location,strategy,fit_type,error,bic,r2,pcommon,sigma_v,sigma_a,sigma_p,mu_p
LV001,raw,Averaging,mll,777.2488502764678,1574.6109436178278,0.781558595641087,0.7165817409875922,0.38067309339394007,0.3,0.7829885941808664,1.5
LV001,raw,Selection,mll,779.0676818195947,1578.2486067040816,0.7823250513566187,0.6261411469828819,0.39071307015937995,0.3,1.0369618802307061,1.5
LV001,raw,Matching,mll,780.1729168163773,1580.4590766976469,0.7790760257758863,0.43010795572253413,0.3757253758468738,0.3,1.9227858696273679,1.5
LV002,raw,Averaging,mll,944.553779371555,1909.2208018080023,0.7780350266400611,0.9738445857234305,1.342261632802316,0.3,0.16373308295151484,1.5
LV002,raw,Selection,mll,944.6023602514579,1909.317963567808,0.7779808946108866,0.8605906974524623,1.3344574115327064,0.3,0.3036537520146186,1.5
LV002,raw,Matching,mll,945.2286539411535,1910.5705509471993,0.7779982018119675,0.998717910604547,1.9390936320476186,0.3,2.962836306406909,1.5
LV003,raw,Averaging,mll,378.588704698315,777.2906524615223,0.9607548468264825,0.9863973761223387,0.6364385737332802,0.3,0.22965915323347535,1.5
LV003,raw,Selection,mll,378.5899885880534,777.2932202409992,0.9610662774983653,0.9988488826906173,0.684144299762365,0.3,2.720285326435862,1.5
LV003,raw,Matching,mll,379.4074689782639,778.9281810214202,0.9603793710446382,0.9998230032361752,0.7513786127277097,0.3,0.5270909457425164,1.5
LV005,raw,Averaging,mll,529.7188463966769,1079.550935858246,0.9293307913951269,0.9851705921489581,0.5139860279743645,0.3,0.7610079863835675,1.5
LV005,raw,Selection,mll,530.127016364512,1080.3672757939162,0.9290700534853811,0.9392620780420574,0.5153814384130244,0.3,1.7476314144835674,1.5
LV005,raw,Matching,mll,530.6341280279267,1081.3814991207457,0.9311006028828206,0.9555780891848363,0.5486076529969873,0.3,2.3162302395146956,1.5
LV007,raw,Averaging,mll,250.75190427936968,521.6170516236317,0.9831965641216857,0.937696608841616,0.4443805518952977,0.3,0.8008102010858038,1.5
LV007,raw,Selection,mll,250.57410990989598,521.2614628846843,0.9824171383776467,0.7503037301342894,0.49252695651969136,0.3,1.388928030437123,1.5
LV007,raw,Matching,mll,250.2884955451248,520.6902341551419,0.9829412941435569,0.8880979825498624,0.45096036827789193,0.3,1.2015349557611257,1.5
LV008,raw,Averaging,mll,809.8491519603316,1639.8115469855554,0.7218644381924604,0.2358405335024132,0.28500987179965365,0.3,0.9270377287799889,1.5
LV008,raw,Selection,mll,809.6199994937587,1639.3532420524095,0.7211748053908104,0.37643199337578853,0.28118326698223434,0.3,1.17095525649346,1.5
LV008,raw,Matching,mll,809.3275268022309,1638.768296669354,0.7189076761524053,0.20187478035767112,0.26799389805189294,0.3,0.8746728649284682,1.5
LV009,raw,Averaging,mll,467.3307541583467,954.7747513815857,0.9274684739704431,0.0335959331063532,0.22147045990673286,0.3,2.111851073159382,1.5
LV009,raw,Selection,mll,467.00370097256473,954.1206450100218,0.9267338079619127,0.3451646057783169,0.21049216598279988,0.3,1.078705862564751,1.5
LV009,raw,Matching,mll,467.20845260447436,954.5301482738411,0.9271818582060679,0.026063484642469825,0.2167209417165664,0.3,1.8563751929938905,1.5
LV011,raw,Averaging,mll,765.2239786422236,1550.5612003493395,0.7521913384405186,0.06234150497195027,2.9785498495345397,0.3,2.578246070941593,1.5
LV011,raw,Selection,mll,767.1243451025626,1554.3619332700175,0.7467315518859857,0.3114600713323995,2.4935279628781757,0.3,2.9456947564146247,1.5
LV011,raw,Matching,mll,765.1082454386689,1550.32973394223,0.7526125158957031,0.08462490544272695,2.991404565877542,0.3,1.0028020478290016,1.5
LV012,raw,Averaging,mll,981.872844124719,1983.8589313143302,0.6831329738666638,0.9912535857529783,0.8165943004793661,0.3,0.6570071763136104,1.5
LV012,raw,Selection,mll,981.946077668913,1984.0053984027181,0.6841465986764241,0.9576846768435964,0.8444638993029226,0.3,0.7857757993171314,1.5
LV012,raw,Matching,mll,982.6744234347917,1985.4620899344757,0.6926620734943505,0.9939367052641465,1.1741078428935703,0.3,2.2897620870959488,1.5
LV013,raw,Averaging,mll,1048.4358601572912,2116.9849633794747,0.6107288116348172,0.6087680055391267,0.4816393141458798,0.3,1.5893358119308543,1.5
LV013,raw,Selection,mll,1049.5584777646975,2119.2301985942872,0.6108395715505199,0.4682093904833731,0.48761411478252753,0.3,2.317145755310943,1.5
LV013,raw,Matching,mll,1050.7173782738355,2121.547999612563,0.60206497028231,0.563296573103062,0.44617225997064847,0.3,1.1915301748011762,1.5
LV015,raw,Averaging,mll,264.5767798455907,549.2668027560737,0.9914080856176145,0.03900571061216599,0.1613622919133662,0.3,0.7844483299452149,1.5
LV015,raw,Selection,mll,264.5267302176005,549.1667035000934,0.9914018942302143,0.2416891463221853,0.1444301180914726,0.3,1.869738919338795,1.5
LV015,raw,Matching,mll,264.5752688482933,549.263780761479,0.9914051828159479,0.010942635454704811,0.15679978671307007,0.3,1.9152258125680925,1.5
LV016,raw,Averaging,mll,897.3277479526394,1814.768738970171,0.6534170942713244,0.0025737132011585833,0.14510250405245323,0.3,0.6626258730545309,1.5
LV016,raw,Selection,mll,897.3210979340193,1814.755438932931,0.6533805937605839,0.23606834541808888,0.14343264396194924,0.3,0.7839960231303267,1.5
LV016,raw,Matching,mll,897.3445815781386,1814.8024062211693,0.6534103821949058,0.00310561039746996,0.14502505717871947,0.3,1.2075091437096777,1.5
LV017,raw,Averaging,mll,104.77794816511496,229.66913939512224,0.9977969123535103,0.06186984050567953,0.12636070437849029,0.3,2.381218215590711,1.5
LV017,raw,Selection,mll,104.92972257718866,229.97268821926963,0.9977888625525437,0.2372627125814525,0.11878808107614222,0.3,2.5882008510928434,1.5
LV017,raw,Matching,mll,105.20311856178311,230.51948018845854,0.9977459775026655,0.02595773911530129,0.14461039275030438,0.3,1.8581862921141805,1.5
LV018,raw,Averaging,mll,182.07258183737312,384.2584067396386,0.9817405532891434,0.9926178733114323,0.49314148176631056,0.3,1.904525762240226,1.5
LV018,raw,Selection,mll,182.31714257593728,384.7475282167669,0.9815837782299148,0.9711983045307258,0.49224116505153526,0.3,2.345130049757241,1.5
LV018,raw,Matching,mll,182.7188661922491,385.55097544939053,0.9811226544395082,0.982115613922467,0.48494216493651854,0.3,2.3010460588189665,1.5
LV019,raw,Averaging,mll,277.8674490997279,575.8481412643481,0.9729174015372893,0.9825068193478362,0.6630201506746759,0.3,0.1755456422707109,1.5
LV019,raw,Selection,mll,280.8456797627872,581.8046025904667,0.9660124004898129,0.9945909897182695,0.8490030651990472,0.3,2.7613905701833423,1.5
LV019,raw,Matching,mll,279.64901610753134,579.411275279955,0.9681999602280684,0.9999956906650636,0.7942808802798366,0.3,2.999363226345406,1.5
LV020,raw,Averaging,mll,396.24274555917873,812.5987341832498,0.9331567679911991,0.9976163039950805,0.8025254436915185,0.3,0.3614698736282214,1.5
LV020,raw,Selection,mll,397.0739466601597,814.2611363852118,0.9378474439024607,0.9448730993850486,0.6535711864357573,0.3,0.3215946252055116,1.5
LV020,raw,Matching,mll,396.9163549792696,813.9459530234316,0.9382503673798139,0.9999160662355177,0.6445338533642753,0.3,2.8607314437916687,1.5
LV021,raw,Averaging,mll,249.306008316361,518.7252596976143,0.9858885072977305,0.23299740525321613,0.17748042901594574,0.3,0.5443575768283101,1.5
LV021,raw,Selection,mll,249.48346970422722,519.0801824733468,0.985839388070578,0.38196807028958296,0.17459840933485263,0.3,1.0976181457679046,1.5
LV021,raw,Matching,mll,249.7916465972356,519.6965362593635,0.9857488433977899,0.05544658748753731,0.17409815237556492,0.3,2.0673752373918535,1.5
LV022,raw,Averaging,mll,564.2824371458269,1148.678117356546,0.8793159824843947,0.03963300998625147,0.14462919182833225,0.3,0.7758287593079635,1.5
LV022,raw,Selection,mll,564.1869643447837,1148.4871717544597,0.8792927068619485,0.23976076432754248,0.12566518881087085,0.3,2.0594369217150086,1.5
LV022,raw,Matching,mll,564.1957568531008,1148.5047567710938,0.8792897322306739,0.0275630817331167,0.11732945114054245,0.3,1.8797771887325445,1.5
LV023,raw,Averaging,mll,1009.266520692659,2038.6462844502103,0.7447672952891686,0.9909557102423329,0.682294097058215,0.3,0.7123092470083993,1.5
LV023,raw,Selection,mll,1008.5492827951006,2037.2118086550934,0.7538635139353803,0.8189079716820429,0.9753933621141393,0.3,2.848715443046444,1.5
LV023,raw,Matching,mll,1007.013480923039,2034.1402049109702,0.7522136299655832,0.8980117641786294,0.862790314650438,0.3,0.171339845688516,1.5
LV024,raw,Averaging,mll,1095.5123250182928,2211.137893101478,0.6771849373913148,0.5006078755584887,1.1337624027014017,0.3,1.4844804592364,1.5
LV024,raw,Selection,mll,1082.8128623177,2185.738967700292,0.7187644884971165,0.5255810580955326,2.898357246146087,0.3,0.5859457930015955,1.5
LV024,raw,Matching,mll,1081.8872167433196,2183.8876765515315,0.7206700896988665,0.5736438759502597,2.3883791518172353,0.3,1.62072196608172,1.5
LV025,raw,Averaging,mll,628.2819070620827,1276.6770571890577,0.8458170490741989,0.0018616986447466235,0.29076943347930934,0.3,1.129162525299575,1.5
LV025,raw,Selection,mll,628.2784714924837,1276.6701860498597,0.8460468541530519,0.22291258417720916,0.2924308813509923,0.3,0.7833743911629314,1.5
LV025,raw,Matching,mll,628.3367453834118,1276.7867338317158,0.845617684228866,0.026614628668384755,0.2886541922882685,0.3,0.5187536583416092,1.5
SV103,raw,Averaging,mll,300.10405600358536,620.321355072063,0.9771888141872622,0.9446206372061129,0.4131288268845504,0.3,0.8271549861040792,1.5
SV103,raw,Selection,mll,301.25532730075315,622.6238976663986,0.9771458127996887,0.7929417956815461,0.42876545127790605,0.3,1.8916246897362443,1.5
SV103,raw,Matching,mll,302.096348683571,624.3059404320344,0.9760710516588675,0.9132438358373947,0.41380245001593957,0.3,1.4307423389413723,1.5
SV110,raw,Averaging,mll,212.29663178846158,444.7065066418155,0.9798662496590755,0.9796576079027149,0.4817258784228496,0.3,1.8922070173828625,1.5
SV110,raw,Selection,mll,212.71593945768296,445.5451219802583,0.979671936252192,0.9081833286087885,0.48921379210291227,0.3,2.3017772339437905,1.5
SV110,raw,Matching,mll,213.2457798144032,446.60480269369873,0.9791825819078642,0.9435308013593914,0.4814833681880448,0.3,2.8088667921958175,1.5
SV111,raw,Averaging,mll,318.56676834099966,657.2467797468917,0.9588040914463756,0.9999647632431247,0.677631132052545,0.3,2.7821483924607264,1.5
SV111,raw,Selection,mll,321.0254774556672,662.1641979762268,0.9543378642238257,0.9602038275266399,0.7437821472877646,0.3,2.7748132540944273,1.5
SV111,raw,Matching,mll,320.0809908898567,660.2752248446058,0.9563663163529929,0.9885205669235465,0.699358821060118,0.3,2.8566912258011876,1.5
SV113,raw,Averaging,mll,235.07372418042706,490.2606914257465,0.971182940288811,0.9720184485250534,0.6622957321817061,0.3,0.13381992100562884,1.5
SV113,raw,Selection,mll,234.86280576164614,489.83885458818463,0.9708865612110776,0.9731430761677269,0.6810499581901632,0.3,0.26354406875888997,1.5
SV113,raw,Matching,mll,235.76883993523774,491.6509229353678,0.9675228986491275,0.9998119086374693,0.768438447264686,0.3,0.33245054701063514,1.5
SV119,raw,Averaging,mll,185.7367421967713,391.58672745843495,0.9943605101265234,0.6658080695204678,0.33686907894991436,0.3,0.5251086215734705,1.5
SV119,raw,Selection,mll,186.3910186448271,392.89528035454657,0.9927015919370729,0.6464882411432629,0.30990640055081686,0.3,0.6073465548026447,1.5
SV119,raw,Matching,mll,187.23546654695957,394.5841761588115,0.9925329553676226,0.4750705389933386,0.31500014818912697,0.3,1.1092835397758067,1.5
SV201,raw,Averaging,mll,224.6056551428903,469.32455335067294,0.9797700652679592,0.9699561800245232,0.4489232432927663,0.3,2.450497301755031,1.5
SV201,raw,Selection,mll,224.84997755599957,469.8131981768915,0.9800435005606615,0.8845043963627585,0.4701290437205924,0.3,1.8600519317664796,1.5
SV201,raw,Matching,mll,225.01639144748617,470.1460259598647,0.9799644134695583,0.9095778935316812,0.4703189807947652,0.3,2.541987183493217,1.5
SV202,raw,Averaging,mll,208.20942752298305,436.53209811085844,0.9949520029035736,0.02089872258410396,0.11028005657212443,0.3,0.9547544393150975,1.5
SV202,raw,Selection,mll,208.21771232123712,436.5486677073666,0.9949529465083549,0.18743211010259275,0.1233757633637506,0.3,2.6056086435464407,1.5
SV202,raw,Matching,mll,208.21435456470354,436.5419521942994,0.9949547037519795,0.023113855951029258,0.11757955959506629,0.3,1.6172787597028562,1.5
SV203,raw,Averaging,mll,200.4390756511609,420.9913943672141,0.9651687102659456,0.9991373648954421,0.6827546925067541,0.3,0.23283115471278829,1.5
SV203,raw,Selection,mll,201.07845072603385,422.27014451696004,0.9640210964584732,0.998787560102088,0.6998406170335973,0.3,2.851283209933829,1.5
SV203,raw,Matching,mll,201.70459538470254,423.52243383429743,0.9618594112171676,0.9997316457277057,0.761286022828419,0.3,0.5348737827825608,1.5
SV204,raw,Averaging,mll,293.29125874181705,606.6957605485264,0.9598357231290143,0.986808645640183,0.6530794398989368,0.3,0.2627750920536562,1.5
SV204,raw,Selection,mll,292.8542769054599,605.8217968758122,0.960774527949299,0.9787363287339651,0.6356150020706941,0.3,0.25454902670466967,1.5
SV204,raw,Matching,mll,294.72278273426434,609.558808533421,0.9541550749762636,0.9999126988187879,0.8079764206563673,0.3,2.99981254619943,1.5
SV205,raw,Averaging,mll,239.57952835776004,499.2722997804124,0.9913682499696801,0.39461559684350883,0.28922182065123914,0.3,1.137954612391134,1.5
SV205,raw,Selection,mll,239.77946021961975,499.67216350413185,0.9908784063095946,0.5281646646427601,0.26554271403252583,0.3,0.7254624703653921,1.5
SV205,raw,Matching,mll,240.1259656453704,500.36517435563314,0.9905873052712272,0.2969473760578437,0.2636384948355967,0.3,0.40697614699304996,1.5
SV206,raw,Averaging,mll,443.07676044212513,906.2667639491426,0.9172679775477763,0.2742394592453263,0.8442184853891319,0.3,2.087809617627909,1.5
SV206,raw,Selection,mll,447.13448738536977,914.3822178356319,0.9061581263541547,0.23415245125170192,0.8803623336456363,0.3,2.572881974179206,1.5
SV206,raw,Matching,mll,439.79889350129065,899.7110300674736,0.9245136012953591,0.38136269987288063,0.7308337978780042,0.3,0.892070313868006,1.5
SV207,raw,Averaging,mll,136.509926776337,293.13309661756637,0.9974551199050726,0.17956555500702845,0.1902125967753469,0.3,0.7915727538301705,1.5
SV207,raw,Selection,mll,136.56239434864318,293.2380317621787,0.9974248187897987,0.32829469514348747,0.18585500826719523,0.3,1.3210138029164742,1.5
SV207,raw,Matching,mll,136.84587589436845,293.80499485362924,0.9974338808162805,0.02689328846162211,0.18297084576036735,0.3,1.2760537814051869,1.5
SV208,raw,Averaging,mll,303.9465500805332,628.0063432259587,0.973931705025885,0.998559307424177,0.5878557746880033,0.3,1.1246851742192812,1.5
SV208,raw,Selection,mll,303.8262863156186,627.7658156961295,0.9745109915769408,0.9932014017061944,0.5627062333104321,0.3,2.8988578374605916,1.5
SV208,raw,Matching,mll,303.8126876236405,627.7386183121733,0.9745263575257227,0.9971664955714132,0.5625995663953717,0.3,2.4151871768018096,1.5
SV209,raw,Averaging,mll,225.15274538637942,470.4187338376512,0.9738236011327218,0.9919066625076715,0.6089652014907435,0.3,0.21480364684605716,1.5
SV209,raw,Selection,mll,225.11479405036215,470.34283116561664,0.9741580432308057,0.9839008950952625,0.5994622015312757,0.3,0.2703359813416557,1.5
SV209,raw,Matching,mll,225.6971807524166,471.5076045697256,0.971209173135245,0.99995539821732,0.6817205174332928,0.3,2.3339730974865947,1.5
SV210,raw,Averaging,mll,116.25453679652725,252.6223166579468,0.9712051524616646,0.9878266026371115,0.6718613167256667,0.3,0.25687003143139453,1.5
SV210,raw,Selection,mll,115.95394337335753,252.02112981160738,0.9729076018920777,0.9696985204272212,0.6076328682713988,0.3,0.2881225579108493,1.5
SV210,raw,Matching,mll,116.3647898756631,252.84282281621853,0.9706121608398455,0.9982011250786612,0.6941537520244789,0.3,0.147728999864604,1.5
SV211,raw,Averaging,mll,210.09990634925703,440.3130557634064,0.9875071025683905,0.7879929815586866,0.3915090567990675,0.3,1.5958702426341986,1.5
SV211,raw,Selection,mll,211.1039234905432,442.32109004597874,0.9862277632452304,0.6334212058899975,0.3717239299303391,0.3,2.1399478634922824,1.5
SV211,raw,Matching,mll,212.55465397106542,445.2225510070232,0.985293295516518,0.6550440617661246,0.3712457110491922,0.3,2.27410675170037,1.5
SV212,raw,Averaging,mll,162.73756550345058,345.5883740717935,0.9957456720707862,0.23981337766990377,0.23591496561437625,0.3,0.6046918001194458,1.5
SV212,raw,Selection,mll,162.34312698441988,344.7994970337321,0.9957000629508641,0.38287286084268546,0.21835570259007972,0.3,1.1857984097901575,1.5
SV212,raw,Matching,mll,162.79021582069495,345.69367470628225,0.9954389666866877,0.22160994911933052,0.22501942503629369,0.3,0.46309306630966673,1.5
SV213,raw,Averaging,mll,245.89910423934944,511.9114515435912,0.9724680595925648,0.9999946167039765,0.6121386056634496,0.3,2.679765912275535,1.5
SV213,raw,Selection,mll,245.40603814538647,510.9253193556653,0.9735481833255321,0.9964784531554695,0.5545906253061864,0.3,0.3756688168942648,1.5
SV213,raw,Matching,mll,245.52620789642523,511.1656588577428,0.9731958274310004,0.9975260573521162,0.5924194930328422,0.3,0.10541657084054201,1.5
SV214,raw,Averaging,mll,145.4996699710078,311.1125830069079,0.9972895843586881,0.06675190509443991,0.22701173162541016,0.3,0.5221367403338767,1.5
SV214,raw,Selection,mll,144.8456162306006,309.80447552609354,0.997265800426844,0.40291730514753704,0.21699917133184934,0.3,0.874640116563179,1.5
SV214,raw,Matching,mll,144.7934411358632,309.7001253366187,0.9972522844153522,0.1568697806334665,0.22088163269644384,0.3,0.4568102464597053,1.5
SV215,raw,Averaging,mll,302.6617805551264,625.4368041751452,0.9810365693318468,0.9912948392171901,0.5137501813597166,0.3,2.850222981304635,1.5
SV215,raw,Selection,mll,302.8826708969653,625.8785848588229,0.9808927889358897,0.9688259964818104,0.5137536150418063,0.3,2.3146664634144853,1.5
SV215,raw,Matching,mll,303.3991734536708,626.911589972234,0.9809688589553424,0.9829725551632753,0.5402406710496869,0.3,2.103101559686491,1.5
SV216,raw,Averaging,mll,269.6152976871275,559.3438384391474,0.98204685845239,0.9095513228553035,0.4011788672067072,0.3,1.5507237521075032,1.5
SV216,raw,Selection,mll,270.19662813787346,560.5064993406393,0.9824865875042366,0.6962891801830936,0.41867105597221504,0.3,2.8524238826942376,1.5
SV216,raw,Matching,mll,270.58914722251177,561.2915375099159,0.9815109474548118,0.8711747092590963,0.40087196654929674,0.3,1.4236747548890458,1.5
LV001,visible,Averaging,mll,96.1178318001449,208.85945423576507,0.9851337194857851,0.6336132535720167,0.38846251494770556,0.3,1.0106821188451884,1.5
LV001,visible,Selection,mll,96.47535714750893,209.57450493049313,0.9831811009874002,0.6115932792843417,0.36729607207730225,0.3,0.7984337303699022,1.5
LV001,visible,Matching,mll,96.62377589444304,209.87134242436136,0.9818540853335647,0.43258921084764074,0.35389834355104,0.3,1.8797533498379102,1.5
LV002,visible,Averaging,mll,216.3261276821181,448.8467434687895,0.8370954502897294,0.9940549337044585,0.8809234294410273,0.3,0.25832908591905646,1.5
LV002,visible,Selection,mll,217.28668004302952,450.7678481906123,0.8264353469414989,0.971400216797782,1.2674443329071388,0.3,2.6687980789009242,1.5
LV002,visible,Matching,mll,216.98099447254566,450.1564770496446,0.8337839380237853,0.9707044626399148,0.9148244463311481,0.3,0.269091328900252,1.5
LV003,visible,Averaging,mll,118.53137897190129,256.14147954981973,0.9743262114808233,0.9770538785871437,0.6417776767943318,0.3,0.29259455229814385,1.5
LV003,visible,Selection,mll,118.32560837764343,255.729938361304,0.9744600396985957,0.9800515563088114,0.6481412738612313,0.3,0.2532935495511049,1.5
LV003,visible,Matching,mll,118.56869953895017,256.2161206839175,0.9734955234436594,0.9993370115150954,0.6820746680067399,0.3,0.15285811205018207,1.5
LV005,visible,Averaging,mll,189.05967178142794,396.72087108498397,0.9798414823672283,0.9785620631373823,0.49843121085197084,0.3,2.757092786130541,1.5
LV005,visible,Selection,mll,189.07072992160246,396.742987365333,0.9798075262781061,0.9252417385159372,0.4932932526360455,0.3,2.4685300972963864,1.5
LV005,visible,Matching,mll,189.2245879287068,397.0507033795417,0.9799122078626292,0.9771164037406804,0.494414127402314,0.3,2.011587152890535,1.5
LV007,visible,Averaging,mll,250.75190427936968,521.6170516236317,0.9831965641216857,0.937696608841616,0.4443805518952977,0.3,0.8008102010858038,1.5
LV007,visible,Selection,mll,250.57410990989598,521.2614628846843,0.9824171383776467,0.7503037301342894,0.49252695651969136,0.3,1.388928030437123,1.5
LV007,visible,Matching,mll,250.2884955451248,520.6902341551419,0.9829412941435569,0.8880979825498624,0.45096036827789193,0.3,1.2015349557611257,1.5
LV008,visible,Averaging,mll,60.59485909354383,136.59711349823846,0.9873206483730722,0.23315393566541442,0.2842012222362608,0.3,0.9517089740813242,1.5
LV008,visible,Selection,mll,60.45012649415371,136.3076482994582,0.9870399221702633,0.46519053757729295,0.2649508762012062,0.3,0.6748296670986872,1.5
LV008,visible,Matching,mll,60.36567905288417,136.13875341691912,0.9869762593499805,0.23735298574104366,0.26801314036084306,0.3,0.6959235244083064,1.5
LV009,visible,Averaging,mll,125.3619988668717,269.32552525587147,0.9908446688840565,0.021713302312420704,0.20571684890233727,0.3,0.7773158446649541,1.5
LV009,visible,Selection,mll,125.20338809666518,269.00830371545845,0.9907220117562305,0.29920843005795716,0.20473798302941995,0.3,1.3019068048701754,1.5
LV009,visible,Matching,mll,125.43414582149585,269.46981916511976,0.9908072140367081,0.025694697187471995,0.2167308733985598,0.3,1.8201104490021083,1.5
LV011,visible,Averaging,mll,142.80729666145686,303.1014301757443,0.826649682985455,0.42092340173369985,2.957045722408227,0.3,2.7694378678437808,1.5
LV011,visible,Selection,mll,143.34785884784012,304.18255454851084,0.8246335762547575,0.46081599108468924,2.5488079816241815,0.3,2.260157066970769,1.5
LV011,visible,Matching,mll,142.97239327741315,303.4316234076569,0.8312651603057089,0.4200867632385518,1.405523542603341,0.3,0.15119202517118796,1.5
LV015,visible,Averaging,mll,223.8200711618633,467.6257065453625,0.9920625138753799,0.018085189200295712,0.16104026274857522,0.3,0.8912131050805121,1.5
LV015,visible,Selection,mll,223.78532276634007,467.55620975431606,0.992063877171207,0.2098643214680012,0.15238335476101367,0.3,1.700533921195251,1.5
LV015,visible,Matching,mll,223.80737724021435,467.6003187020646,0.9920634572263759,0.031534583495670926,0.16120251187215992,0.3,1.6491951770829123,1.5
LV016,visible,Averaging,mll,35.334337894617796,84.5435942290884,0.9673688920446789,0.33630870306800337,0.11316190544319037,0.3,0.5318633463236219,1.5
LV016,visible,Selection,mll,35.39737269234265,84.6696638245381,0.9673097784083554,0.3866231702244115,0.10714386463744995,0.3,2.3078583885666015,1.5
LV016,visible,Matching,mll,35.52792428576374,84.93076701138028,0.9670145014197883,0.16031414489765422,0.11040966883175175,0.3,1.8438564031631244,1.5
LV017,visible,Averaging,mll,104.77794816511496,229.66913939512224,0.9977969123535103,0.06186984050567953,0.12636070437849029,0.3,2.381218215590711,1.5
LV017,visible,Selection,mll,104.92972257718866,229.97268821926963,0.9977888625525437,0.2372627125814525,0.11878808107614222,0.3,2.5882008510928434,1.5
LV017,visible,Matching,mll,105.20311856178311,230.51948018845854,0.9977459775026655,0.02595773911530129,0.14461039275030438,0.3,1.8581862921141805,1.5
LV018,visible,Averaging,mll,182.07258183737312,384.2584067396386,0.9817405532891434,0.9926178733114323,0.49314148176631056,0.3,1.904525762240226,1.5
LV018,visible,Selection,mll,182.31714257593728,384.7475282167669,0.9815837782299148,0.9711983045307258,0.49224116505153526,0.3,2.345130049757241,1.5
LV018,visible,Matching,mll,182.7188661922491,385.55097544939053,0.9811226544395082,0.982115613922467,0.48494216493651854,0.3,2.3010460588189665,1.5
LV019,visible,Averaging,mll,260.3181623923649,540.6864076220287,0.9718186522735193,0.9814227948668188,0.6712536827242518,0.3,0.1954184612948218,1.5
LV019,visible,Selection,mll,260.4119937838717,540.8740704050423,0.9725325445615686,0.9403410358709758,0.6393053882764045,0.3,0.307536893927116,1.5
LV019,visible,Matching,mll,261.5112561470439,543.0725951313867,0.9684348794681188,0.9998100617694692,0.7619509538413437,0.3,0.5199569151709547,1.5
LV020,visible,Averaging,mll,396.24274555917873,812.5987341832498,0.9331567679911991,0.9976163039950805,0.8025254436915185,0.3,0.3614698736282214,1.5
LV020,visible,Selection,mll,397.0739466601597,814.2611363852118,0.9378474439024607,0.9448730993850486,0.6535711864357573,0.3,0.3215946252055116,1.5
LV020,visible,Matching,mll,396.9163549792696,813.9459530234316,0.9382503673798139,0.9999160662355177,0.6445338533642753,0.3,2.8607314437916687,1.5
LV021,visible,Averaging,mll,112.51535308871198,244.5969845719344,0.9975112764316999,0.23026462743984594,0.17357762675752947,0.3,0.5762358465229624,1.5
LV021,visible,Selection,mll,112.56507774052855,244.69643387556755,0.9975050454490202,0.3826483662031987,0.17818275830576283,0.3,1.1539168527633064,1.5
LV021,visible,Matching,mll,112.74957061818472,245.0654196308799,0.9974693851292296,0.04710919367730322,0.1737567858423094,0.3,2.1791441444287885,1.5
LV022,visible,Averaging,mll,94.9515845635733,207.8092918071027,0.9957252560241456,0.01126606824846583,0.1456527311774406,0.3,1.2091614689076462,1.5
LV022,visible,Selection,mll,94.9019402038702,207.7100030876965,0.9957184494122,0.17163033982631534,0.12098269849410316,0.3,2.7501161839022776,1.5
LV022,visible,Matching,mll,94.89867584290633,207.70347436576876,0.9957173996380408,0.00045569389995285276,0.10573414506038929,0.3,1.2109038093092155,1.5
LV023,visible,Averaging,mll,233.11896445391122,482.86171954329774,0.8898134659592316,0.992496978807802,0.6172869770131292,0.3,0.4883702634726672,1.5
LV023,visible,Selection,mll,233.12425492885143,482.87230049317816,0.889362940176466,0.9909297550923188,0.5882081636532562,0.3,2.3056362767583822,1.5
LV023,visible,Matching,mll,233.12675181938366,482.8772942742426,0.8892550448878969,0.994362969408224,0.5884444733570876,0.3,2.531866039364511,1.5
LV024,visible,Averaging,mll,540.3629714281047,1098.759744379422,0.5895130276217924,0.6139184923266984,2.3496220855326464,0.3,2.140100132315791,1.5
LV024,visible,Selection,mll,539.8713037864727,1097.776409096158,0.5921011643899463,0.5245713468287617,2.496853697759084,0.3,1.3008228531165869,1.5
LV024,visible,Matching,mll,537.3162390406821,1092.6662796045769,0.6104881897989624,0.6257154322080688,1.2554400978934728,0.3,0.15929488871058978,1.5
LV025,visible,Averaging,mll,100.91568361372468,219.46457457278828,0.9912578943853569,0.001809967521900728,0.2905014404140315,0.3,0.784650789136621,1.5
LV025,visible,Selection,mll,100.90572408326094,219.4446555118608,0.9912671829364824,0.2187128673081292,0.2906851283296367,0.3,1.2060319615763875,1.5
LV025,visible,Matching,mll,100.93120786529155,219.49562307592203,0.9912356922278632,0.0031271083717680295,0.28964839843824397,0.3,0.7837665776612478,1.5
SV103,visible,Averaging,mll,281.99748763173346,584.0450581007658,0.9764936233506661,0.9454279943360179,0.41467537791139014,0.3,0.8222689819912152,1.5
SV103,visible,Selection,mll,283.0226778120685,586.0954384614358,0.9764470840574269,0.7815332058137643,0.42950201083388295,0.3,2.247251127339081,1.5
SV103,visible,Matching,mll,283.8320920547243,587.7142669467474,0.9757611644872214,0.8534435845216924,0.4217917123307702,0.3,2.2022527737811197,1.5
SV110,visible,Averaging,mll,212.29663178846158,444.7065066418155,0.9798662496590755,0.9796576079027149,0.4817258784228496,0.3,1.8922070173828625,1.5
SV110,visible,Selection,mll,212.71593945768296,445.5451219802583,0.979671936252192,0.9081833286087885,0.48921379210291227,0.3,2.3017772339437905,1.5
SV110,visible,Matching,mll,213.2457798144032,446.60480269369873,0.9791825819078642,0.9435308013593914,0.4814833681880448,0.3,2.8088667921958175,1.5
SV111,visible,Averaging,mll,296.86929094977825,613.7886647368554,0.9562542543721405,0.999959689489904,0.6873192275318605,0.3,2.908497534230869,1.5
SV111,visible,Selection,mll,297.360438400163,614.7709596376249,0.9554318125324788,0.9923749262276661,0.6959654582724586,0.3,2.322651887797276,1.5
SV111,visible,Matching,mll,296.58755166573474,613.2251861687683,0.9566489282187695,0.9995051029643581,0.6841394779395765,0.3,0.5578374247984712,1.5
SV113,visible,Averaging,mll,182.81233291928993,385.61023006021577,0.9709648572287359,0.9568563256646768,0.6298866917360091,0.3,0.2078192416851836,1.5
SV113,visible,Selection,mll,182.35132490824114,384.6882140381182,0.9715826501915147,0.9811167217061297,0.6251168967389441,0.3,0.2598517170099734,1.5
SV113,visible,Matching,mll,185.1282457873429,390.2420557963217,0.9635362459108409,0.9945684761824602,0.8138005161639043,0.3,2.93826879819205,1.5
SV119,visible,Averaging,mll,168.29327193833797,356.63662671397475,0.9937988640164217,0.6464020238013061,0.32839973527993155,0.3,0.7830770147983972,1.5
SV119,visible,Selection,mll,169.03407377885605,358.1182303950109,0.9928524445685729,0.6483914682687469,0.3142490469800222,0.3,0.5112169974409597,1.5
SV119,visible,Matching,mll,169.74892667314901,359.54793618359685,0.9928116135223541,0.4545864182061595,0.31987380787138764,0.3,1.214007571166892,1.5
SV201,visible,Averaging,mll,224.6056551428903,469.32455335067294,0.9797700652679592,0.9699561800245232,0.4489232432927663,0.3,2.450497301755031,1.5
SV201,visible,Selection,mll,224.84997755599957,469.8131981768915,0.9800435005606615,0.8845043963627585,0.4701290437205924,0.3,1.8600519317664796,1.5
SV201,visible,Matching,mll,225.01639144748617,470.1460259598647,0.9799644134695583,0.9095778935316812,0.4703189807947652,0.3,2.541987183493217,1.5
SV202,visible,Averaging,mll,208.20942752298305,436.53209811085844,0.9949520029035736,0.02089872258410396,0.11028005657212443,0.3,0.9547544393150975,1.5
SV202,visible,Selection,mll,208.21771232123712,436.5486677073666,0.9949529465083549,0.18743211010259275,0.1233757633637506,0.3,2.6056086435464407,1.5
SV202,visible,Matching,mll,208.21435456470354,436.5419521942994,0.9949547037519795,0.023113855951029258,0.11757955959506629,0.3,1.6172787597028562,1.5
SV203,visible,Averaging,mll,200.4390756511609,420.9913943672141,0.9651687102659456,0.9991373648954421,0.6827546925067541,0.3,0.23283115471278829,1.5
SV203,visible,Selection,mll,201.07845072603385,422.27014451696004,0.9640210964584732,0.998787560102088,0.6998406170335973,0.3,2.851283209933829,1.5
SV203,visible,Matching,mll,201.70459538470254,423.52243383429743,0.9618594112171676,0.9997316457277057,0.761286022828419,0.3,0.5348737827825608,1.5
SV204,visible,Averaging,mll,293.29125874181705,606.6957605485264,0.9598357231290143,0.986808645640183,0.6530794398989368,0.3,0.2627750920536562,1.5
SV204,visible,Selection,mll,292.8542769054599,605.8217968758122,0.960774527949299,0.9787363287339651,0.6356150020706941,0.3,0.25454902670466967,1.5
SV204,visible,Matching,mll,294.72278273426434,609.558808533421,0.9541550749762636,0.9999126988187879,0.8079764206563673,0.3,2.99981254619943,1.5
SV205,visible,Averaging,mll,239.57952835776004,499.2722997804124,0.9913682499696801,0.39461559684350883,0.28922182065123914,0.3,1.137954612391134,1.5
SV205,visible,Selection,mll,239.77946021961975,499.67216350413185,0.9908784063095946,0.5281646646427601,0.26554271403252583,0.3,0.7254624703653921,1.5
SV205,visible,Matching,mll,240.1259656453704,500.36517435563314,0.9905873052712272,0.2969473760578437,0.2636384948355967,0.3,0.40697614699304996,1.5
SV206,visible,Averaging,mll,443.07676044212513,906.2667639491426,0.9172679775477763,0.2742394592453263,0.8442184853891319,0.3,2.087809617627909,1.5
SV206,visible,Selection,mll,447.13448738536977,914.3822178356319,0.9061581263541547,0.23415245125170192,0.8803623336456363,0.3,2.572881974179206,1.5
SV206,visible,Matching,mll,439.79889350129065,899.7110300674736,0.9245136012953591,0.38136269987288063,0.7308337978780042,0.3,0.892070313868006,1.5
SV207,visible,Averaging,mll,136.509926776337,293.13309661756637,0.9974551199050726,0.17956555500702845,0.1902125967753469,0.3,0.7915727538301705,1.5
SV207,visible,Selection,mll,136.56239434864318,293.2380317621787,0.9974248187897987,0.32829469514348747,0.18585500826719523,0.3,1.3210138029164742,1.5
SV207,visible,Matching,mll,136.84587589436845,293.80499485362924,0.9974338808162805,0.02689328846162211,0.18297084576036735,0.3,1.2760537814051869,1.5
SV208,visible,Averaging,mll,303.9465500805332,628.0063432259587,0.973931705025885,0.998559307424177,0.5878557746880033,0.3,1.1246851742192812,1.5
SV208,visible,Selection,mll,303.8262863156186,627.7658156961295,0.9745109915769408,0.9932014017061944,0.5627062333104321,0.3,2.8988578374605916,1.5
SV208,visible,Matching,mll,303.8126876236405,627.7386183121733,0.9745263575257227,0.9971664955714132,0.5625995663953717,0.3,2.4151871768018096,1.5
SV209,visible,Averaging,mll,225.15274538637942,470.4187338376512,0.9738236011327218,0.9919066625076715,0.6089652014907435,0.3,0.21480364684605716,1.5
SV209,visible,Selection,mll,225.11479405036215,470.34283116561664,0.9741580432308057,0.9839008950952625,0.5994622015312757,0.3,0.2703359813416557,1.5
SV209,visible,Matching,mll,225.6971807524166,471.5076045697256,0.971209173135245,0.99995539821732,0.6817205174332928,0.3,2.3339730974865947,1.5
SV210,visible,Averaging,mll,116.25453679652725,252.6223166579468,0.9712051524616646,0.9878266026371115,0.6718613167256667,0.3,0.25687003143139453,1.5
SV210,visible,Selection,mll,115.95394337335753,252.02112981160738,0.9729076018920777,0.9696985204272212,0.6076328682713988,0.3,0.2881225579108493,1.5
SV210,visible,Matching,mll,116.3647898756631,252.84282281621853,0.9706121608398455,0.9982011250786612,0.6941537520244789,0.3,0.147728999864604,1.5
SV211,visible,Averaging,mll,210.09990634925703,440.3130557634064,0.9875071025683905,0.7879929815586866,0.3915090567990675,0.3,1.5958702426341986,1.5
SV211,visible,Selection,mll,211.1039234905432,442.32109004597874,0.9862277632452304,0.6334212058899975,0.3717239299303391,0.3,2.1399478634922824,1.5
SV211,visible,Matching,mll,212.55465397106542,445.2225510070232,0.985293295516518,0.6550440617661246,0.3712457110491922,0.3,2.27410675170037,1.5
SV212,visible,Averaging,mll,162.73756550345058,345.5883740717935,0.9957456720707862,0.23981337766990377,0.23591496561437625,0.3,0.6046918001194458,1.5
SV212,visible,Selection,mll,162.34312698441988,344.7994970337321,0.9957000629508641,0.38287286084268546,0.21835570259007972,0.3,1.1857984097901575,1.5
SV212,visible,Matching,mll,162.79021582069495,345.69367470628225,0.9954389666866877,0.22160994911933052,0.22501942503629369,0.3,0.46309306630966673,1.5
SV213,visible,Averaging,mll,245.89910423934944,511.9114515435912,0.9724680595925648,0.9999946167039765,0.6121386056634496,0.3,2.679765912275535,1.5
SV213,visible,Selection,mll,245.40603814538647,510.9253193556653,0.9735481833255321,0.9964784531554695,0.5545906253061864,0.3,0.3756688168942648,1.5
SV213,visible,Matching,mll,245.52620789642523,511.1656588577428,0.9731958274310004,0.9975260573521162,0.5924194930328422,0.3,0.10541657084054201,1.5
SV214,visible,Averaging,mll,145.4996699710078,311.1125830069079,0.9972895843586881,0.06675190509443991,0.22701173162541016,0.3,0.5221367403338767,1.5
SV214,visible,Selection,mll,144.8456162306006,309.80447552609354,0.997265800426844,0.40291730514753704,0.21699917133184934,0.3,0.874640116563179,1.5
SV214,visible,Matching,mll,144.7934411358632,309.7001253366187,0.9972522844153522,0.1568697806334665,0.22088163269644384,0.3,0.4568102464597053,1.5
SV215,visible,Averaging,mll,281.2718353580631,582.593753553425,0.9807157236955153,0.9938631635531108,0.49356924827487764,0.3,1.554496295069119,1.5
SV215,visible,Selection,mll,281.4136388539341,582.8773605451671,0.980527822297726,0.9770127494753138,0.4891261218785072,0.3,2.005631254133867,1.5
SV215,visible,Matching,mll,281.79163604189785,583.6333549210946,0.9807777083560838,0.9882458958803833,0.5077536242092658,0.3,2.7997536797037177,1.5
SV216,visible,Averaging,mll,269.6152976871275,559.3438384391474,0.98204685845239,0.9095513228553035,0.4011788672067072,0.3,1.5507237521075032,1.5
SV216,visible,Selection,mll,270.19662813787346,560.5064993406393,0.9824865875042366,0.6962891801830936,0.41867105597221504,0.3,2.8524238826942376,1.5
SV216,visible,Matching,mll,270.58914722251177,561.2915375099159,0.9815109474548118,0.8711747092590963,0.40087196654929674,0.3,1.4236747548890458,1.5
LV001,invisible,Averaging,mll,666.4077855443218,1351.8047338052115,0.41945236132766883,0.25542725644543746,0.46309678372046675,0.3,0.5229931757152352,1.5
LV001,invisible,Selection,mll,666.4723029737047,1351.9337686639774,0.4342417284421427,0.24032966599919003,0.48487432539138786,0.3,2.7105183371292942,1.5
LV001,invisible,Matching,mll,666.5361825643781,1352.0615278453242,0.4488772178318543,0.08498258580243798,0.5146354006221291,0.3,0.8937553278051438,1.5
LV002,invisible,Averaging,mll,719.0420256027344,1457.2497354221057,0.7102950801197317,0.9384077419810216,1.806373226961894,0.3,0.15279292002891023,1.5
LV002,invisible,Selection,mll,718.9226477964285,1457.0109798094938,0.7114197626555469,0.8834353220785819,2.2794695388640496,0.3,0.2922310428042052,1.5
LV002,invisible,Matching,mll,719.0503684718299,1457.2664211602967,0.711790502436505,0.9996150640268765,2.7270527070598076,0.3,2.988879810542248,1.5
LV003,invisible,Averaging,mll,257.9766303495168,532.370072720048,0.6672600637617313,0.9921097648691286,0.6858792447319146,0.3,1.031906398080957,1.5
LV003,invisible,Selection,mll,257.978998651115,532.3748093232443,0.668773526368426,0.9553694815158782,0.7040472973120158,0.3,2.739705273636314,1.5
LV003,invisible,Matching,mll,258.05164064465026,532.5200933103149,0.6819851123359063,0.9668364992778814,1.0395819316531936,0.3,2.629448696606637,1.5
LV005,invisible,Averaging,mll,335.94431249720924,689.2215819640865,0.7365705863495042,0.9823000018093223,0.5417731271897425,0.3,1.1843528568552069,1.5
LV005,invisible,Selection,mll,335.9160087356077,689.1649744408834,0.7410672635260329,0.8855181714984616,0.5886474704490816,0.3,2.004952445929362,1.5
LV005,invisible,Matching,mll,336.3296251790213,689.9922073277106,0.740659617839899,0.9381520970776789,0.5885625250305205,0.3,2.2563750471231097,1.5
LV008,invisible,Averaging,mll,713.7607413570476,1446.933881225443,0.6029070805628447,0.0006277560085382787,0.14476085636599972,0.3,0.36062767081103153,1.5
LV008,invisible,Selection,mll,713.6862093338559,1446.7848171790597,0.6028646471596868,0.12847378428699185,0.11062681258534719,0.3,2.9853446559135106,1.5
LV008,invisible,Matching,mll,713.7159624120469,1446.8443233354417,0.6029018958776906,0.0002693428269392087,0.1352780207618764,0.3,2.419203421198244,1.5
LV009,invisible,Averaging,mll,338.5289362418112,694.3908294532904,0.6391451149225673,0.1369873421818459,0.2385066652635654,0.3,0.7807538860212224,1.5
LV009,invisible,Selection,mll,338.4809766188679,694.2949102074037,0.6383370178961472,0.40297861240047017,0.2323277151906761,0.3,0.7820993305130537,1.5
LV009,invisible,Matching,mll,338.52395227848535,694.3808615266387,0.6379993084150147,0.11010900593270523,0.23165191911810143,0.3,1.1777057194946845,1.5
LV011,invisible,Averaging,mll,613.5977846741634,1245.691822911021,0.5534523173252828,0.0004451963445180001,2.9872645313877397,0.3,1.2103839640030978,1.5
LV011,invisible,Selection,mll,613.5159681125282,1245.5281897877505,0.5537918824743426,0.23539201833834109,2.997154124141421,0.3,2.9998674124045936,1.5
LV011,invisible,Matching,mll,613.5159681125282,1245.5281897877505,0.5537918824743426,0.0002464632066372124,2.9976514237378264,0.3,2.3154368961166134,1.5
LV012,invisible,Averaging,mll,981.872844124719,1983.8589313143302,0.6831329738666638,0.9912535857529783,0.8165943004793661,0.3,0.6570071763136104,1.5
LV012,invisible,Selection,mll,981.946077668913,1984.0053984027181,0.6841465986764241,0.9576846768435964,0.8444638993029226,0.3,0.7857757993171314,1.5
LV012,invisible,Matching,mll,982.6744234347917,1985.4620899344757,0.6926620734943505,0.9939367052641465,1.1741078428935703,0.3,2.2897620870959488,1.5
LV013,invisible,Averaging,mll,1048.4358601572912,2116.9849633794747,0.6107288116348172,0.6087680055391267,0.4816393141458798,0.3,1.5893358119308543,1.5
LV013,invisible,Selection,mll,1049.5584777646975,2119.2301985942872,0.6108395715505199,0.4682093904833731,0.48761411478252753,0.3,2.317145755310943,1.5
LV013,invisible,Matching,mll,1050.7173782738355,2121.547999612563,0.60206497028231,0.563296573103062,0.44617225997064847,0.3,1.1915301748011762,1.5
LV015,invisible,Averaging,mll,36.61601205727487,83.81110568839823,0.634373809435365,0.48118855483358214,0.12406445887035525,0.3,0.7364636053509329,1.5
LV015,invisible,Selection,mll,36.638513236107656,83.8561080460638,0.6344310673151616,0.4015944163624152,0.10390622075745895,0.3,2.8262693539238506,1.5
LV015,invisible,Matching,mll,36.681082586283566,83.94124674641562,0.6340765171720812,0.2567438852976181,0.10233450585725376,0.3,2.6587395133100253,1.5
LV016,invisible,Averaging,mll,857.1910634690661,1734.094775825151,0.5906396174623554,0.0011648873744550495,0.1464895562252908,0.3,0.6414645759385404,1.5
LV016,invisible,Selection,mll,857.102238689867,1733.9171262667528,0.5905605771546576,0.09017064733367289,0.11811873376074362,0.3,0.7731629933002648,1.5
LV016,invisible,Matching,mll,857.1302408837571,1733.973130654533,0.5905481925807419,0.0030864391813268783,0.1261921044268814,0.3,1.0105800523014659,1.5
LV019,invisible,Averaging,mll,14.379222636838907,37.258085305846464,0.7687331448647894,0.9828852373487654,0.6023012470189079,0.3,0.17447815584270715,1.5
LV019,invisible,Selection,mll,14.372258361817407,37.24415675580346,0.7655235624779209,0.9737566942805885,0.5592569205294041,0.3,0.2916712917644616,1.5
LV019,invisible,Matching,mll,14.376285548845892,37.252211129860434,0.7738148636155298,0.9999784591779945,0.6716923137232386,0.3,1.2081509192237896,1.5
LV021,invisible,Averaging,mll,136.1935760319767,287.1251167211616,0.669138192243264,0.19990315347309734,0.12129309240018923,0.3,0.5959946146646662,1.5
LV021,invisible,Selection,mll,136.28658806586125,287.3111407889307,0.6689701927491039,0.3214363119173851,0.10553547025835591,0.3,2.4960475841431093,1.5
LV021,invisible,Matching,mll,136.35557722226918,287.44911910174653,0.6689652194526297,0.059289459364330915,0.11198280156134865,0.3,0.9931985789149014,1.5
LV022,invisible,Averaging,mll,466.4819209127439,951.120109332261,0.6401478810140393,0.045601995605375624,0.14540631402104914,0.3,1.388620008407505,1.5
LV022,invisible,Selection,mll,466.4316176220227,951.0195027508187,0.6401113742360616,0.2431512031721553,0.12955155721509898,0.3,2.1695449868445276,1.5
LV022,invisible,Matching,mll,466.4314737182262,951.0192149432256,0.6400738197484814,0.05370281860834244,0.12733032810243833,0.3,1.5249788656206569,1.5
LV023,invisible,Averaging,mll,773.3575908718119,1565.7043444601918,0.6416643666638734,0.9699801052314215,0.9195330640213665,0.3,2.448141954512726,1.5
LV023,invisible,Selection,mll,772.48713286549,1563.963428447548,0.6422666813596256,0.7545887210931048,0.9713130402859335,0.3,1.254836864421927,1.5
LV023,invisible,Matching,mll,769.1966843389052,1557.3825313943785,0.6583728590485728,0.8260050753398557,2.094757293848739,0.3,1.8138483555542033,1.5
LV024,invisible,Averaging,mll,518.9800813006375,1055.9939641244875,0.6247450748065008,0.8462184170566652,0.45649590199687295,0.3,1.8442076909889757,1.5
LV024,invisible,Selection,mll,519.6317526973639,1057.2973069179404,0.6298646811767183,0.7652894049142025,0.48596084553218105,0.3,1.0079878534605846,1.5
LV024,invisible,Matching,mll,520.5261850701335,1059.0861716634795,0.6289332986615066,0.7628561819056605,0.48642916731544084,0.3,2.3504512330397214,1.5
LV025,invisible,Averaging,mll,501.25202121099744,1020.8911930521765,0.6145751768903255,0.02188014259347642,0.14420162051758928,0.3,2.024409079212304,1.5
LV025,invisible,Selection,mll,501.2101730207816,1020.8074966717448,0.6145702004456606,0.17737951144941355,0.13022388052555928,0.3,2.9006671663493067,1.5
LV025,invisible,Matching,mll,501.2859002233871,1020.9589510769558,0.6145981288633648,0.016695936778663614,0.1469471062231729,0.3,1.8824132147696062,1.5
SV103,invisible,Averaging,mll,13.023088739876435,34.54581751192152,0.5153832611776079,0.1417354978805507,0.14587551590200484,0.3,0.7848407225341035,1.5
SV103,invisible,Selection,mll,13.01934364061896,34.53832731340657,0.515360778964722,0.17194255150452897,0.11836532092662969,0.3,0.9283653295882411,1.5
SV103,invisible,Matching,mll,13.019344303506774,34.5383286391822,0.5153605202510919,0.005363514202146874,0.12288544196337524,0.3,0.5225970893419725,1.5
SV111,invisible,Averaging,mll,16.911751465787578,42.323142963743805,0.49761959953514756,0.9872376119742244,2.0315578238264966,0.3,0.44144811524995575,1.5
SV111,invisible,Selection,mll,16.912129592012334,42.32389921619332,0.49800115516824506,0.9256971625072056,2.144478645639698,0.3,0.2377888276772604,1.5
SV111,invisible,Matching,mll,16.91512947911953,42.329898990407706,0.5000195660509763,0.9976677106034839,2.8993530968184946,0.3,2.998360574335747,1.5
SV113,invisible,Averaging,mll,48.755768308164946,108.09061819017838,0.4431885848931747,0.3291892182306459,0.5635290449207867,0.3,2.8146837546263574,1.5
SV113,invisible,Selection,mll,48.661730953522145,107.90254348089277,0.438990421885345,0.3731717067677312,0.5411928695589724,0.3,1.8921316333119915,1.5
SV113,invisible,Matching,mll,48.688500240794966,107.95608205543842,0.4403983626102065,0.35487080425387446,0.5508848108097494,0.3,1.8828696829744576,1.5
SV119,invisible,Averaging,mll,14.977290113974448,38.454220260117545,0.7371185451473503,0.8818419908108005,0.3950711514789326,0.3,0.9404093443320766,1.5
SV119,invisible,Selection,mll,15.004943954130386,38.50952794042942,0.7349828529575715,0.7780188271852846,0.3889417087382497,0.3,1.1725683372521696,1.5
SV119,invisible,Matching,mll,15.034180460449736,38.56800095306812,0.7342026645966044,0.8229710966386524,0.38880505997287346,0.3,1.3312992171746756,1.5
SV215,invisible,Averaging,mll,16.913086383537998,42.325812799244645,0.4981108084698329,0.9918194244002012,2.1855053232697186,0.3,0.3675809054037506,1.5
SV215,invisible,Selection,mll,16.91212959201795,42.32389921620455,0.4980011551736845,0.9256971625071908,2.14447864559255,0.3,0.2377888276829456,1.5
SV215,invisible,Matching,mll,16.915129479125124,42.3298989904189,0.5000195660563902,0.9976677066685363,2.899353049374496,0.3,2.998360368219251,1.5
LV001,5,Averaging,mll,110.82048940884077,238.45838501656954,0.983189026098437,0.6540286162230736,0.37909853029935364,0.3,1.2118150286146985,1.5
LV001,5,Selection,mll,111.26790716880001,239.353220536488,0.9812745777242015,0.6201947695772541,0.3641274528986505,0.3,0.8744538684068356,1.5
LV001,5,Matching,mll,111.45443380511996,239.72627380912792,0.9797584228380303,0.49146628104641465,0.35466025284938973,0.3,1.2223686055773653,1.5
LV002,5,Averaging,mll,318.3696962041212,653.5567986071304,0.760949290542695,0.9887722256459829,1.6773635388024377,0.3,0.4373140483223844,1.5
LV002,5,Selection,mll,318.36315243705917,653.5437110730063,0.7612029978810689,0.9365677707272727,1.93878922915857,0.3,0.27434162726248723,1.5
LV002,5,Matching,mll,318.4525182280743,653.7224426550366,0.7611613472464103,0.9996145572814652,2.283778603204742,0.3,1.8949865863818625,1.5
LV003,5,Averaging,mll,113.20116158357614,243.21972936604027,0.9662599140942004,0.9999979543095667,0.6703477043212912,0.3,2.886408001373665,1.5
LV003,5,Selection,mll,113.63777305965675,244.0929523182015,0.9642026397198895,0.9739229966227988,0.6063062404385197,0.3,2.331216680213591,1.5
LV003,5,Matching,mll,113.2135024366501,243.2444110721882,0.966234410689573,0.9998078788297134,0.6714488459297492,0.3,0.5319347081800738,1.5
LV005,5,Averaging,mll,187.58294771861762,391.9833016361232,0.9145329576182701,0.990875806312025,0.5470208900355077,0.3,0.940007314835239,1.5
LV005,5,Selection,mll,187.62464654978353,392.0666992984551,0.9149275505758898,0.9475761611545571,0.5557675998853989,0.3,2.432394122933358,1.5
LV005,5,Matching,mll,187.84478661827706,392.5069794354421,0.9158361431449866,0.9766033805971625,0.5811137173148231,0.3,2.2779462093148184,1.5
LV007,5,Averaging,mll,72.9824692115802,162.78234462204838,0.9860844344139958,0.8538780076275764,0.4349810631090513,0.3,0.5280816491570804,1.5
LV007,5,Selection,mll,73.07612285112918,162.96965190114636,0.9857319813224092,0.7743861865289039,0.42947703664174164,0.3,1.1423453785388313,1.5
LV007,5,Matching,mll,73.09313440622768,163.00367501134335,0.9856647617900949,0.8492626611441083,0.42630355097871414,0.3,0.867920376327831,1.5
LV008,5,Averaging,mll,187.9086484270622,392.63470305301234,0.8990944949979094,0.07236187923708162,0.2623590297158111,0.3,0.7685730859992704,1.5
LV008,5,Selection,mll,187.8194885648165,392.45638332852104,0.9017488561493405,0.3099789146063116,0.28578755144178764,0.3,1.1372961848438063,1.5
LV008,5,Matching,mll,187.5811067813554,391.97961976159877,0.9001085954842322,0.20919224165313807,0.2700241247006675,0.3,0.5212268445303693,1.5
LV009,5,Averaging,mll,173.9695703721684,364.75654694322475,0.9232689223469998,0.01955610795318998,0.230269731139719,0.3,0.8007654976027939,1.5
LV009,5,Selection,mll,173.93433422708287,364.68607465305377,0.9234085796337169,0.23684382226599643,0.23148727379782477,0.3,1.1995260464844757,1.5
LV009,5,Matching,mll,173.93713504603306,364.6916762909541,0.923347170086293,0.012975445750229325,0.23148626476285486,0.3,1.8694495809852507,1.5
LV011,5,Averaging,mll,261.6313203870652,540.0800469730184,0.7010621033682671,0.10304613685848943,2.9832965249234973,0.3,1.6623586569872661,1.5
LV011,5,Selection,mll,262.4663051478488,541.7500164945856,0.694098190181353,0.23674861568294656,2.643397255754925,0.3,2.999833483941969,1.5
LV011,5,Matching,mll,261.52916428252183,539.8757347639316,0.7017896703227535,0.09361571244746236,2.985447067592387,0.3,0.5061095248670353,1.5
LV012,5,Averaging,mll,320.52750144647905,657.8724090918461,0.4742712223154978,0.9820626240227768,0.9986198957666876,0.3,0.2183558675405031,1.5
LV012,5,Selection,mll,320.52171401866707,657.8608342362221,0.47290206536457946,0.8683797943139367,0.9520843421466657,0.3,0.16937575493555687,1.5
LV012,5,Matching,mll,320.61864059076,658.0546873804079,0.48018546864095624,0.9994147405414716,1.230704737591639,0.3,2.559869268791899,1.5
LV013,5,Averaging,mll,388.3766695746693,793.5707453482265,0.5800980841601364,0.8602718833287364,0.6084326938987146,0.3,1.8856171478806147,1.5
LV013,5,Selection,mll,388.3452477374205,793.507901673729,0.5857383812767962,0.6002144392685336,0.6650035673398683,0.3,2.603971385926833,1.5
LV013,5,Matching,mll,388.62167639421097,794.0607589873099,0.5787767223908022,0.8095227451518123,0.6093408942255304,0.3,2.3094778274144225,1.5
LV015,5,Averaging,mll,51.73756693685718,120.29254007260235,0.9963916949209174,0.009801669114350257,0.11947654801609348,0.3,0.6354886565906164,1.5
LV015,5,Selection,mll,51.723543976028594,120.26449415094518,0.9964074550193501,0.28474472946659635,0.12611201999970006,0.3,1.1771882961689577,1.5
LV015,5,Matching,mll,51.73991863296145,120.29724346481089,0.9964430386618518,0.023892255514663327,0.14531452562014283,0.3,2.2814867444889457,1.5
LV016,5,Averaging,mll,280.45782544223545,577.7330570833589,0.7160218004086603,0.03215783185459575,0.14514544422173656,0.3,1.6891901305360646,1.5
LV016,5,Selection,mll,280.39485984617096,577.6071258912299,0.7160567329805959,0.24484611405661785,0.13379147309726616,0.3,2.3776471696461416,1.5
LV016,5,Matching,mll,280.3324615349435,577.482329268775,0.7162946871264342,0.06094673178476184,0.15213049505882184,0.3,2.539458709674915,1.5
LV017,5,Averaging,mll,30.448791644760348,77.71498948840869,0.9991471140073308,0.01591708105971446,0.14354954246530877,0.3,0.7838193322096614,1.5
LV017,5,Selection,mll,30.399138178893317,77.61568255667463,0.999178140465225,0.19924926440565308,0.13229931898449865,0.3,2.57689405259095,1.5
LV017,5,Matching,mll,30.35888819754584,77.53518259397967,0.9992217450002698,0.04855772479423648,0.12406280488005936,0.3,1.9166556204775689,1.5
LV018,5,Averaging,mll,53.27535195281179,123.36811010451157,0.9843078572114269,0.9896129349950442,0.4714603772221513,0.3,2.5766708338259923,1.5
LV018,5,Selection,mll,53.389776283687524,123.59695876626304,0.9839123202222358,0.97322896402246,0.46812059744005247,0.3,2.3271689291076227,1.5
LV018,5,Matching,mll,53.47770921224006,123.77282462336811,0.9836485879923115,0.9819809722381013,0.46327806552110085,0.3,2.8085801329393383,1.5
LV019,5,Averaging,mll,87.81763681342316,192.45267982573432,0.9572660106524049,0.9649272832971553,0.6939499229770718,0.3,0.2942640322640596,1.5
LV019,5,Selection,mll,87.74527760825877,192.30796141540554,0.959188915150936,0.981753375552478,0.6438264421305383,0.3,0.3125781249888592,1.5
LV019,5,Matching,mll,88.01118081152845,192.8397678219449,0.9533051774080279,0.9983588397828067,0.8027814949642856,0.3,0.2552255032680523,1.5
LV020,5,Averaging,mll,119.34182760584198,255.50106141057196,0.9357542526680556,0.9899535414314319,0.7754694746352786,0.3,0.37047035173106124,1.5
LV020,5,Selection,mll,119.244445513677,255.30629722624198,0.937833217895628,0.9460818135436053,0.7266557962721951,0.3,0.2946181963864636,1.5
LV020,5,Matching,mll,119.34571522653657,255.50883665196113,0.9340306134268576,0.9457841330787369,0.7597488347850943,0.3,0.13594285215266488,1.5
LV021,5,Averaging,mll,37.63291370304443,92.08323360497685,0.9980742422732104,0.0007330964836941708,0.10347521862402788,0.3,1.0476661053644951,1.5
LV021,5,Selection,mll,37.640409334171686,92.09822486723137,0.998069548984121,0.16319980708143536,0.11790610709419308,0.3,1.330207025877609,1.5
LV021,5,Matching,mll,37.596484389045656,92.0103749769793,0.9981388117805067,0.07523811571452703,0.12700899649412797,0.3,1.1688791014401285,1.5
LV022,5,Averaging,mll,172.51658542841483,361.8505770557176,0.9036904547545053,0.001186138638091071,0.14497239225227443,0.3,1.2077947406097016,1.5
LV022,5,Selection,mll,172.4876153384492,361.79263687578634,0.9036698999172532,0.03993628927480164,0.13396370993277268,0.3,2.8337723232036525,1.5
LV022,5,Matching,mll,172.48433328013644,361.7860727591609,0.9036474990470805,0.011172318930961836,0.12123543453253526,0.3,1.2118253947403541,1.5
LV023,5,Averaging,mll,324.9022838202928,666.6219738394735,0.7618193988546349,0.9891543634502072,0.62436155066518,0.3,0.47522117862244295,1.5
LV023,5,Selection,mll,325.08841653231985,666.9942392635277,0.762889803891019,0.97221251212935,0.6453997826120568,0.3,2.618734831462754,1.5
LV023,5,Matching,mll,325.2914263779313,667.4002589547506,0.7673558792366836,0.9950235332464958,0.7430349515447423,0.3,2.11932331510772,1.5
LV024,5,Averaging,mll,365.19483335006373,747.2070728990154,0.7069854824369142,0.5803733260439575,2.9540556768210893,0.3,2.313131128567302,1.5
LV024,5,Selection,mll,365.6396700688149,748.0967463365178,0.7050748571976126,0.5427376826882425,1.7090468342833882,0.3,0.5496337363051944,1.5
LV024,5,Matching,mll,364.55168081009833,745.9207678190846,0.7119556313372595,0.5514912618648871,1.4055250758726652,0.3,0.1615293621659827,1.5
LV025,5,Averaging,mll,214.68658104882115,446.1905682965303,0.8771393855414008,0.002519151174269458,0.36677912819225966,0.3,0.5225570291900732,1.5
LV025,5,Selection,mll,214.6685984181609,446.1546030352098,0.8771731995251919,0.229856715176049,0.36666625809576986,0.3,0.7842363339336024,1.5
LV025,5,Matching,mll,214.67278153778437,446.1629692744567,0.876999125374286,0.0005796297681546763,0.3654177016484493,0.3,0.8262092308988658,1.5
SV103,5,Averaging,mll,77.41744948065177,171.65230516019153,0.9772637691249085,0.9570944176416742,0.43483689829586597,0.3,0.6068518932124126,1.5
SV103,5,Selection,mll,77.83113720257776,172.47968060404352,0.9760954478722628,0.7995048129869068,0.4348007675276711,0.3,2.639460877673485,1.5
SV103,5,Matching,mll,78.23887993438409,173.29516606765617,0.976385611476827,0.88713074238153,0.45002933076862656,0.3,2.0123513000423023,1.5
SV110,5,Averaging,mll,52.87207681451863,122.56155982792525,0.981416249279681,0.98911096903715,0.49371796914136584,0.3,2.7640431846705225,1.5
SV110,5,Selection,mll,52.99467672570804,122.80675965030407,0.9811400700323084,0.9581724249444465,0.4939893732494391,0.3,1.9716105632908716,1.5
SV110,5,Matching,mll,53.116836128287254,123.0510784554625,0.9808771540268283,0.9774525016276633,0.5122863325516052,0.3,2.0526403402433697,1.5
SV111,5,Averaging,mll,92.74659396896152,202.31059413681103,0.9578409101136487,0.9889478358078944,0.5969812075017426,0.3,0.14344200620889924,1.5
SV111,5,Selection,mll,92.73245300595688,202.28231221080176,0.9576168456843704,0.9873815157371663,0.6064312858916342,0.3,0.2616116547904504,1.5
SV111,5,Matching,mll,92.95578372045237,202.72897363979274,0.9554771563887017,0.9993549187218786,0.6494813517878228,0.3,1.496457667597694,1.5
SV113,5,Averaging,mll,55.98093168116001,128.77926956120803,0.9673736170572609,0.9903576123539579,0.6614155795372836,0.3,0.1899196840547254,1.5
SV113,5,Selection,mll,56.05794523860808,128.93329667610413,0.9675360216784541,0.9680765420457528,0.6498630990818883,0.3,0.2950282098444051,1.5
SV113,5,Matching,mll,56.358431873034434,129.53426994495686,0.9599811891498111,0.9997907662990716,0.8591046765468718,0.3,0.3914383179619241,1.5
SV119,5,Averaging,mll,51.61104850017682,120.03950319924164,0.991249878899454,0.7708503731271421,0.32834030737468023,0.3,0.6255641229204434,1.5
SV119,5,Selection,mll,52.27523530209106,121.36787680307012,0.989252432347911,0.588256937578723,0.3077407237241091,0.3,1.4430288184762174,1.5
SV119,5,Matching,mll,52.83802212102748,122.49345044094295,0.9885713613735154,0.5509785340653812,0.30963250075658305,0.3,1.3544465795411706,1.5
SV201,5,Averaging,mll,51.987573524485484,120.79255324785896,0.9824032571460967,0.9798767347284851,0.42222413800348,0.3,1.8654113768815874,1.5
SV201,5,Selection,mll,52.10346753442241,121.02434126773281,0.9828376140195485,0.8808397443645425,0.4336315214284764,0.3,2.460585600824875,1.5
SV201,5,Matching,mll,52.38221159398418,121.58182938685636,0.9832276640223562,0.9392724631621222,0.44588963415417915,0.3,2.300447735937542,1.5
SV202,5,Averaging,mll,56.69932514530983,130.21605648950765,0.9937367620666602,0.3189147355996087,0.12669822666817507,0.3,0.5225470305864603,1.5
SV202,5,Selection,mll,56.86044989604826,130.5383059909845,0.993583110581185,0.4450180126669597,0.10435328587475663,0.3,1.954471388789055,1.5
SV202,5,Matching,mll,57.226720551386485,131.27084730166098,0.9934284007829778,0.09998356364367508,0.12142268444096811,0.3,2.2477757751601275,1.5
SV203,5,Averaging,mll,56.55245226337672,129.92231072564144,0.9685217309041786,0.9742019367829046,0.6392062846166182,0.3,0.23682464986517054,1.5
SV203,5,Selection,mll,56.507702748674326,129.83281169623666,0.9689929275076112,0.964131331922524,0.6269676301380611,0.3,0.30989570686054235,1.5
SV203,5,Matching,mll,56.94273722131539,130.7028806415188,0.9630739591114351,0.9987382141394467,0.8032138804345107,0.3,0.2785164734367401,1.5
SV204,5,Averaging,mll,109.13155414792661,235.0805144947412,0.9509892589750343,0.9995713999842135,0.6836926436670472,0.3,0.34846952811472337,1.5
SV204,5,Selection,mll,109.90915986248645,236.6357259238609,0.9465132044538678,0.9981263304040621,0.7739432852103917,0.3,2.7302496390948923,1.5
SV204,5,Matching,mll,109.76589816785167,236.34920253459134,0.9473097692645618,0.9997719056527963,0.7572000092295861,0.3,0.5325176641078075,1.5
SV205,5,Averaging,mll,52.26813849212815,121.3536831831443,0.9936373455407953,0.32068112286926986,0.26158092616094547,0.3,0.964861728094835,1.5
SV205,5,Selection,mll,52.731564102999,122.280534404886,0.9932080166078908,0.5188132093288979,0.262214279581586,0.3,0.7231613882851073,1.5
SV205,5,Matching,mll,53.205476334184326,123.22835886725665,0.9926892971223328,0.23684908394747795,0.26180674235744755,0.3,0.830729703023696,1.5
SV206,5,Averaging,mll,127.24558834351899,271.30858288592594,0.9274389083240445,0.3337902341590766,0.8074039966711324,0.3,1.2504269614551118,1.5
SV206,5,Selection,mll,126.87834893726341,270.5741040734148,0.9302525480823436,0.5301174380508724,0.793171564008913,0.3,0.740312740651237,1.5
SV206,5,Matching,mll,125.75913593759633,268.33567807408065,0.9391067057813907,0.455995394999102,0.6498319786955966,0.3,0.26587981223339985,1.5
SV207,5,Averaging,mll,34.76189822768398,86.34120265425595,0.9970637581247063,0.26650961097935466,0.12052610431201746,0.3,0.7986389337752644,1.5
SV207,5,Selection,mll,35.025462601148035,86.86833140118407,0.9968760810025238,0.46766748476573344,0.13758729115521462,0.3,1.2793875388696885,1.5
SV207,5,Matching,mll,35.142923260010804,87.1032527189096,0.9970166896431689,0.0443532486673922,0.11893837866110218,0.3,1.5343121373064863,1.5
SV208,5,Averaging,mll,64.24754647674065,145.3124991523693,0.9753675721154014,0.9987387208280418,0.6098874572436335,0.3,2.9946114023820587,1.5
SV208,5,Selection,mll,64.16036280677518,145.13813181243836,0.9760792218793227,0.9982992100312369,0.5836252015433573,0.3,2.393460301856927,1.5
SV208,5,Matching,mll,64.18040663164649,145.17821946218098,0.9761084606859508,0.997460576704784,0.5788335420011854,0.3,2.248406700837823,1.5
SV209,5,Averaging,mll,62.18547811921522,141.18836243731843,0.9754432098665281,0.9999311781176746,0.6292194370163773,0.3,2.8609038506108373,1.5
SV209,5,Selection,mll,62.29669028110199,141.41078676109197,0.9766599943919572,0.9964727664790733,0.564097890871906,0.3,0.26149927204654233,1.5
SV209,5,Matching,mll,62.1159910031411,141.0493882051702,0.9759577822733811,0.9999667412650275,0.6189525883266969,0.3,2.315232385245038,1.5
SV210,5,Averaging,mll,53.38113090410081,123.57966800708961,0.9684660910777583,0.9895830521669159,0.6640241399112784,0.3,0.244145206189684,1.5
SV210,5,Selection,mll,53.24597712414036,123.30936044716871,0.9700677747920015,0.9732867964591728,0.6062605964562732,0.3,0.28635469439517747,1.5
SV210,5,Matching,mll,53.346036570062665,123.50947933901332,0.9684223707524878,0.9999941606513778,0.6685052937236162,0.3,2.9986223001669896,1.5
SV211,5,Averaging,mll,97.09434650244319,211.00609920377437,0.9790016993590452,0.8550909626259209,0.3610451395623675,0.3,0.5998844616104136,1.5
SV211,5,Selection,mll,97.7141566265994,212.2457194520868,0.9782699447299231,0.6360630859196666,0.3610683138153143,0.3,1.9369986824339291,1.5
SV211,5,Matching,mll,98.18914138759989,213.19568897408777,0.9769830486960819,0.7477073753208564,0.35535928501206476,0.3,1.4527385874702692,1.5
SV212,5,Averaging,mll,43.94154371940667,104.70049363770133,0.9949314636776033,0.00018337334803438204,0.22090308126292746,0.3,1.3638874548029762,1.5
SV212,5,Selection,mll,43.94107903621037,104.69956427130873,0.9949284259431341,0.2386753502607537,0.21678054734527782,0.3,0.7847011461156453,1.5
SV212,5,Matching,mll,43.97274543816631,104.76289707522061,0.9948676465232961,0.013371494443044743,0.22084565742392445,0.3,0.7700965410309452,1.5
SV213,5,Averaging,mll,95.74685905159517,208.31112430207833,0.9682558587021183,0.9590381090221086,0.5627870485243041,0.3,0.19992307101257845,1.5
SV213,5,Selection,mll,95.9073691939434,208.63214458677479,0.9678117279884033,0.9994867391967441,0.5670898821936531,0.3,0.9658958642674018,1.5
SV213,5,Matching,mll,96.37632591489144,209.57005802867087,0.9650403762939394,0.9999925915112214,0.6582022607785011,0.3,2.2779768027683756,1.5
SV214,5,Averaging,mll,47.245485398701454,111.3083769962909,0.9967611595962477,0.043395226185356094,0.22772828581331833,0.3,0.784880056941049,1.5
SV214,5,Selection,mll,47.11441956885329,111.04624533659458,0.9966942455404123,0.4049999640737543,0.21628069096262492,0.3,0.7194542458160899,1.5
SV214,5,Matching,mll,47.12517416304266,111.06775452497331,0.9967072849266421,0.056388718890014046,0.22077137181899337,0.3,1.262723246721055,1.5
SV215,5,Averaging,mll,98.34111800560026,213.49964221008852,0.9792048726257568,0.9916666140848536,0.5041088170041644,0.3,2.253462066722327,1.5
SV215,5,Selection,mll,98.36558708619292,213.54858037127383,0.9785069317705082,0.9507499901938661,0.4897545306347701,0.3,2.8161217149519517,1.5
SV215,5,Matching,mll,98.58641736034856,213.99024091958512,0.9786751171944484,0.9900227799879059,0.5078587135212786,0.3,2.092644000239812,1.5
SV216,5,Averaging,mll,122.71168824416411,262.2407826872162,0.9655803514578879,0.8882372400951919,0.4279388631910767,0.3,0.9104678058630089,1.5
SV216,5,Selection,mll,123.05324956609755,262.9239053310831,0.9645582733352547,0.7702405680834826,0.41308271960077153,0.3,1.411903286405845,1.5
SV216,5,Matching,mll,123.15102795503364,263.1194621089553,0.9643881522669222,0.8491687372293991,0.41424490525770663,0.3,1.2077852320258604,1.5
LV001,10,Averaging,mll,297.7385178532519,612.2944419053917,0.3769026704298153,0.26270275621193934,0.102966748800426,0.3,0.9495880450439514,1.5
LV001,10,Selection,mll,312.6641873337181,642.1457808663241,0.5189111875800738,0.06392868234883703,1.2435658087142434,0.3,2.9721250363636216,1.5
LV001,10,Matching,mll,298.2816008064451,613.3806078117782,0.3769943342713251,0.050748361393949414,0.1495817068722046,0.3,2.7491360420055755,1.5
LV002,10,Averaging,mll,308.4577418087047,633.7328898162974,0.7807175001826765,0.9907873552040033,1.0760606822114198,0.3,0.3046797041456538,1.5
LV002,10,Selection,mll,308.37608845477905,633.5695831084461,0.7814863454330023,0.8559146173297192,1.2539284313990942,0.3,0.16131975704657833,1.5
LV002,10,Matching,mll,308.5901698038962,633.9977458066803,0.7810121845810373,0.9998685956192854,1.6164731108607433,0.3,0.7853721160733482,1.5
LV003,10,Averaging,mll,103.53035598105582,223.87811816099963,0.966964891801627,0.9978345653415351,0.62498800208934,0.3,0.22167608675583483,1.5
LV003,10,Selection,mll,103.53380324686333,223.88501269261465,0.9669911325546822,0.9775332352787258,0.626674493423501,0.3,0.2571086768919313,1.5
LV003,10,Matching,mll,103.96707852675338,224.75156325239476,0.9657917577111387,0.9999698770859323,0.7809871996460425,0.3,1.892360957961384,1.5
LV005,10,Averaging,mll,191.59116318034668,399.9997325595814,0.9269858403258152,0.9884236852705413,0.5399500556132656,0.3,0.8619062624630047,1.5
LV005,10,Selection,mll,191.6279880902393,400.07338237936665,0.92729524434403,0.9446752595231604,0.5485143382944326,0.3,1.8431437258935173,1.5
LV005,10,Matching,mll,191.73999542936997,400.2973970576279,0.9280688542674401,0.9629499651726697,0.5737069992487903,0.3,2.839345324258899,1.5
LV007,10,Averaging,mll,65.33680374799557,147.49101369487914,0.9824392782778557,0.9479467428267975,0.42125293325805885,0.3,2.141116874673515,1.5
LV007,10,Selection,mll,65.6820581378758,148.1815224746396,0.9813735649898322,0.8659961654256496,0.41888097009354475,0.3,1.4720182187017155,1.5
LV007,10,Matching,mll,65.93347813662002,148.68436247212804,0.9814343943810466,0.909975106250501,0.41881406478942323,0.3,1.8933666981099788,1.5
LV008,10,Averaging,mll,274.6847858235044,566.1869778458968,0.6513934430690996,0.35838826122633133,0.26297915885517026,0.3,0.8739745284294672,1.5
LV008,10,Selection,mll,275.1359238749686,567.0892539488252,0.6494479635751741,0.4998490980415319,0.2511766757917136,0.3,0.744097656139233,1.5
LV008,10,Matching,mll,275.51688200960075,567.8511702180895,0.649203412532197,0.20301729368696703,0.2517497057828889,0.3,0.4428429390150275,1.5
LV009,10,Averaging,mll,134.76270151449972,286.3428092278874,0.9404548064588932,0.0025832802660922245,0.18693908486862626,0.3,0.5203936453273501,1.5
LV009,10,Selection,mll,134.7679323856203,286.3532709701286,0.9402335513073096,0.14589780335350216,0.17964041882255055,0.3,0.98294075832516,1.5
LV009,10,Matching,mll,134.76121350603685,286.33983321096173,0.9404527489877094,0.0029450842132758503,0.18671758132681376,0.3,0.7847420553332364,1.5
LV011,10,Averaging,mll,239.19914979985379,495.21570579859554,0.7562563581252495,0.002926586595474379,2.372745950408454,0.3,0.7408924858514674,1.5
LV011,10,Selection,mll,238.17150455609746,493.16041531108294,0.7645193262932778,0.23745498079962676,2.9710179651361965,0.3,2.998627281642709,1.5
LV011,10,Matching,mll,238.17955393758135,493.1765140740507,0.7644542501321945,0.008179559606949749,2.987964657763828,0.3,0.7837105098700876,1.5
LV012,10,Averaging,mll,357.19640272260295,731.2102116440939,0.6157464952850165,0.9543421682429152,0.5411837235643633,0.3,1.413282996863104,1.5
LV012,10,Selection,mll,356.984756018258,730.786918235404,0.6249842094170568,0.7426017592421107,0.6263101761948933,0.3,2.576929155930218,1.5
LV012,10,Matching,mll,357.28939865745616,731.3962035138003,0.6216977192597639,0.8973052416211625,0.599871926064428,0.3,1.5360998138115325,1.5
LV013,10,Averaging,mll,329.4399205569664,675.6972473128208,0.6061749577291929,0.002546800224836051,0.2711557018181832,0.3,0.7271238041080975,1.5
LV013,10,Selection,mll,329.4367874340894,675.6909810670668,0.6065710684410535,0.23566400982518276,0.27263237711756255,0.3,0.7846132559705201,1.5
LV013,10,Matching,mll,329.44060605796693,675.6986183148218,0.6034953363395892,0.026033310264847682,0.25837599634034464,0.3,0.5825075215410228,1.5
LV015,10,Averaging,mll,125.71571756141981,268.2488413217276,0.9797543682940244,0.025532972618598992,0.14499309010906627,0.3,0.7078150445947267,1.5
LV015,10,Selection,mll,125.70088326431036,268.21917272750875,0.9797905279150226,0.2703825886640263,0.14694177344859854,0.3,1.831073725202918,1.5
LV015,10,Matching,mll,125.67034241793601,268.15809103476,0.9798380139853891,0.03227807233524922,0.14675052163433616,0.3,2.4544624212283903,1.5
LV016,10,Averaging,mll,267.15393275050667,551.1252716999013,0.6680658573270424,0.0002466105024291576,0.14495844392610135,0.3,2.9996424361570315,1.5
LV016,10,Selection,mll,267.15363591391787,551.1246780267237,0.6680289249072877,0.23606836442050672,0.14342231194933908,0.3,0.7839891536883696,1.5
LV016,10,Matching,mll,267.1265819695323,551.0705701379526,0.6679879434726534,0.004794985401824689,0.12098140099655118,0.3,0.7620478168009079,1.5
LV017,10,Averaging,mll,26.30536374673506,69.42813369235812,0.9966857496356571,0.09809505511234692,0.12418991343048891,0.3,1.8712453707960968,1.5
LV017,10,Selection,mll,26.46606678206376,69.74953976301552,0.9966801334413484,0.24043242896558872,0.11826351084923348,0.3,2.581993786645013,1.5
LV017,10,Matching,mll,26.53077729422807,69.87896078734414,0.9966737049393393,0.001917706345628125,0.13913250241035313,0.3,0.7478998660461338,1.5
LV018,10,Averaging,mll,49.89504778742559,116.60750177373917,0.9829157988703,0.9941224487903679,0.509618326590447,0.3,2.9237096439599943,1.5
LV018,10,Selection,mll,49.852302491859554,116.5220111826071,0.9830140219522344,0.9703969092635292,0.49236189501686756,0.3,2.878610431030434,1.5
LV018,10,Matching,mll,49.93229935200654,116.68200490290107,0.9828467443212254,0.9924619645202154,0.49529889066549426,0.3,2.697975829598964,1.5
LV019,10,Averaging,mll,93.36010672553402,203.53761964995604,0.9652619044753942,0.97726018701247,0.6718161549707777,0.3,0.15122484606159936,1.5
LV019,10,Selection,mll,93.96203737388616,204.74148094666032,0.9614993170520989,0.9965151953034347,0.7535298518515955,0.3,2.803745592213025,1.5
LV019,10,Matching,mll,93.40274404066507,203.62289428021813,0.9647517680645814,0.9999962024951502,0.6887399628958779,0.3,2.851105671382958,1.5
LV020,10,Averaging,mll,190.29123651621939,397.39987923132674,0.8815521654543726,0.9974965850110749,0.7696653077205124,0.3,0.3623321926883223,1.5
LV020,10,Selection,mll,190.28382302171468,397.38505224231733,0.8820081444789665,0.960907644613323,0.7558146376977275,0.3,0.2915167812965766,1.5
LV020,10,Matching,mll,190.54683078201344,397.91106776291485,0.8768599992587423,0.9342661031191702,0.7984551707777313,0.3,0.21471803496567005,1.5
LV021,10,Averaging,mll,76.94397617197107,170.70535854283014,0.9914756674074051,0.32380485403689346,0.20007002365047766,0.3,0.7541001701639015,1.5
LV021,10,Selection,mll,77.17672150299695,171.1708492048819,0.991086161071237,0.4357837625945635,0.1918138115494264,0.3,1.2396557150557737,1.5
LV021,10,Matching,mll,77.51972792262487,171.85686204413773,0.991146673775531,0.07720328897410345,0.19558416028299752,0.3,1.4477039510049088,1.5
LV022,10,Averaging,mll,173.73603853327987,364.28948326544776,0.8965567196392544,0.24874160968139963,0.12388570637831486,0.3,0.7813354899000138,1.5
LV022,10,Selection,mll,173.98638156801354,364.79016933491505,0.8966486497694922,0.33869394292394833,0.13957673337770105,0.3,1.2214704763680542,1.5
LV022,10,Matching,mll,174.04089358032383,364.8991933595356,0.8965480416983288,0.062328652157877806,0.11050909689475746,0.3,0.94092658194615,1.5
LV023,10,Averaging,mll,362.41141437491285,741.6402349487137,0.6898143449835796,0.7313366180263827,2.9837949644915818,0.3,2.2265395908491046,1.5
LV023,10,Selection,mll,362.32672743735486,741.4708610735977,0.6903361304311542,0.5301656390172543,2.9942485449141563,0.3,2.456114561527318,1.5
LV023,10,Matching,mll,361.65923322579033,740.1358726504686,0.6938439000975603,0.7213541386336039,2.8238909533769987,0.3,0.8080778597093582,1.5
LV024,10,Averaging,mll,349.6662045277212,716.1498152543304,0.6903430890725631,0.4184601462231027,1.6531370881000989,0.3,1.298895849081188,1.5
LV024,10,Selection,mll,353.3723731268911,723.5621524526701,0.6572196865098778,0.06988526487658311,2.990159180580872,0.3,2.9973987905072974,1.5
LV024,10,Matching,mll,346.2769945232302,709.3713952453484,0.7206294051764681,0.5059129837886264,2.8734570048888908,0.3,0.1571701557682827,1.5
LV025,10,Averaging,mll,199.92297848813183,416.66336317515163,0.8400012557013318,0.0007330728449367529,0.20475624182539975,0.3,2.5768306236300313,1.5
LV025,10,Selection,mll,199.9105000985395,416.63840639596697,0.8400575390589258,0.30930723219229445,0.20569688808984393,0.3,0.7877158660271313,1.5
LV025,10,Matching,mll,199.92394183171106,416.66528986231015,0.8400352131396738,0.020119378906434934,0.2049224554158945,0.3,0.7517302562853356,1.5
SV103,10,Averaging,mll,133.96290163577063,284.7432094704293,0.9505388608492584,0.9755879447280325,0.4101177098316498,0.3,1.2125316069334624,1.5
SV103,10,Selection,mll,134.14625481267302,285.109915824234,0.9506009654701879,0.8962975873471494,0.41607299343786835,0.3,1.8520494050996021,1.5
SV103,10,Matching,mll,134.38664428349216,285.5906947658723,0.9508073856753034,0.9230370613815805,0.4188007977905618,0.3,2.736900949155332,1.5
SV110,10,Averaging,mll,73.86521987037483,164.54784593963765,0.977346053248661,0.9806473136446352,0.4607850938899989,0.3,2.315801132958539,1.5
SV110,10,Selection,mll,74.02885454728181,164.8751152934516,0.9770726324041523,0.9220787396096598,0.466428885039684,0.3,1.908438022254485,1.5
SV110,10,Matching,mll,74.24637653446354,165.31015926781507,0.9770066539510285,0.9494906881688266,0.4681045330212466,0.3,2.413551870558433,1.5
SV111,10,Averaging,mll,105.14146890629053,227.10034401146905,0.9432439249039731,0.9767768623144932,0.6945513239791556,0.3,0.31358114849412194,1.5
SV111,10,Selection,mll,105.00329491037095,226.8239960196299,0.9425827314091486,0.9998378289128523,0.719756431969016,0.3,2.800128328330975,1.5
SV111,10,Matching,mll,104.88131957032489,226.58004533953778,0.945592330603816,0.9999215592246724,0.6466835789641514,0.3,2.6906776961651344,1.5
SV113,10,Averaging,mll,53.03415497153004,122.88571614194808,0.9735593026699005,0.990830434333315,0.6669297541384708,0.3,0.27460768109940653,1.5
SV113,10,Selection,mll,52.8368705027456,122.49114720437919,0.9755899585934218,0.9795481871863375,0.6027634336058157,0.3,0.25789434534035294,1.5
SV113,10,Matching,mll,53.12121420902568,123.05983461693936,0.9729038906572351,0.9968716696206827,0.6891111631571122,0.3,0.1552181309265075,1.5
SV119,10,Averaging,mll,44.55479261844956,105.92699143578712,0.9954729427397182,0.590189758399649,0.32667108852173066,0.3,0.43770881725636246,1.5
SV119,10,Selection,mll,44.50655976346308,105.83052572581416,0.994769911694779,0.6351373888045985,0.3026381289384521,0.3,0.5172547223475608,1.5
SV119,10,Matching,mll,44.57164919253714,105.96070458396227,0.9942503067741344,0.43724988296365197,0.2973782316730816,0.3,1.2543599817663393,1.5
SV201,10,Averaging,mll,95.45190041304699,207.72120702498196,0.9694016257920618,0.922912913566695,0.505468181994917,0.3,2.6062712762945557,1.5
SV201,10,Selection,mll,95.79608060563197,208.40956741015194,0.9688679893650004,0.8351000110220862,0.5071922001986027,0.3,1.903499604594274,1.5
SV201,10,Matching,mll,95.74226510133974,208.30193640156747,0.9687483430492396,0.8791665136681215,0.494692707737423,0.3,2.127018024163379,1.5
SV202,10,Averaging,mll,85.39797308201754,187.61335236292308,0.9899071022780657,0.0011862763886343593,0.12139153126796007,0.3,0.5228862897732227,1.5
SV202,10,Selection,mll,85.39233316935754,187.60207253760308,0.9899137521629172,0.28580255443337166,0.12084637532220621,0.3,0.7715151531715934,1.5
SV202,10,Matching,mll,85.3999723987413,187.6173509963706,0.989904719918654,0.0022286784001173806,0.11684733925652607,0.3,0.7843369392967232,1.5
SV203,10,Averaging,mll,81.5521467370856,179.92169967305918,0.9617534567627549,0.9993831667737203,0.6835107479741331,0.3,0.20506510110518675,1.5
SV203,10,Selection,mll,81.61195744546268,180.04132108981335,0.9621295366327861,0.9996488573054405,0.6626361897084054,0.3,2.846189644711693,1.5
SV203,10,Matching,mll,82.28157729965898,181.38056079820595,0.9561380776381307,0.999108251037891,0.8130264585633593,0.3,0.2616168028237428,1.5
SV204,10,Averaging,mll,107.3572181982439,231.5318425953758,0.9440472767909953,0.9701460524600608,0.7265606946670878,0.3,0.3057330249687492,1.5
SV204,10,Selection,mll,106.95940953904949,230.73622527698697,0.9468025354768097,0.9603078247763861,0.6826647526496903,0.3,0.25956565087819766,1.5
SV204,10,Matching,mll,107.4541380787877,231.72568235646338,0.9409094760095764,0.9999710186874278,0.8179397524977675,0.3,2.999904453810311,1.5
SV205,10,Averaging,mll,87.20040775039111,191.2182216996702,0.9835429099462406,0.5149864649123104,0.28629574079669673,0.3,1.0137059070005874,1.5
SV205,10,Selection,mll,87.7484368566661,192.3142799122202,0.9828385114998879,0.5530332292898331,0.27947398432562526,0.3,0.9166995360619192,1.5
SV205,10,Matching,mll,88.19419633076537,193.20579886041872,0.9820672259384048,0.40144768925664465,0.2700065062626219,0.3,0.6547427483115181,1.5
SV206,10,Averaging,mll,151.38871482702683,319.5948358529416,0.8859354015024452,0.1495684934312187,1.0468222581404583,0.3,1.413685139211493,1.5
SV206,10,Selection,mll,152.06859902107885,320.9546042410457,0.8803074600902875,0.23604520978040586,1.4063466189010245,0.3,2.999894887997678,1.5
SV206,10,Matching,mll,150.1561927157737,317.1297916304354,0.8954955564057719,0.19772923202570286,0.8905872509247797,0.3,0.1020678159068534,1.5
SV207,10,Averaging,mll,32.047084132470445,80.91157446382888,0.9976965432568852,0.29252171756855216,0.20038015663202102,0.3,0.9330711155554681,1.5
SV207,10,Selection,mll,32.27789628863982,81.37319877616764,0.9975250350887866,0.4427410742577372,0.19250134956818013,0.3,1.0393624855089705,1.5
SV207,10,Matching,mll,32.592900780946565,82.00320776078112,0.9974194252544105,0.1272715144797536,0.198569021227669,0.3,1.024477923656852,1.5
SV208,10,Averaging,mll,128.37028130352803,273.55796880594403,0.9655183385053594,0.9923355497742964,0.5704163606120847,0.3,0.26609458736129094,1.5
SV208,10,Selection,mll,128.39557447238542,273.6085551436588,0.9653281655851662,0.999802632571362,0.573902398117466,0.3,1.9400038815869083,1.5
SV208,10,Matching,mll,128.72177663569676,274.2609594702815,0.9641259314006752,0.992020381550099,0.5622237079450088,0.3,2.405375379527019,1.5
SV209,10,Averaging,mll,87.93423438906434,192.68587497701668,0.9619240787144283,0.9733022876031734,0.6699644547805781,0.3,0.20144514786758286,1.5
SV209,10,Selection,mll,87.90996909572942,192.63734439034684,0.9636870873862332,0.9759905405411937,0.6251116610661465,0.3,0.20094225160100235,1.5
SV209,10,Matching,mll,87.88893149129004,192.59526918146807,0.9617200364328173,0.998472773303866,0.6820719947096283,0.3,0.17667584201542388,1.5
SV210,10,Averaging,mll,32.84543153915564,82.50826927719928,0.9691999320417406,0.9853001745963476,0.7113876106258133,0.3,0.3407521297558421,1.5
SV210,10,Selection,mll,32.91268774297479,82.64278168483757,0.9675338569170032,0.9999683144764148,0.7663247999475497,0.3,2.7956555141061736,1.5
SV210,10,Matching,mll,33.12440613083817,83.06621846056433,0.9657981518047132,0.9999790939909675,0.8133090035147118,0.3,1.892122117399643,1.5
SV211,10,Averaging,mll,50.99003240313215,118.79747100515229,0.9893038801455722,0.7638494183005623,0.3897911024985746,0.3,0.42546971700768926,1.5
SV211,10,Selection,mll,51.44330842289546,119.70402304467892,0.9875657317614197,0.5607806450616178,0.38226736844549136,0.3,1.8872657383665754,1.5
SV211,10,Matching,mll,51.904701184214176,120.62680856731635,0.9871642440703137,0.7698528137241872,0.37878507812224205,0.3,0.7767465863650413,1.5
SV212,10,Averaging,mll,46.000883849894684,108.81917389867736,0.9960417443250905,0.4505508615916694,0.2517997455731721,0.3,0.8070845154162848,1.5
SV212,10,Selection,mll,46.2852347996647,109.3878757982174,0.9957237455979653,0.5352596122262385,0.2377596295596196,0.3,0.8108159349097694,1.5
SV212,10,Matching,mll,46.73464710355223,110.28670040599245,0.9952903138868417,0.3016085004360719,0.23946595764519218,0.3,0.7334417786767515,1.5
SV213,10,Averaging,mll,64.53312336090718,145.88365292070236,0.9735768361839403,0.9917587953446866,0.5913888162428541,0.3,2.8310931300358866,1.5
SV213,10,Selection,mll,63.81507818679665,144.44756257248127,0.9762594442970993,0.9996668318748496,0.5655658027724075,0.3,1.7655823154649004,1.5
SV213,10,Matching,mll,63.94962127261357,144.71664874411513,0.9756541192893918,0.9994520953444197,0.5929963936755367,0.3,2.256710530233595,1.5
SV214,10,Averaging,mll,34.79063048496459,86.39866716881717,0.9966073449226377,0.38178516192099465,0.2138465705187179,0.3,0.7679093276506747,1.5
SV214,10,Selection,mll,34.92673581482009,86.67087782852818,0.9965322364544753,0.5177498537243123,0.2088165155145585,0.3,0.7891754976091176,1.5
SV214,10,Matching,mll,35.33168035317833,87.48076690524465,0.9965181496385209,0.18776116183625252,0.21687076124418675,0.3,0.5737549615335894,1.5
SV215,10,Averaging,mll,101.58215223872082,219.98171067632964,0.9773887211137379,0.9906399780147979,0.5080725143156397,0.3,2.737139686282657,1.5
SV215,10,Selection,mll,101.59808652499132,220.01357924887063,0.9768401219563777,0.9725593268973651,0.4897625483208726,0.3,2.092349111646377,1.5
SV215,10,Matching,mll,101.80148504680955,220.4203762925071,0.9770389962804088,0.9864836562268284,0.5112340551483138,0.3,2.4764092102499204,1.5
SV216,10,Averaging,mll,66.4002302085521,149.6178666159922,0.9867948001793054,0.9247133212001959,0.40162887694830635,0.3,2.04234602425796,1.5
SV216,10,Selection,mll,66.48418329939605,149.7857727976801,0.9870946111542316,0.8015282161209174,0.4165336499246188,0.3,1.64811118924268,1.5
SV216,10,Matching,mll,66.49305987123657,149.80352594136113,0.9870867043348329,0.8467690440439197,0.4142029630469298,0.3,1.8922986943707079,1.5
LV001,15,Averaging,mll,323.69992155170814,664.2172493023043,0.34277647505003084,0.00014519476378459565,0.14540832455498237,0.3,0.4448152367591176,1.5
LV001,15,Selection,mll,323.69996404815265,664.2173342951933,0.34282073376145794,0.15230434955663352,0.1512764356048937,0.3,1.894870687487658,1.5
LV001,15,Matching,mll,323.7099015415368,664.2372092819616,0.3427683093850389,0.0049841014698038385,0.1458334483333652,0.3,0.36309786107370273,1.5
LV002,15,Averaging,mll,318.2605595287264,653.3385252563407,0.7703333280719794,0.9739732046914207,1.245690818649427,0.3,0.2687111172343638,1.5
LV002,15,Selection,mll,318.26461939905266,653.3466449969933,0.770606594245542,0.847462500124854,1.3326685467200887,0.3,0.20156756618909258,1.5
LV002,15,Matching,mll,318.504865090614,653.8271363801159,0.7704765843157549,0.9985286223019314,1.8135706679825452,0.3,0.5231269261940791,1.5
LV003,15,Averaging,mll,161.59998621307895,340.0173786250459,0.9426888831972262,0.9772468153011721,0.688629060880105,0.3,0.27006493633378575,1.5
LV003,15,Selection,mll,161.82245201197514,340.46231022283825,0.9424673282594228,0.9987402172537614,0.8133126471990471,0.3,2.8253108012136914,1.5
LV003,15,Matching,mll,162.01529395775728,340.8479941144026,0.9417291515239767,0.9997689688017407,0.8906604774308953,0.3,1.212880483400516,1.5
LV005,15,Averaging,mll,149.9777893548408,316.7729849085696,0.943081937155891,0.9655158805351143,0.4819989385291285,0.3,2.4279517382545728,1.5
LV005,15,Selection,mll,150.32624504540078,317.4698962896896,0.9417685813706977,0.9279098959567582,0.4773524650369821,0.3,1.720450354395653,1.5
LV005,15,Matching,mll,150.46403940545187,317.74548500979176,0.9430002095267864,0.9405587734899157,0.4887632885083199,0.3,2.4004618349564137,1.5
LV007,15,Averaging,mll,110.98929865656939,238.79600351202677,0.969765391902946,0.9366362816142249,0.4932228594595644,0.3,1.2207840499557112,1.5
LV007,15,Selection,mll,109.8239610386356,236.4653282761592,0.9676051070663012,0.6078465204408063,0.5970521764434242,0.3,2.620382250357972,1.5
LV007,15,Matching,mll,109.1255675371979,235.06854127328378,0.9701299485813458,0.8468865035391747,0.5608813516296732,0.3,0.7743531560740466,1.5
LV008,15,Averaging,mll,332.15436822626395,681.1261426514159,0.57169554231953,0.0008740902531188125,0.14501554777396894,0.3,2.9997099754933974,1.5
LV008,15,Selection,mll,332.1050348470589,681.0274758930058,0.5716328654004881,0.0901709584287802,0.11574907441809267,0.3,0.7721409716043146,1.5
LV008,15,Matching,mll,332.1496436926146,681.1166935841171,0.571658764605218,0.003188025023529185,0.14339178723224763,0.3,1.1629646803030351,1.5
LV009,15,Averaging,mll,157.28496046265985,331.3873271242077,0.9149283119785638,0.34044420343071574,0.23085013459484696,0.3,0.7851283587655375,1.5
LV009,15,Selection,mll,157.53215160284418,331.8817094045763,0.9137312843196679,0.49996273570139044,0.21803781298923905,0.3,0.7373637098751618,1.5
LV009,15,Matching,mll,157.85220223367008,332.52181066622813,0.9138494216651067,0.14588850273622478,0.2212534247100347,0.3,0.7842119380825494,1.5
LV011,15,Averaging,mll,264.2940680206563,545.4055422402006,0.7761629407691373,0.13187784569068328,2.954457335589941,0.3,1.934184480479964,1.5
LV011,15,Selection,mll,264.35342469156757,545.5242555820231,0.7756012930195757,0.23498982790458636,2.9974833767491087,0.3,2.9998021876187244,1.5
LV011,15,Matching,mll,264.2390944453405,545.295595089569,0.7767413454592899,0.13991731594307505,2.988176724971092,0.3,0.8840938072807347,1.5
LV012,15,Averaging,mll,299.588083247676,615.99357269424,0.5002619593021096,0.7839617662246565,2.1111655516926815,0.3,0.10300182422046888,1.5
LV012,15,Selection,mll,299.49673269030365,615.8108715794953,0.5008698898311237,0.7682162928619921,2.2879717029977327,0.3,0.26537512139954017,1.5
LV012,15,Matching,mll,299.49621368468,615.809833568248,0.5012590010303026,0.9995969165073906,2.430705814559156,0.3,0.7823427956334945,1.5
LV013,15,Averaging,mll,315.1770965230155,647.171599244919,0.6336821113014488,0.69903833155551,0.4839747957096685,0.3,1.8843582293078163,1.5
LV013,15,Selection,mll,315.61381172148646,648.0450296418609,0.6333762298560293,0.5541665360509227,0.4876893902888873,0.3,2.1300155349986825,1.5
LV013,15,Matching,mll,316.27718017986194,649.3717665586119,0.6319437130628636,0.5290521775176907,0.4852472477594636,0.3,2.3975676745432155,1.5
LV015,15,Averaging,mll,86.14799431264059,189.11339482416918,0.9897206080641678,0.25746397597357823,0.17780943891425785,0.3,0.5216718881208445,1.5
LV015,15,Selection,mll,86.33822059353935,189.4938473859667,0.9896503788615061,0.27522528624119047,0.1686228791286911,0.3,1.9448597752723968,1.5
LV015,15,Matching,mll,86.46050192753054,189.73841005394908,0.989665875386591,0.04656660894797066,0.1729285009792165,0.3,0.7686753943815746,1.5
LV016,15,Averaging,mll,349.38270411006647,715.5828144190209,0.30255566180709936,0.0011862399580108032,0.14557926708774205,0.3,1.207759265884724,1.5
LV016,15,Selection,mll,349.35950474423464,715.5364156873572,0.3023804190484951,0.06372993888511282,0.1362054984321881,0.3,1.8883865490849383,1.5
LV016,15,Matching,mll,349.38430173528667,715.5860096694613,0.3025535940876177,0.000702024732865199,0.14479190451507407,0.3,0.5230431192562619,1.5
LV017,15,Averaging,mll,47.84913067882944,112.51566755654687,0.9944009623606224,0.24034849520156723,0.11418978118075693,0.3,0.7988900349826624,1.5
LV017,15,Selection,mll,48.036878883601574,112.89116396609114,0.9943419567387878,0.3478634496836384,0.11500878719726526,0.3,2.172976456078122,1.5
LV017,15,Matching,mll,48.156378095393855,113.1301623896757,0.9943817017700556,0.06240223046257191,0.11612641699893386,0.3,1.108882028061297,1.5
LV018,15,Averaging,mll,79.09172307871721,175.0008523563224,0.9707052695829022,0.9855811747809656,0.5465940651768278,0.3,0.943656714658543,1.5
LV018,15,Selection,mll,79.24415776550465,175.3057217298973,0.970578039289779,0.9407436967603076,0.5138473367306491,0.3,2.493245728435528,1.5
LV018,15,Matching,mll,79.3241554285154,175.4657170559188,0.9702064661797187,0.964130379192419,0.5496243022185867,0.3,2.2839659568266977,1.5
LV019,15,Averaging,mll,97.40023811381032,211.61788242650863,0.9763596803817024,0.9830089745652074,0.593436261368005,0.3,0.17434122803307786,1.5
LV019,15,Selection,mll,97.50829119013235,211.8339885791527,0.975843282180462,0.9859520061146599,0.6613040170924455,0.3,0.20184250326406525,1.5
LV019,15,Matching,mll,97.58271392237371,211.98283404363542,0.9755172735477896,0.9991772760774585,0.6821054329294837,0.3,0.15034818726396632,1.5
LV020,15,Averaging,mll,86.50956459775706,189.83653539440212,0.9543960131183902,0.9588226522411991,0.8412813276905096,0.3,0.2719623739900413,1.5
LV020,15,Selection,mll,86.24871124613777,189.31482869116354,0.9585108477749799,0.9652029904089614,0.7202955833860605,0.3,0.21241194976975225,1.5
LV020,15,Matching,mll,86.68001711687296,190.17744043263392,0.957468781208509,0.9882501565906759,0.7038709957547151,0.3,0.3787198433537753,1.5
LV021,15,Averaging,mll,132.90813957826592,282.63368535541986,0.9286871202029578,0.22352015161067346,0.1276112081744882,0.3,0.9580732450529831,1.5
LV021,15,Selection,mll,133.1674521825071,283.15231056390223,0.9287671680879299,0.33863584264512947,0.14763756087309518,0.3,1.5276965965827778,1.5
LV021,15,Matching,mll,133.21694780616033,283.2513018112087,0.9286677546783743,0.060566143058884,0.11493122781306289,0.3,1.1476513009176108,1.5
LV022,15,Averaging,mll,218.00605649319462,452.82951918527726,0.8245334137285529,0.031871152073646776,0.14547937982988166,0.3,0.7850637927717108,1.5
LV022,15,Selection,mll,217.97013424711008,452.75767469310813,0.8245052268846689,0.03261097493311921,0.12976182131397446,0.3,2.077006802410158,1.5
LV022,15,Matching,mll,217.9234540627207,452.66431432432944,0.8245462109582549,0.04346567212680818,0.10596308002521203,0.3,2.2930950332743305,1.5
LV023,15,Averaging,mll,311.42366020670863,639.6647266123052,0.7785728899466869,0.9963049472269336,0.6294078902896357,0.3,1.195786673319696,1.5
LV023,15,Selection,mll,311.457703386763,639.732812972414,0.7783562528055845,0.9776775936283136,0.6267098304773804,0.3,2.7768058961093525,1.5
LV023,15,Matching,mll,311.564326943992,639.946060086872,0.7816301455873116,0.9897660298018853,0.6855880526613947,0.3,2.8141680857236806,1.5
LV024,15,Averaging,mll,371.6940249973226,760.2054561935331,0.7137898286741686,0.6991920106638846,2.400045679617036,0.3,2.3581558101896176,1.5
LV024,15,Selection,mll,373.38868976296817,763.5947857248243,0.7045678030947868,0.6106759560451329,1.0293624233998147,0.3,0.5588229432668805,1.5
LV024,15,Matching,mll,372.85902941667604,762.53546503224,0.7067266131914232,0.7442566952113283,0.8465293731507799,0.3,1.9947249376279357,1.5
LV025,15,Averaging,mll,203.73267562270865,424.2827574443053,0.8068154993015675,0.3243261294811767,0.21130471811422966,0.3,1.108304953949104,1.5
LV025,15,Selection,mll,203.95428230267467,424.72597080423736,0.8061734274591985,0.43991101665913107,0.2051513525796739,0.3,1.2071883717602305,1.5
LV025,15,Matching,mll,204.31261908011362,425.4426443591152,0.8068482102347317,0.13101275711293875,0.21242764421034896,0.3,1.212619766124367,1.5
SV103,15,Averaging,mll,88.26232538329585,193.34205696547969,0.9883845438232524,0.8533334469400736,0.4007467721135218,0.3,0.5225131846558004,1.5
SV103,15,Selection,mll,88.51170561361369,193.84081742611536,0.9870109307858929,0.5716479847840129,0.39469277263570934,0.3,2.5769467309013017,1.5
SV103,15,Matching,mll,88.6718702436304,194.16114668614878,0.9867989557564687,0.6931079216776344,0.38860335423343456,0.3,2.296705707286301,1.5
SV110,15,Averaging,mll,85.44926606494079,187.71593832876957,0.9753450206453712,0.9771060021487307,0.4886833447859899,0.3,1.8525436175568544,1.5
SV110,15,Selection,mll,85.5784553835114,187.9743169659108,0.9750402910774072,0.900505565138028,0.4885883918683392,0.3,2.2926716160349385,1.5
SV110,15,Matching,mll,85.6697876681352,188.1569815351584,0.9749145536728254,0.9440382701143311,0.4889036317851186,0.3,2.535774314998381,1.5
SV111,15,Averaging,mll,120.5138660868574,257.84513837260283,0.967660724254616,0.9996164263018571,0.6519824647084775,0.3,2.8514983770558615,1.5
SV111,15,Selection,mll,120.3679423819727,257.5532909628334,0.9691250401780181,0.9983079601697772,0.6069111777011367,0.3,0.8379834913353372,1.5
SV111,15,Matching,mll,120.37360765456226,257.5646215080125,0.9686292175048368,0.9946869743195125,0.6266340774183947,0.3,0.19328593396386612,1.5
SV113,15,Averaging,mll,126.36330483527617,269.54401586944033,0.9594946338955541,0.9824319353143991,0.6745028022644953,0.3,0.23588481773918313,1.5
SV113,15,Selection,mll,128.0609243678897,272.93925493466736,0.9500469971851008,0.8761748807512972,0.88482417972874,0.3,2.808741164432318,1.5
SV113,15,Matching,mll,126.61595599197861,270.04931818284524,0.9565334558029696,0.9978590556031336,0.7685888540793623,0.3,0.3001984172069377,1.5
SV119,15,Averaging,mll,89.03056335987608,194.87853291864016,0.9908809127682251,0.6111460845428515,0.3360270887865579,0.3,1.1497755012355544,1.5
SV119,15,Selection,mll,89.19732665512862,195.21205950914523,0.9887831636882453,0.6400123499061666,0.30982395551513053,0.3,0.49225470795159704,1.5
SV119,15,Matching,mll,89.31331703083193,195.44404026055184,0.9887976737302091,0.5052338579180461,0.31239773805630916,0.3,0.9564141671590888,1.5
SV201,15,Averaging,mll,76.42872420143996,169.67485460176792,0.9814943879697816,0.9705936888537923,0.47152751790755637,0.3,1.5788193675237587,1.5
SV201,15,Selection,mll,76.65672485237828,170.13085590364454,0.9810417184440267,0.8969273204426023,0.4782056798950911,0.3,1.9234162198427944,1.5
SV201,15,Matching,mll,76.73640724539534,170.29022068967868,0.9800578109105091,0.9093340506383744,0.45241083974286317,0.3,2.8889618741626797,1.5
SV202,15,Averaging,mll,64.90165153730844,146.62070927350487,0.9926238803962821,0.03969942227724792,0.14683346235546493,0.3,0.6769222141035535,1.5
SV202,15,Selection,mll,64.85063150285367,146.51866920459534,0.9926319496426276,0.2353482943256035,0.11647384661391023,0.3,1.5892580811567765,1.5
SV202,15,Matching,mll,64.81586669629414,146.44913959147627,0.9926924808834563,0.07648232503886863,0.12662915082523288,0.3,1.1450270909040463,1.5
SV203,15,Averaging,mll,62.289938981271874,141.39728416143174,0.9636349233450803,0.984735780449654,0.6464249545031063,0.3,0.23957128650315526,1.5
SV203,15,Selection,mll,62.57434881758462,141.96610383405724,0.960714357943536,0.9984821941288976,0.7360703111846779,0.3,2.7925300412749063,1.5
SV203,15,Matching,mll,62.631767990950394,142.08094218078878,0.9601402116101749,0.9997581099201305,0.7530305508039352,0.3,0.5233169897493618,1.5
SV204,15,Averaging,mll,77.27698176495566,171.37136972879932,0.9629834004822478,0.9889085073994895,0.6723096919962002,0.3,0.1896292030505144,1.5
SV204,15,Selection,mll,77.87490252532514,172.56721124953827,0.9572961604808943,0.9977121674192373,0.8235030192289413,0.3,2.819720249652217,1.5
SV204,15,Matching,mll,77.71142251859084,172.24025123606967,0.9582004053870673,0.9996596491758701,0.8049650023638157,0.3,0.4210924127314907,1.5
SV205,15,Averaging,mll,99.23044651205328,215.27829922299455,0.9838302544936075,0.2508279478246953,0.30691317817439534,0.3,1.9140838466495047,1.5
SV205,15,Selection,mll,98.75171470078854,214.32083560046507,0.9841857139066421,0.5215482690916092,0.292981932791331,0.3,0.7294752272233893,1.5
SV205,15,Matching,mll,98.36854249597737,213.55449119084273,0.9842482617130655,0.27026024288646455,0.28151649917905697,0.3,1.0942737737609747,1.5
SV206,15,Averaging,mll,162.50436686948322,341.82613993785446,0.9267503629224175,0.36693079944378215,0.49526068207943647,0.3,2.963509430308367,1.5
SV206,15,Selection,mll,160.9192801450125,338.655966488913,0.9380065080879737,0.5678118378808755,0.5897583678445928,0.3,1.115704190020644,1.5
SV206,15,Matching,mll,160.20919833594525,337.23580287077846,0.9418074015754195,0.6689183529983123,0.4938151532049244,0.3,0.8933927658612576,1.5
SV207,15,Averaging,mll,68.28675470392146,153.3909156067309,0.9919754895297426,0.005690325846141367,0.2004695180049211,0.3,1.2097975950852744,1.5
SV207,15,Selection,mll,68.2573453962876,153.3320969914632,0.9919997867679571,0.23606800230186897,0.19477668687880606,0.3,0.7846014960502926,1.5
SV207,15,Matching,mll,68.2651307903913,153.3476677796706,0.9919947781512533,0.0021590726382129683,0.20032756167590532,0.3,2.1534398194976503,1.5
SV208,15,Averaging,mll,110.91328994929879,238.64398609748557,0.9705264416570492,0.9527804628509567,0.4634420408600251,0.3,0.3212965619702345,1.5
SV208,15,Selection,mll,110.87247388130066,238.56235396148932,0.9722022137958797,0.9711842984384047,0.5135286256835091,0.3,2.22256804402142,1.5
SV208,15,Matching,mll,110.92779230408672,238.67299080706144,0.9720990413863295,0.982689989289449,0.5136509996834216,0.3,2.937892321628575,1.5
SV209,15,Averaging,mll,75.09307420863587,167.00355461615973,0.9739081392079932,0.9893863157074666,0.5830239309498358,0.3,0.20023767746358637,1.5
SV209,15,Selection,mll,75.08652292533337,166.99045204955473,0.9740414036346211,0.9871337300851063,0.5740210438295559,0.3,0.28666373637144993,1.5
SV209,15,Matching,mll,75.43140597032976,167.68021813954752,0.9709489645342186,0.9995514781022216,0.6703525714695323,0.3,0.5229828679634819,1.5
SV210,15,Averaging,mll,30.385006483093516,77.58741916507503,0.9726362030476973,0.9958681341977242,0.6601172577507326,0.3,0.261620357540105,1.5
SV210,15,Selection,mll,31.005949560176248,78.82930531924049,0.9690206800461225,0.9984690796229889,0.7500581808782554,0.3,2.840989367921535,1.5
SV210,15,Matching,mll,30.550736509048427,77.91887921698485,0.9716472821687588,0.9990665428455553,0.6894798839972895,0.3,0.2941307152016093,1.5
SV211,15,Averaging,mll,60.81637912347392,138.45016444583584,0.9864783658836099,0.8761409979875796,0.3784233470876997,0.3,0.4652618844468348,1.5
SV211,15,Selection,mll,61.693519924928665,140.20444604874533,0.986781869885578,0.7670106640138477,0.41344791084585236,0.3,1.240595764961768,1.5
SV211,15,Matching,mll,61.998578002529115,140.81456220394622,0.9841097686892358,0.7613868293178268,0.37327707143061356,0.3,2.2659971083830337,1.5
SV212,15,Averaging,mll,70.0740300058497,156.9654662105874,0.9900700883799269,0.3979786997081154,0.22263172655371508,0.3,0.7631990440439279,1.5
SV212,15,Selection,mll,70.2870087926753,157.39142378423858,0.9899077620117812,0.4835961529295329,0.2134220642060204,0.3,0.9844287507997407,1.5
SV212,15,Matching,mll,70.74023501676979,158.29787623242757,0.9896589431392305,0.18602687021345685,0.22118059834573892,0.3,1.1326669263487041,1.5
SV213,15,Averaging,mll,85.74342946420197,188.30426512729193,0.9675058649542885,0.9997272332813087,0.6302660435930003,0.3,2.94708657952752,1.5
SV213,15,Selection,mll,85.58209021153753,187.98158662196306,0.9688011235007536,0.9999260799173121,0.5927506378224969,0.3,2.1066702417895242,1.5
SV213,15,Matching,mll,85.74316486045952,188.30373591980702,0.9674413720819314,0.9993533807996341,0.6334481759176733,0.3,0.27608540074357146,1.5
SV214,15,Averaging,mll,62.3464588394405,141.510323877769,0.9938703094394288,0.007844108746570232,0.23139319231265162,0.3,0.7800941691471261,1.5
SV214,15,Selection,mll,62.30074189554172,141.41888998997143,0.9937993296599958,0.30573963285305084,0.22733648737915418,0.3,1.161338432427424,1.5
SV214,15,Matching,mll,62.0920584698915,141.001523138671,0.9938574273068402,0.11951347316301623,0.22093344241971222,0.3,0.8190366547395348,1.5
SV215,15,Averaging,mll,102.6970759573287,222.2115581135454,0.981144918702336,0.9952236851020889,0.5241838212681891,0.3,0.7681989454452812,1.5
SV215,15,Selection,mll,102.64420388697454,222.10581397283707,0.9811712226235354,0.9804760846265728,0.5138710308129115,0.3,2.9544504529332203,1.5
SV215,15,Matching,mll,102.72461501463192,222.26663622815184,0.9813512745428743,0.9916104329001693,0.5465050330903384,0.3,2.092302756747477,1.5
SV216,15,Averaging,mll,80.48696590566195,177.7913380102119,0.9837115729709478,0.8991593763082615,0.38943942347310695,0.3,1.2329743524462962,1.5
SV216,15,Selection,mll,80.77467242446559,178.36675104781918,0.9835535772577025,0.7492475810178405,0.3966812397809401,0.3,1.5330952516826475,1.5
SV216,15,Matching,mll,80.88820249201483,178.59381118291765,0.9840844117301493,0.8550032773388863,0.39810434860430916,0.3,1.6027639802744056,1.5
