subject_id,location,strategy,fit_type,error,bic,r2,pcommon,sigma_v,sigma_a,sigma_p,mu_p
LV001,raw,Averaging,mll,986.7536341739074,2000.3249257676712,0.4531519390676064,0.0006039419035367484,0.8512874655906041,0.8,1.562610809013712,0.1007640239503465
LV001,raw,Selection,mll,990.0184220518055,2006.8545015234674,0.4388837677733993,0.16944774976510882,0.8330857180991869,0.8,1.4825159934967485,0.1007270451582328
LV001,raw,Matching,mll,986.7002067646781,2000.2180709492127,0.45320243146987815,0.00252031984449923,0.852262018048054,0.8,1.539375547406835,0.10205071791206426
LV002,raw,Averaging,mll,1076.801759504544,2180.4211764289444,0.3564373352119208,0.7780113630844712,0.8436912634328118,0.8,2.998050509531694,0.1914126793651678
LV002,raw,Selection,mll,1071.570182746663,2169.9580229131825,0.37584399576890815,0.6331059846267758,0.8178310834954191,0.8,2.985106548267418,0.23500450654298885
LV002,raw,Matching,mll,1013.6311362699151,2054.0799299596865,0.5956954501227141,0.8933234107388937,2.989123613924889,0.8,2.6930904113933916,0.10234237934618354
LV003,raw,Averaging,mll,897.5781812194155,1821.9740198586874,0.6650710212056203,0.36295226905430633,0.821794410909227,0.8,2.9923028729804626,1.170640503104687
LV003,raw,Selection,mll,877.9586287118655,1782.7349148435874,0.7363495331132973,0.6201520659668007,0.9627128531529239,0.8,2.436935102913394,1.0654364467646402
LV003,raw,Matching,mll,869.5620146303927,1765.9416866806419,0.7649577341919126,0.7633145388890874,1.8869995310327428,0.8,2.854444481677084,0.5579221010034722
LV005,raw,Averaging,mll,745.8877930896633,1518.593243599183,0.8520799003666284,0.46278077330642914,2.722788076102646,0.8,2.3964628522404348,0.11753337317330283
LV005,raw,Selection,mll,758.5225349554664,1543.8627273307893,0.8160286769789329,0.39978506366647243,0.7861613869744742,0.8,1.7856757306902862,0.10411063809301335
LV005,raw,Matching,mll,759.3159699486642,1545.449597317185,0.8147593749338675,0.20056455351035765,0.8624610184976887,0.8,2.1663602243705675,0.12729448512890026
LV007,raw,Averaging,mll,768.9058979047412,1564.6294532293389,0.8595229998650602,0.6096791094790062,2.9960307513523805,0.8,1.1494827839561197,1.2735399421307843
LV007,raw,Selection,mll,793.3468617903604,1613.5113810005773,0.8165464119642878,0.9532001324617047,0.9787697751611715,0.8,1.0931191563272353,1.549708418221403
LV007,raw,Matching,mll,791.2963057233267,1609.4102688665098,0.8226333200235199,0.9512721336003268,1.2124402891547537,0.8,1.122346611573573,1.5489445151108037
LV008,raw,Averaging,mll,919.0856688972528,1864.9889952143621,0.4371667161695725,0.00020254950635801411,0.8551612107408612,0.8,1.35745574228283,0.10078852941509871
LV008,raw,Selection,mll,925.2883107897355,1877.3942789993275,0.41449464045621576,0.14915684467544166,0.8217152488434519,0.8,1.3263535840070053,0.1001382384436907
LV008,raw,Matching,mll,919.3460853872072,1865.5098281942708,0.43890506922851535,0.0003587286613641573,0.854411137392383,0.8,1.4224206415857454,0.10042397758154337
LV009,raw,Averaging,mll,794.39998725208,1615.6176319240165,0.8504750383488038,0.0039240664981925535,0.8654553153157134,0.8,1.4901135006807742,0.11273813750528483
LV009,raw,Selection,mll,773.7001463430283,1574.2179501059131,0.8767161345775288,0.006388739057096194,2.999187968854927,0.8,1.302346481650956,0.588850119155452
LV009,raw,Matching,mll,794.6407554953221,1616.0991684105006,0.8516013106907007,0.00471899838086537,0.8708666815158895,0.8,1.5274621774579908,0.11971290034012273
LV011,raw,Averaging,mll,1002.9295452846986,2032.6767479892537,0.501131317963444,0.02425228057365638,0.834209269663388,0.8,2.9966394898818507,0.8534900559132361
LV011,raw,Selection,mll,990.7167002683761,2008.2510579566087,0.5496656559222093,2.6445626336466634e-05,0.9345922947995242,0.8,2.9975944741346545,1.2451927334718487
LV011,raw,Matching,mll,998.3316646533776,2023.4809867266117,0.5230641022338506,0.16301782476697635,0.8582916222417658,0.8,2.9738431080261303,0.1804298001383106
LV012,raw,Averaging,mll,950.463831224147,1927.7453198681505,0.2459407972374691,0.0019230238104163352,0.8505067241967533,0.8,1.1543399788968427,0.10022985772039422
LV012,raw,Selection,mll,938.1354177650884,1903.0884929500332,0.2956845658347633,0.3414474069390395,0.8207199834472525,0.8,0.975771655574945,0.10007390909935023
LV012,raw,Matching,mll,950.1913743267974,1927.2004060734512,0.2474053745210174,0.0014398354398284208,0.8498153212520914,0.8,1.1288032972822755,0.10017458129954766
LV013,raw,Averaging,mll,985.3607331483163,1997.539123716489,0.2648360963097579,0.00010094965260411411,0.8540032121203032,0.8,1.151721702516806,0.10008482763476029
LV013,raw,Selection,mll,976.8183705481854,1980.4543985162272,0.31544266783701624,0.3413713889298661,0.8421260330282001,0.8,1.1617046381041984,0.10018627714360652
LV013,raw,Matching,mll,985.233845436915,1997.2853482936864,0.2652249201828959,0.001453870069065624,0.8551200985423697,0.8,1.165239053220008,0.10034572925433591
LV015,raw,Averaging,mll,702.5541821728241,1431.9260217655046,0.8871909868744514,0.000616156192943454,2.9991879073727516,0.8,0.9287923126132438,1.023346118593362
LV015,raw,Selection,mll,778.3281559011199,1583.4739692220962,0.7549156437543536,0.7327358433444499,0.44695919679830326,0.8,2.4284302264618964,2.3322144580137665
LV015,raw,Matching,mll,702.577354379584,1431.9723661790244,0.887022173636778,0.00047695566769321283,2.9942608961801933,0.8,0.9245747901817372,1.0281046198599564
LV016,raw,Averaging,mll,968.4047654014246,1963.6271882227056,0.3096711302078222,0.0003481502305717758,0.8536174903455863,0.8,1.0894167075634396,0.1001176866445187
LV016,raw,Selection,mll,962.8201834772141,1952.4580243742846,0.3613344547012499,0.32695972950824986,0.8458930243260865,0.8,1.1162489713602324,0.10010278262076808
LV016,raw,Matching,mll,967.9318650971416,1962.6813876141396,0.3113909782653317,0.0015076915279362197,0.8558700006188446,0.8,1.099179667698273,0.10043548556014013
LV017,raw,Averaging,mll,713.4739521883672,1453.7655617965909,0.8193600832851267,0.0019163445751453425,2.998682645338053,0.8,0.9158128460051433,1.0546871564809293
LV017,raw,Selection,mll,713.7749804499551,1454.3676183197667,0.820073903173851,0.3734650560472368,2.9981804985073905,0.8,0.9209389203970422,1.0554250520585442
LV017,raw,Matching,mll,713.4867128510363,1453.791083121929,0.8210122181358068,0.0003810729129196057,2.998053895637232,0.8,0.9210202040734973,1.0668762085902097
LV018,raw,Averaging,mll,801.35816861907,1629.5339946579966,0.8088353792506645,0.7053264478185216,2.9817610653597666,0.8,1.0585216576928342,1.3486483666554312
LV018,raw,Selection,mll,809.0913797227716,1645.0004168653998,0.8022398778580573,0.9123902730955857,2.558505092653891,0.8,0.9789690506117348,1.3567380524909285
LV018,raw,Matching,mll,818.5983126946537,1664.014282809164,0.7881495992568985,0.986709521271691,1.0794005262007043,0.8,0.9887617465929616,1.7261420371167966
LV019,raw,Averaging,mll,695.8387989827953,1418.495255385447,0.8140290237661039,0.981123739380898,2.9407294282588716,0.8,1.7359071053333173,1.7403522574549573
LV019,raw,Selection,mll,696.3101381699271,1419.4379337597106,0.8139225612636285,0.9557952899991279,2.6937111018622146,0.8,1.6497195094705221,1.7414615570211622
LV019,raw,Matching,mll,697.5855898012472,1421.988837022351,0.8116329395904974,0.9985385539849383,2.3138969884609684,0.8,1.7151213539414247,2.0989840248449445
LV020,raw,Averaging,mll,911.5539547381993,1849.925566896255,0.7680381124621695,0.9239969617230366,2.9973930536644198,0.8,2.082647275186395,2.828471999398013
LV020,raw,Selection,mll,913.5927340464914,1854.0031255128392,0.7709888930920067,0.879486892745058,2.9945606447282573,0.8,2.0973727262522006,2.9290619723828777
LV020,raw,Matching,mll,948.7521072301187,1924.3218718800938,0.7014939130492492,0.990256137746545,0.7650922560157396,0.8,1.4186551864662968,2.9871275855705965
LV021,raw,Averaging,mll,809.1421824059146,1645.1020222316856,0.8283156945177492,0.020811360304013343,2.9960086816269182,0.8,1.1342527469289228,0.7940008868652796
LV021,raw,Selection,mll,809.0675798355048,1644.9528170908661,0.8277839729026166,0.004722480516350757,2.9978738311610558,0.8,1.129011888695724,0.7967995742063296
LV021,raw,Matching,mll,809.0233494968937,1644.864356413644,0.8260517963905686,0.0003672560489598007,2.998586482361086,0.8,1.122539674364823,0.7839313138999499
LV022,raw,Averaging,mll,775.6989381281589,1578.2155336761743,0.8727811490226438,0.0015418362352897972,2.982924217929391,0.8,1.5100118261670792,0.3140386258898405
LV022,raw,Selection,mll,775.1883962829738,1577.194449985804,0.8675375401171047,0.15466793701296389,2.9973980048684923,0.8,1.435666730725634,0.3285634505414521
LV022,raw,Matching,mll,823.3985668374488,1673.614791094754,0.7448251392172976,7.493213956016051e-05,0.7859321197604894,0.8,1.5025146963618357,0.10009851607923638
LV023,raw,Averaging,mll,1075.4866141766884,2177.790885773233,0.43744562907608675,0.004153482502471852,0.9908592642549165,0.8,2.3446310202375265,0.1026186517770764
LV023,raw,Selection,mll,1084.0564109450293,2194.930479309915,0.39377003448215464,0.39552700372942046,0.8301046274428123,0.8,1.4628725622769818,0.10095392735636742
LV023,raw,Matching,mll,1093.6881088312625,2214.1938750823815,0.3544876850898835,0.08700401673678422,0.8464138458844503,0.8,2.3766842332581253,0.10118241435565992
LV024,raw,Averaging,mll,1291.8850351937353,2610.587727807327,0.17537177454183372,0.0001779520771143943,0.8415769150640846,0.8,2.948190061352089,0.12351329919493574
LV024,raw,Selection,mll,1287.7515970444688,2602.320851508794,0.19155315604372225,0.36653677768028875,0.8007861589182277,0.8,1.582690054609473,0.10181373640657677
LV024,raw,Matching,mll,1249.7783226745705,2526.3743027689975,0.4331835397203603,0.45260288024906853,1.9180606393632544,0.8,2.2961174026994495,0.10154515916543326
LV025,raw,Averaging,mll,862.1998508027198,1751.217359025296,0.65000552251357,9.707495113417438e-05,0.8644724093053107,0.8,1.500979751561948,0.10410676966437603
LV025,raw,Selection,mll,864.8257911048277,1756.4692396295118,0.6511917885333507,0.30026516837472683,0.8385994087664405,0.8,1.4402944957403407,0.10117038689299312
LV025,raw,Matching,mll,863.1501432601472,1753.1179439401508,0.6482883380327441,0.0013783776384979423,0.856899576957052,0.8,1.5385412818186774,0.10014089805344584
SV103,raw,Averaging,mll,875.2399975468101,1777.2976525134766,0.8205760101254497,0.6109688731477061,2.9956027058027836,0.8,1.1304603762255199,1.1487981772915312
SV103,raw,Selection,mll,902.3539132477769,1831.5254839154102,0.7607292707600483,0.5775285978517135,0.8692943713019872,0.8,1.0013944391987741,1.333976579489211
SV103,raw,Matching,mll,881.7275398532524,1790.2727371263613,0.7964521460772527,0.6130182177577499,2.9825297035261995,0.8,1.055753209704391,1.1083614624991363
SV110,raw,Averaging,mll,780.5450926381457,1587.9078426961478,0.8121440924830493,0.748737035794298,2.9390367635530006,0.8,1.156542933303371,1.314643444058488
SV110,raw,Selection,mll,788.3155843664764,1603.4488261528093,0.7964409996034743,0.8727161414314726,2.9432790217782303,0.8,1.1028646158954896,1.2144937565621752
SV110,raw,Matching,mll,805.2951650644633,1637.407987548783,0.7743862352636466,0.9863761557021491,1.0260134977859419,0.8,1.3412975817801107,1.815485808508491
SV111,raw,Averaging,mll,766.543461636785,1559.9045806934264,0.8614081381174507,0.9079186617287868,2.9793894546156743,0.8,1.5020952181279013,1.7237224643407791
SV111,raw,Selection,mll,769.7404341830606,1566.2985257859777,0.851931598664124,0.8637584454726989,2.9266699315630484,0.8,2.2122514791252215,2.7057500040507803
SV111,raw,Matching,mll,778.3763578773937,1583.570373174644,0.8394189744795351,0.9809906565765947,1.1085816550752383,0.8,1.7436631073862687,2.8946973208824023
SV113,raw,Averaging,mll,819.8376523297832,1666.4929620794228,0.7690842858849224,0.977004062261776,1.5315951362134963,0.8,1.2604040175364855,1.509870560912377
SV113,raw,Selection,mll,832.4461985281806,1691.7100544762177,0.7355026582619235,0.9035243752632487,0.8452134458919931,0.8,1.8133606768543025,2.8205741578503583
SV113,raw,Matching,mll,832.3145386803383,1691.446734780533,0.7323863737704683,0.9793047270998556,0.8676586513364933,0.8,1.8952579160891478,2.6177715772898935
SV119,raw,Averaging,mll,746.8049389791963,1520.427535378249,0.8458860782243436,0.1858796626424386,2.9678714509549105,0.8,1.0710081988504425,1.1073254467806293
SV119,raw,Selection,mll,749.5715321693237,1525.960721758504,0.8415905715632481,0.2813414758236068,2.954718887728325,0.8,1.0611719629002787,1.1694453471974928
SV119,raw,Matching,mll,749.4071338044473,1525.631925028751,0.8422176743080154,0.021680359153105185,2.9859523916534285,0.8,1.0638408838410047,1.1757262618894533
SV201,raw,Averaging,mll,692.520823125607,1411.8593036710704,0.8691098943666785,0.6516251722830922,2.9978353326769107,0.8,1.0573770168696173,1.2959185728332463
SV201,raw,Selection,mll,711.3631469301292,1449.543951280115,0.8385436184843672,0.602131460377463,2.7734225845558407,0.8,1.1599354191079592,1.4140233424666075
SV201,raw,Matching,mll,703.9336069270105,1434.6848712738774,0.8517639996281084,0.9163879911827052,2.9115864813843224,0.8,0.9954149756296421,1.2562579558344866
SV202,raw,Averaging,mll,662.9539277329513,1352.7255128857591,0.9001101319402635,0.0006969838175087933,2.995923188732799,0.8,0.9135329442486594,1.0281528184895408
SV202,raw,Selection,mll,663.4095716915094,1353.6368008028753,0.8995927545150331,0.3705532989170066,2.9961150539840857,0.8,0.9144764454075289,1.024360397670681
SV202,raw,Matching,mll,662.9547297086385,1352.7271168371335,0.8999877306356461,0.0003389383628661308,2.99918794247672,0.8,0.9182278940262848,1.02112300506085
SV203,raw,Averaging,mll,662.8710705253793,1352.559798470615,0.8226635784237623,0.9040809357389751,2.967415844993358,0.8,1.45049170769999,1.6991052306735288
SV203,raw,Selection,mll,688.9528485460999,1404.7233545120562,0.7863244523934672,0.9831990243628657,0.7929988407699752,0.8,1.39841794396939,2.8551193435860256
SV203,raw,Matching,mll,677.6705836515288,1382.158824722914,0.8064963165157538,0.9858467259062443,1.1512599755313513,0.8,1.1965582897666502,2.00064821321462
SV204,raw,Averaging,mll,741.0957282632224,1509.0091139463013,0.8115226867236112,0.9194449062450704,2.960681727090438,0.8,1.2068276007685925,1.712642155999961
SV204,raw,Selection,mll,744.7588274263444,1516.3353122725453,0.8039254685601398,0.9354300659885687,2.82841143388948,0.8,1.4041814663621814,1.9198375504749872
SV204,raw,Matching,mll,777.0098228148153,1580.837303049487,0.7571696202338879,0.9960334967764579,0.73401419038083,0.8,1.3259439231046788,2.9519852123271653
SV205,raw,Averaging,mll,781.6740296944686,1590.1657168087936,0.843444134291543,0.15315836835863392,2.9950994114670997,0.8,0.9695613124861474,1.044697026846879
SV205,raw,Selection,mll,783.9276912241153,1594.673039868087,0.8454679686502583,0.342655574473099,2.9981659429636713,0.8,0.965652094520583,1.1134241567516892
SV205,raw,Matching,mll,783.6606856298365,1594.1390286795295,0.8464403456693339,0.002976043961643896,2.996200222443122,0.8,0.9782716908692077,1.1057518317945993
SV206,raw,Averaging,mll,876.3798702132646,1779.5773978463856,0.8549210543438339,0.6105041435918401,0.9240287657176129,0.8,1.6103879148605682,2.7417611108577176
SV206,raw,Selection,mll,874.8683115888341,1776.5542805975247,0.8575498232046431,0.41582808218098183,0.9404214825542333,0.8,1.504743385398777,2.7963359885298926
SV206,raw,Matching,mll,875.3458964131767,1777.5094502462098,0.859954914890438,0.5213489145891556,0.8103553124374717,0.8,1.4775385716236071,2.647670406835885
SV207,raw,Averaging,mll,671.5109456721659,1369.8395487641883,0.8758319443854483,0.0003954221042295665,2.997426823576392,0.8,0.9811265742052186,0.9992129405646702
SV207,raw,Selection,mll,671.4717937884744,1369.7612449968053,0.8758690136923761,0.3463705328838558,2.9983398797342407,0.8,0.97782971819828,1.003043243367865
SV207,raw,Matching,mll,671.4652516021958,1369.7481606242482,0.8758321729087253,5.985369314314363e-05,2.998686182806252,0.8,0.9800807109947303,0.9998122402137981
SV208,raw,Averaging,mll,824.9300401333144,1676.6777376864852,0.7746535507558822,0.9979114308576145,1.8746767187007376,0.8,1.7611164702566293,2.8496677797869125
SV208,raw,Selection,mll,818.7756677410608,1664.3689929019781,0.7952142404928353,0.9375386872007864,2.6223314156832416,0.8,1.2009518016444127,1.6955185511284432
SV208,raw,Matching,mll,818.6938279286076,1664.2053132770716,0.7936360090097132,0.9986411898844684,2.7112023070407134,0.8,1.275715825937386,1.6510776602561792
SV209,raw,Averaging,mll,657.3860662332157,1341.589789886288,0.8596956155270848,0.8713021370468421,2.9926457040148584,0.8,1.2464435040563584,1.610335122026829
SV209,raw,Selection,mll,659.8213663178933,1346.460390055643,0.8563106221480654,0.8108865575560485,2.8418895012785867,0.8,1.2767706018445573,1.6863544459737263
SV209,raw,Matching,mll,674.0803768509352,1374.9784111217268,0.8332114257212976,0.9936376064338895,1.0162085795369253,0.8,1.6120266499752232,2.7790654363717735
SV210,raw,Averaging,mll,759.3448272756912,1545.5073119712388,0.786916732958882,0.9480024197982704,2.9874137837100014,0.8,1.2892741217871613,1.9229775922241579
SV210,raw,Selection,mll,783.9839558284475,1594.7855690767515,0.7515684918924317,0.9922073443979745,0.7754612961895655,0.8,1.4323740494853923,2.9415067092910046
SV210,raw,Matching,mll,765.018088938491,1556.8538352968385,0.7876934767106701,0.9988076893259115,1.5206219762823598,0.8,1.068841890154399,1.7436337885467437
SV211,raw,Averaging,mll,708.1767035829024,1443.1710645856613,0.8725657810334948,0.46152980744250677,2.998481059552574,0.8,1.000048514041225,1.1620002296016334
SV211,raw,Selection,mll,725.0672905350999,1476.9522384900563,0.8427328657305615,0.3060174493675707,2.9557696709041132,0.8,1.063968644721551,1.2528286812751188
SV211,raw,Matching,mll,717.9770389828739,1462.7717353856042,0.8558739543987925,0.3642564178358824,2.990243627700509,0.8,0.9783709468212124,1.1262770690509054
SV212,raw,Averaging,mll,725.1783890444464,1477.1744355087492,0.8573665811277145,0.000200476525687287,2.9978739555893417,0.8,0.9799169928324692,1.0652067570710357
SV212,raw,Selection,mll,725.2100940466484,1477.2378455131532,0.8571506196328569,0.3873447239588355,2.9954408231000325,0.8,0.969045101691773,1.094859162450374
SV212,raw,Matching,mll,725.2534544636288,1477.3245663471141,0.85723801501652,0.00025779089448052636,2.99835897696811,0.8,0.9806760493133998,1.0632317362053065
SV213,raw,Averaging,mll,744.3169551826863,1515.4515677852291,0.8232005257424212,0.7982482042327741,2.977247327369912,0.8,1.1050388552919197,1.4643931528876812
SV213,raw,Selection,mll,748.9482401244275,1524.7141376687114,0.8187500583186865,0.9890110907574596,2.920934377240795,0.8,1.1068457141198675,1.4647778306884298
SV213,raw,Matching,mll,764.7857686398138,1556.389194699484,0.7939961887527514,0.9992982594261139,0.966263515720866,0.8,1.305676449373534,2.3216862681337624
SV214,raw,Averaging,mll,572.2838504006709,1171.3853582211982,0.9132452448330838,0.004093192502817276,2.9986960319899763,0.8,0.9322107287552658,1.0697036958703865
SV214,raw,Selection,mll,572.4490630065841,1171.7157834330246,0.9130267090682344,0.37632863241279363,2.998418867881911,0.8,0.9327288474575581,1.063131239573404
SV214,raw,Matching,mll,572.3420052829267,1171.50166798571,0.9128827444152936,0.0002170461128216918,2.998413685893628,0.8,0.9298869748932659,1.0672716641606323
SV215,raw,Averaging,mll,748.3510208582261,1523.5196991363086,0.8548434393470175,0.9934045983990362,2.304379541465448,0.8,1.7241008467044172,1.6813422062290868
SV215,raw,Selection,mll,740.2617260899218,1507.3411095997,0.8601422472297572,0.6853572571335332,2.5403576938539154,0.8,1.2877513193999321,1.1481622590489164
SV215,raw,Matching,mll,746.5782726483317,1519.9742027165198,0.8465906624037296,0.9370828868194394,1.34023020149989,0.8,1.7550861443635752,1.7662939210606914
SV216,raw,Averaging,mll,645.4766881882426,1317.7710337963417,0.8744823046366845,0.9185646017990464,0.7993360170469646,0.8,1.0798681782877295,1.7527883216902547
SV216,raw,Selection,mll,642.1903163465563,1311.198290112969,0.856574135418,0.03184578496806861,2.469510493561052,0.8,1.0018685539461982,1.265022679656079
SV216,raw,Matching,mll,626.744295996527,1280.3062494129103,0.894504769260127,0.4865788220733616,2.9753397617914428,0.8,0.9854192635850055,1.2028617293236175
LV001,visible,Averaging,mll,254.73713795226115,531.639330085156,0.8157695390266211,0.1726149152413507,0.4149368140920129,0.8,1.230414788299981,2.217536856219795
LV001,visible,Selection,mll,255.12661565924552,532.4182854991247,0.8129154520756121,0.39687978576358646,0.4500856149163487,0.8,1.0742529385626836,2.048455727109021
LV001,visible,Matching,mll,255.22524105224716,532.615536285128,0.8134052986784048,0.22906006220046446,0.4507974834924662,0.8,1.0208576174696522,1.9410085602418086
LV002,visible,Averaging,mll,363.33745043662213,748.2675516793153,0.24004089284900532,0.7561223639239006,2.774116368969525,0.8,2.9738651594846064,0.8613539940182845
LV002,visible,Selection,mll,367.1209555448188,755.8345618957086,0.1551983985163573,0.5443571497351917,0.8338939855911751,0.8,2.252539880298384,0.36077079880667184
LV002,visible,Matching,mll,367.6517641445471,756.8961790951652,0.1664283366302156,0.6395560681257605,0.839114641882492,0.8,2.9972832193880583,1.9043653593785252
LV003,visible,Averaging,mll,467.86685129055206,961.1719980557937,0.8445712391772122,0.8852412021000242,2.8762607309141828,0.8,1.1801598484856572,1.5689379189120545
LV003,visible,Selection,mll,469.56493468044755,964.5681648355846,0.8422003297400693,0.9590941178723329,2.3802399806113312,0.8,1.1359762477176962,1.617982010462852
LV003,visible,Matching,mll,484.956972566604,995.3522406078976,0.8018373074611111,0.9856124142697348,0.732371883705124,0.8,1.2928837387451353,2.9891470938714977
LV005,visible,Averaging,mll,418.8688989924369,862.5398346810446,0.8550075369223759,0.4925273725608113,0.8485501795299176,0.8,2.9756930084226547,1.7663749181595858
LV005,visible,Selection,mll,413.1141530429189,851.0303427820085,0.8869531258019024,0.6096902096902556,0.9458363514807352,0.8,2.330864129606709,1.8886117187897649
LV005,visible,Matching,mll,415.56899327780945,855.9400232517896,0.8727599146793469,0.6485895285255014,0.8457581502122877,0.8,2.9782449196255785,1.8627858783439937
LV007,visible,Averaging,mll,768.9058979047412,1564.6294532293389,0.8595229998650602,0.6096791094790062,2.9960307513523805,0.8,1.1494827839561197,1.2735399421307843
LV007,visible,Selection,mll,793.3468617903604,1613.5113810005773,0.8165464119642878,0.9532001324617047,0.9787697751611715,0.8,1.0931191563272353,1.549708418221403
LV007,visible,Matching,mll,791.2963057233267,1609.4102688665098,0.8226333200235199,0.9512721336003268,1.2124402891547537,0.8,1.122346611573573,1.5489445151108037
LV008,visible,Averaging,mll,132.85359743414404,286.2503886164891,0.8664090141243643,0.14842587867894702,2.9915958148032953,0.8,1.0673129355842033,1.0093133668447916
LV008,visible,Selection,mll,133.4195624932314,287.38231873466384,0.8641201638917437,0.2264113238312767,2.9964733308124094,0.8,1.060934415767863,1.05618825199399
LV008,visible,Matching,mll,133.38672925573303,287.3166522596671,0.8646097623324427,0.0011743764810675315,2.9984034034258586,0.8,1.0624870522452645,1.0348890149526773
LV009,visible,Averaging,mll,381.5155263461519,787.8330893884745,0.9090456609378714,0.003119274706144632,2.990878473169233,0.8,1.0206224362812015,0.9654859500630494
LV009,visible,Selection,mll,381.4521661137932,787.7063689237572,0.9087027462698645,0.25694290706123224,2.9993044628883885,0.8,1.0209417971410975,0.95842256693657
LV009,visible,Matching,mll,381.49649696071106,787.7950306175928,0.909193165652552,0.0004776742830511202,2.9989379980866278,0.8,1.0208185939533578,0.9672523663846374
LV011,visible,Averaging,mll,363.1100581768737,749.5358988241882,0.7401376204384682,0.9236130844113012,0.8168467098405803,0.8,1.4220556716282426,2.9984934233809124
LV011,visible,Selection,mll,349.3798871764881,722.0755568234171,0.8149527011557177,0.39704545328081314,2.431929787278973,0.8,2.0700042865589987,2.995470739681323
LV011,visible,Matching,mll,362.0069254233937,747.3296333172282,0.7405125460772211,0.8679575039166035,0.8124267650820749,0.8,1.3867906992478964,2.999753107981141
LV015,visible,Averaging,mll,655.1760160071674,1336.999450976516,0.8907909158006893,0.00046174650183511694,2.9950158433416143,0.8,0.8945873453183442,1.0684944370727139
LV015,visible,Selection,mll,752.1161810398976,1530.8797810419765,0.7137697098412453,0.8916909396137639,0.4599089495341813,0.8,2.9192005426808594,1.2040554620818131
LV015,visible,Matching,mll,655.2372662350544,1337.1219514322902,0.8901189397947413,0.0003696957790417111,2.9983703250791107,0.8,0.899207027847582,1.0464351905595874
LV016,visible,Averaging,mll,113.69687879843588,245.89364885000884,0.7031325678565588,0.006890030856322013,2.9854275349542787,0.8,1.106074162951053,0.7960333692627167
LV016,visible,Selection,mll,113.82786537101664,246.15562199517038,0.6996920953802986,0.0016714137015318433,2.8006693929430853,0.8,1.0640713973506482,0.7976753892390415
LV016,visible,Matching,mll,113.68213563780166,245.86416252874042,0.70340243547405,0.0004175581319258365,2.9618200975785323,0.8,1.0999941715940629,0.8047611917652421
LV017,visible,Averaging,mll,713.4739521883672,1453.7655617965909,0.8193600832851267,0.0019163445751453425,2.998682645338053,0.8,0.9158128460051433,1.0546871564809293
LV017,visible,Selection,mll,713.7749804499551,1454.3676183197667,0.820073903173851,0.3734650560472368,2.9981804985073905,0.8,0.9209389203970422,1.0554250520585442
LV017,visible,Matching,mll,713.4867128510363,1453.791083121929,0.8210122181358068,0.0003810729129196057,2.998053895637232,0.8,0.9210202040734973,1.0668762085902097
LV018,visible,Averaging,mll,801.35816861907,1629.5339946579966,0.8088353792506645,0.7053264478185216,2.9817610653597666,0.8,1.0585216576928342,1.3486483666554312
LV018,visible,Selection,mll,809.0913797227716,1645.0004168653998,0.8022398778580573,0.9123902730955857,2.558505092653891,0.8,0.9789690506117348,1.3567380524909285
LV018,visible,Matching,mll,818.5983126946537,1664.014282809164,0.7881495992568985,0.986709521271691,1.0794005262007043,0.8,0.9887617465929616,1.7261420371167966
LV019,visible,Averaging,mll,660.9046251578495,1348.542694098764,0.8105042246094624,0.9942084292183457,2.9469500194858838,0.8,2.265021408725985,2.709824050701961
LV019,visible,Selection,mll,658.8348621905802,1344.4031681642255,0.8172208291738468,0.9924813599155514,2.965363433509552,0.8,1.7314016793940379,1.897189001821958
LV019,visible,Matching,mll,662.1449122071768,1351.0232681974187,0.8125946820235201,0.9858712321160424,1.7838131991072637,0.8,1.3616723260236434,1.7493844285780011
LV020,visible,Averaging,mll,911.5539547381993,1849.925566896255,0.7680381124621695,0.9239969617230366,2.9973930536644198,0.8,2.082647275186395,2.828471999398013
LV020,visible,Selection,mll,913.5927340464914,1854.0031255128392,0.7709888930920067,0.879486892745058,2.9945606447282573,0.8,2.0973727262522006,2.9290619723828777
LV020,visible,Matching,mll,948.7521072301187,1924.3218718800938,0.7014939130492492,0.990256137746545,0.7650922560157396,0.8,1.4186551864662968,2.9871275855705965
LV021,visible,Averaging,mll,579.1711335989878,1184.4306383906562,0.855952742658529,0.0005064475728428648,2.992057567943218,0.8,0.9631962405249571,0.9878236267024536
LV021,visible,Selection,mll,579.3658438908546,1184.82005897439,0.8546431180073996,0.36221445357679555,2.997124431169962,0.8,0.9554199774646898,0.9836787957372114
LV021,visible,Matching,mll,579.1025931362319,1184.2935574651444,0.8546727312185378,0.00020706925959738164,2.9980569570476527,0.8,0.9573488382372789,0.9789661232153737
LV022,visible,Averaging,mll,310.0083788290138,643.8915878979691,0.8757243326098447,0.002723270833846624,2.9985722606732277,0.8,1.1237910456764155,0.8486955557748748
LV022,visible,Selection,mll,310.00210349256224,643.879037225066,0.8744991893585855,0.0007734704844671877,2.9976958939848934,0.8,1.1093886999425175,0.8529482630106577
LV022,visible,Matching,mll,310.00091282400837,643.8766558879582,0.875043860787182,0.0003317023759999182,2.9990111638161334,0.8,1.121610943383196,0.8449146391478584
LV023,visible,Averaging,mll,347.72556214241547,717.6161784654646,0.5962755366524026,0.9325924607485796,2.1028625447677847,0.8,2.904732626316487,1.5606232050109763
LV023,visible,Selection,mll,354.01608393255106,730.1972220457358,0.495838742209491,0.7471133282288781,0.7888720253664608,0.8,2.9985688047234245,2.5007742719036044
LV023,visible,Matching,mll,353.3689764191032,728.9030070188401,0.5030441111603109,0.7920539320311893,0.8185399343456742,0.8,2.966582198646317,2.342124078117696
LV024,visible,Averaging,mll,686.5921799572632,1397.229428612143,0.24659624613759024,0.6728097618459062,0.8212646564843266,0.8,2.4111224124543393,2.9860642517188185
LV024,visible,Selection,mll,683.8225579361296,1391.6901845698758,0.27074526560510437,0.7417950962213142,0.8348182785662249,0.8,2.3651980666120194,2.9378480999961574
LV024,visible,Matching,mll,683.5534175863105,1391.1519038702377,0.26560695278352,0.653097340751074,0.8488092403786227,0.8,2.393380062676766,2.674725527081523
LV025,visible,Averaging,mll,374.4844341198964,772.4798113669113,0.8341251209198925,0.009809969804156845,0.48415903767818524,0.8,2.0762142677913924,2.495292197098289
LV025,visible,Selection,mll,375.54895750579396,774.6088581387065,0.8119846501019108,0.41081816402927945,2.2951201525287894,0.8,1.2263957027223908,1.0567309329145078
LV025,visible,Matching,mll,369.6252771849663,762.7614974970512,0.822125974895035,0.0016431098339136116,2.9988868315660175,0.8,1.2531904830975036,0.8600705514699892
SV103,visible,Averaging,mll,845.497870096173,1717.729183975411,0.8198295752068615,0.6006345486914313,2.9947109902859474,0.8,1.0534251377532395,1.169582349556761
SV103,visible,Selection,mll,860.4485266738109,1747.6304971306868,0.7879611740967419,0.623009821276413,2.306183824298786,0.8,0.9059062625908301,1.1462876996604083
SV103,visible,Matching,mll,854.4056899609169,1735.5448237048988,0.7962965111752873,0.7527585262298929,2.970750916380728,0.8,0.9709251038609601,1.077327399244689
SV110,visible,Averaging,mll,780.5450926381457,1587.9078426961478,0.8121440924830493,0.748737035794298,2.9390367635530006,0.8,1.156542933303371,1.314643444058488
SV110,visible,Selection,mll,788.3155843664764,1603.4488261528093,0.7964409996034743,0.8727161414314726,2.9432790217782303,0.8,1.1028646158954896,1.2144937565621752
SV110,visible,Matching,mll,805.2951650644633,1637.407987548783,0.7743862352636466,0.9863761557021491,1.0260134977859419,0.8,1.3412975817801107,1.815485808508491
SV111,visible,Averaging,mll,734.6807111719598,1496.0948661269847,0.8446540129822562,0.9724772836626615,2.8286003355929474,0.8,1.8976122759797012,2.779944192591154
SV111,visible,Selection,mll,731.5255423508809,1489.7845284848268,0.8571068980156258,0.7639398430775679,2.9877045048312634,0.8,1.4574329041875818,1.9568535492578278
SV111,visible,Matching,mll,743.6759779020775,1514.08539958722,0.8398368279985226,0.9927224483981233,1.055800021827572,0.8,1.6156388088418534,2.964166502680468
SV113,visible,Averaging,mll,764.9810366365648,1556.6094922353109,0.7753546635241353,0.8774291695868628,2.9514944942892614,0.8,1.2918028878147123,1.468880453737261
SV113,visible,Selection,mll,794.5231709923968,1615.6937609469749,0.7153845004653123,0.9913826729244909,0.8064332533909522,0.8,1.9229103684122848,2.995434639511053
SV113,visible,Matching,mll,767.8731923034521,1562.3938035690855,0.7718273214477632,0.9982717777847017,2.8631974117712296,0.8,1.3770210117476374,1.6583448309191997
SV119,visible,Averaging,mll,717.589287254064,1461.912018291193,0.844564171808516,0.2223031723874346,2.9916956752896002,0.8,1.0335694981179788,1.154633088705588
SV119,visible,Selection,mll,720.8891665181611,1468.5117768193873,0.8392367042041297,0.34240896556031947,2.994379733433733,0.8,1.0412675451865079,1.2038740503788468
SV119,visible,Matching,mll,720.7569925730393,1468.2474289291436,0.8395682599758179,0.0009680341515391942,2.996978558182432,0.8,1.0436012723555916,1.1905650500112086
SV201,visible,Averaging,mll,692.520823125607,1411.8593036710704,0.8691098943666785,0.6516251722830922,2.9978353326769107,0.8,1.0573770168696173,1.2959185728332463
SV201,visible,Selection,mll,711.3631469301292,1449.543951280115,0.8385436184843672,0.602131460377463,2.7734225845558407,0.8,1.1599354191079592,1.4140233424666075
SV201,visible,Matching,mll,703.9336069270105,1434.6848712738774,0.8517639996281084,0.9163879911827052,2.9115864813843224,0.8,0.9954149756296421,1.2562579558344866
SV202,visible,Averaging,mll,662.9539277329513,1352.7255128857591,0.9001101319402635,0.0006969838175087933,2.995923188732799,0.8,0.9135329442486594,1.0281528184895408
SV202,visible,Selection,mll,663.4095716915094,1353.6368008028753,0.8995927545150331,0.3705532989170066,2.9961150539840857,0.8,0.9144764454075289,1.024360397670681
SV202,visible,Matching,mll,662.9547297086385,1352.7271168371335,0.8999877306356461,0.0003389383628661308,2.99918794247672,0.8,0.9182278940262848,1.02112300506085
SV203,visible,Averaging,mll,662.8710705253793,1352.559798470615,0.8226635784237623,0.9040809357389751,2.967415844993358,0.8,1.45049170769999,1.6991052306735288
SV203,visible,Selection,mll,688.9528485460999,1404.7233545120562,0.7863244523934672,0.9831990243628657,0.7929988407699752,0.8,1.39841794396939,2.8551193435860256
SV203,visible,Matching,mll,677.6705836515288,1382.158824722914,0.8064963165157538,0.9858467259062443,1.1512599755313513,0.8,1.1965582897666502,2.00064821321462
SV204,visible,Averaging,mll,741.0957282632224,1509.0091139463013,0.8115226867236112,0.9194449062450704,2.960681727090438,0.8,1.2068276007685925,1.712642155999961
SV204,visible,Selection,mll,744.7588274263444,1516.3353122725453,0.8039254685601398,0.9354300659885687,2.82841143388948,0.8,1.4041814663621814,1.9198375504749872
SV204,visible,Matching,mll,777.0098228148153,1580.837303049487,0.7571696202338879,0.9960334967764579,0.73401419038083,0.8,1.3259439231046788,2.9519852123271653
SV205,visible,Averaging,mll,781.6740296944686,1590.1657168087936,0.843444134291543,0.15315836835863392,2.9950994114670997,0.8,0.9695613124861474,1.044697026846879
SV205,visible,Selection,mll,783.9276912241153,1594.673039868087,0.8454679686502583,0.342655574473099,2.9981659429636713,0.8,0.965652094520583,1.1134241567516892
SV205,visible,Matching,mll,783.6606856298365,1594.1390286795295,0.8464403456693339,0.002976043961643896,2.996200222443122,0.8,0.9782716908692077,1.1057518317945993
SV206,visible,Averaging,mll,876.3798702132646,1779.5773978463856,0.8549210543438339,0.6105041435918401,0.9240287657176129,0.8,1.6103879148605682,2.7417611108577176
SV206,visible,Selection,mll,874.8683115888341,1776.5542805975247,0.8575498232046431,0.41582808218098183,0.9404214825542333,0.8,1.504743385398777,2.7963359885298926
SV206,visible,Matching,mll,875.3458964131767,1777.5094502462098,0.859954914890438,0.5213489145891556,0.8103553124374717,0.8,1.4775385716236071,2.647670406835885
SV207,visible,Averaging,mll,671.5109456721659,1369.8395487641883,0.8758319443854483,0.0003954221042295665,2.997426823576392,0.8,0.9811265742052186,0.9992129405646702
SV207,visible,Selection,mll,671.4717937884744,1369.7612449968053,0.8758690136923761,0.3463705328838558,2.9983398797342407,0.8,0.97782971819828,1.003043243367865
SV207,visible,Matching,mll,671.4652516021958,1369.7481606242482,0.8758321729087253,5.985369314314363e-05,2.998686182806252,0.8,0.9800807109947303,0.9998122402137981
SV208,visible,Averaging,mll,824.9300401333144,1676.6777376864852,0.7746535507558822,0.9979114308576145,1.8746767187007376,0.8,1.7611164702566293,2.8496677797869125
SV208,visible,Selection,mll,818.7756677410608,1664.3689929019781,0.7952142404928353,0.9375386872007864,2.6223314156832416,0.8,1.2009518016444127,1.6955185511284432
SV208,visible,Matching,mll,818.6938279286076,1664.2053132770716,0.7936360090097132,0.9986411898844684,2.7112023070407134,0.8,1.275715825937386,1.6510776602561792
SV209,visible,Averaging,mll,657.3860662332157,1341.589789886288,0.8596956155270848,0.8713021370468421,2.9926457040148584,0.8,1.2464435040563584,1.610335122026829
SV209,visible,Selection,mll,659.8213663178933,1346.460390055643,0.8563106221480654,0.8108865575560485,2.8418895012785867,0.8,1.2767706018445573,1.6863544459737263
SV209,visible,Matching,mll,674.0803768509352,1374.9784111217268,0.8332114257212976,0.9936376064338895,1.0162085795369253,0.8,1.6120266499752232,2.7790654363717735
SV210,visible,Averaging,mll,759.3448272756912,1545.5073119712388,0.786916732958882,0.9480024197982704,2.9874137837100014,0.8,1.2892741217871613,1.9229775922241579
SV210,visible,Selection,mll,783.9839558284475,1594.7855690767515,0.7515684918924317,0.9922073443979745,0.7754612961895655,0.8,1.4323740494853923,2.9415067092910046
SV210,visible,Matching,mll,765.018088938491,1556.8538352968385,0.7876934767106701,0.9988076893259115,1.5206219762823598,0.8,1.068841890154399,1.7436337885467437
SV211,visible,Averaging,mll,708.1767035829024,1443.1710645856613,0.8725657810334948,0.46152980744250677,2.998481059552574,0.8,1.000048514041225,1.1620002296016334
SV211,visible,Selection,mll,725.0672905350999,1476.9522384900563,0.8427328657305615,0.3060174493675707,2.9557696709041132,0.8,1.063968644721551,1.2528286812751188
SV211,visible,Matching,mll,717.9770389828739,1462.7717353856042,0.8558739543987925,0.3642564178358824,2.990243627700509,0.8,0.9783709468212124,1.1262770690509054
SV212,visible,Averaging,mll,725.1783890444464,1477.1744355087492,0.8573665811277145,0.000200476525687287,2.9978739555893417,0.8,0.9799169928324692,1.0652067570710357
SV212,visible,Selection,mll,725.2100940466484,1477.2378455131532,0.8571506196328569,0.3873447239588355,2.9954408231000325,0.8,0.969045101691773,1.094859162450374
SV212,visible,Matching,mll,725.2534544636288,1477.3245663471141,0.85723801501652,0.00025779089448052636,2.99835897696811,0.8,0.9806760493133998,1.0632317362053065
SV213,visible,Averaging,mll,744.3169551826863,1515.4515677852291,0.8232005257424212,0.7982482042327741,2.977247327369912,0.8,1.1050388552919197,1.4643931528876812
SV213,visible,Selection,mll,748.9482401244275,1524.7141376687114,0.8187500583186865,0.9890110907574596,2.920934377240795,0.8,1.1068457141198675,1.4647778306884298
SV213,visible,Matching,mll,764.7857686398138,1556.389194699484,0.7939961887527514,0.9992982594261139,0.966263515720866,0.8,1.305676449373534,2.3216862681337624
SV214,visible,Averaging,mll,572.2838504006709,1171.3853582211982,0.9132452448330838,0.004093192502817276,2.9986960319899763,0.8,0.9322107287552658,1.0697036958703865
SV214,visible,Selection,mll,572.4490630065841,1171.7157834330246,0.9130267090682344,0.37632863241279363,2.998418867881911,0.8,0.9327288474575581,1.063131239573404
SV214,visible,Matching,mll,572.3420052829267,1171.50166798571,0.9128827444152936,0.0002170461128216918,2.998413685893628,0.8,0.9298869748932659,1.0672716641606323
SV215,visible,Averaging,mll,699.853214788459,1426.439873359983,0.8657342289944547,0.999690998129984,2.8389881745434686,0.8,1.3046179122752117,1.1728767408996879
SV215,visible,Selection,mll,704.1890415760579,1435.1115269351808,0.8471792630224031,0.8370922513352341,1.1306634564367033,0.8,2.1570834564096826,2.697321992231087
SV215,visible,Matching,mll,704.4572570078363,1435.6479577987377,0.8482011047171449,0.9641043842918195,1.0702476273132324,0.8,1.9235907263929282,2.352325904146498
SV216,visible,Averaging,mll,645.4766881882426,1317.7710337963417,0.8744823046366845,0.9185646017990464,0.7993360170469646,0.8,1.0798681782877295,1.7527883216902547
SV216,visible,Selection,mll,642.1903163465563,1311.198290112969,0.856574135418,0.03184578496806861,2.469510493561052,0.8,1.0018685539461982,1.265022679656079
SV216,visible,Matching,mll,626.744295996527,1280.3062494129103,0.894504769260127,0.4865788220733616,2.9753397617914428,0.8,0.9854192635850055,1.2028617293236175
LV001,invisible,Averaging,mll,682.1915454465318,1389.7019745151545,0.19836332039400506,0.0002800526581609813,0.8526407741806123,0.8,1.2122024248999361,0.10002916956795722
LV001,invisible,Selection,mll,672.2193563835315,1369.7575963891538,0.25879104809180353,0.3388872585428997,0.8473529307979231,0.8,1.1115689339894363,0.10012337164044302
LV001,invisible,Matching,mll,683.2460015267286,1391.810886675548,0.19436093038181512,0.00017217038223901288,0.8501492819347405,0.8,1.2468949354707668,0.10250279433168095
LV002,invisible,Averaging,mll,694.8530452231876,1415.2603360685575,0.36547461946598203,0.9399225491351488,0.8301028760161747,0.8,2.9698222072451417,0.4907447494903966
LV002,invisible,Selection,mll,689.7121281245527,1404.9785018712878,0.3838471985397155,0.7647481298731081,0.8266603773957236,0.8,2.9710088421116807,0.1661965037006022
LV002,invisible,Matching,mll,669.1063017184936,1363.7668490591695,0.47161615386059585,0.9552846666353818,1.1498418474858745,0.8,2.3152502907054133,0.3886809211435719
LV003,invisible,Averaging,mll,315.6253539172412,653.1397905291684,0.0995021698488735,0.00012827418000672925,0.8508285185131439,0.8,1.4369993761241457,0.10130185853943503
LV003,invisible,Selection,mll,309.41036282805044,640.7098083507868,0.1798074086165855,0.3548577393984541,0.8549502582628259,0.8,1.0603141782469587,0.10063121782917181
LV003,invisible,Matching,mll,315.3718654649758,652.6328136246376,0.10199956661262843,0.0019879535575444084,0.8539536546138493,0.8,1.437876372380084,0.10013820396457111
LV005,invisible,Averaging,mll,316.81515821693154,656.7409257267537,0.5752325688540489,6.876750256625124e-05,1.0259794762917616,0.8,2.998174592990515,0.10151619254232705
LV005,invisible,Selection,mll,319.63427386518936,662.3791570232694,0.5434084539612531,0.3543201362840011,0.8437841440766912,0.8,1.475447162947443,0.10213132290843724
LV005,invisible,Matching,mll,324.1925542388241,671.4957177705388,0.5057649863097942,0.03174319111994782,0.8583357787467087,0.8,1.9158229833332465,0.1025698743343363
LV008,invisible,Averaging,mll,751.4523744387109,1528.787946892552,0.2420438683448607,0.00011507922466526069,0.8607144214900504,0.8,1.1667517636881553,0.10021143844028585
LV008,invisible,Selection,mll,599.2760123796161,1224.4352227743625,0.7820919959686257,0.4215038165098753,2.9963336728413914,0.8,1.1083634470752575,0.10039403233830169
LV008,invisible,Matching,mll,752.796751945456,1531.4767019060423,0.2373249059172371,0.00021969657339101966,0.8564755865169467,0.8,1.2473002700147184,0.10071226775502322
LV009,invisible,Averaging,mll,344.41425957456784,711.9391284420263,0.3881034377105014,4.531686399904536e-05,0.8579106560460178,0.8,1.1556366089580095,0.10072170427892074
LV009,invisible,Selection,mll,342.49085889572046,708.0923270843316,0.4254170219052813,0.31429801723776174,0.8410915621745888,0.8,1.0195197539169467,0.10010302382808951
LV009,invisible,Matching,mll,344.49297566635653,712.0965606256037,0.3874776721914417,0.0004116239270562891,0.8568758655598158,0.8,1.1556525004831977,0.10018100470943109
LV011,invisible,Averaging,mll,591.4304970609409,1207.5226655388074,0.28049611705948985,0.003609644798172273,0.8450958147928846,0.8,2.956076897553224,0.1090924812784799
LV011,invisible,Selection,mll,594.5643196804399,1213.7903107778054,0.2629813687561783,0.1516148924726487,0.8232209322180218,0.8,2.580081403253354,0.11871631228416867
LV011,invisible,Matching,mll,591.4345420383654,1207.5307554936564,0.2804376591866825,0.003793318132329104,0.8436860880133208,0.8,2.985818612393479,0.10564352933656392
LV012,invisible,Averaging,mll,950.463831224147,1927.7453198681505,0.2459407972374691,0.0019230238104163352,0.8505067241967533,0.8,1.1543399788968427,0.10022985772039422
LV012,invisible,Selection,mll,938.1354177650884,1903.0884929500332,0.2956845658347633,0.3414474069390395,0.8207199834472525,0.8,0.975771655574945,0.10007390909935023
LV012,invisible,Matching,mll,950.1913743267974,1927.2004060734512,0.2474053745210174,0.0014398354398284208,0.8498153212520914,0.8,1.1288032972822755,0.10017458129954766
LV013,invisible,Averaging,mll,985.3607331483163,1997.539123716489,0.2648360963097579,0.00010094965260411411,0.8540032121203032,0.8,1.151721702516806,0.10008482763476029
LV013,invisible,Selection,mll,976.8183705481854,1980.4543985162272,0.31544266783701624,0.3413713889298661,0.8421260330282001,0.8,1.1617046381041984,0.10018627714360652
LV013,invisible,Matching,mll,985.233845436915,1997.2853482936864,0.2652249201828959,0.001453870069065624,0.8551200985423697,0.8,1.165239053220008,0.10034572925433591
LV015,invisible,Averaging,mll,26.102739977501173,66.310922053467,0.5683991187492065,0.8212931522417518,2.999196103725272,0.8,0.9856386144095718,0.18167487897706067
LV015,invisible,Selection,mll,28.875723599444534,71.85688929735372,0.42607136504181997,0.18475152750798782,0.7233583897048207,0.8,1.0839728186777398,0.10731446159643215
LV015,invisible,Matching,mll,28.84399156996117,71.79342523838699,0.4267936633220262,0.00034149655520147783,0.6784365642243321,0.8,1.074373064246085,0.1007583170393171
LV016,invisible,Averaging,mll,835.0387060011574,1696.360943851673,0.2382334045526613,0.00016537325132750245,0.8538070065670356,0.8,1.0242904636440133,0.10072183846914244
LV016,invisible,Selection,mll,827.3354606488026,1680.9544531469635,0.2887843273948948,0.32552630855108045,0.8341404935069403,0.8,0.9290954667702542,0.10136675476470319
LV016,invisible,Matching,mll,834.4237963089838,1695.131124467326,0.24025076338337348,0.0012858986371548653,0.8553611609593333,0.8,1.0474929964268167,0.1001985208914967
LV019,invisible,Averaging,mll,27.564952379440307,66.46275813510547,0.09443092670716968,0.915331637379387,0.8232436503241047,0.8,2.7484362353817966,0.1123078432579168
LV019,invisible,Selection,mll,27.02672746863064,65.38630831348614,0.14670370354861817,0.74994407084505,1.113850422917332,0.8,1.713321528604892,0.11471732785125371
LV019,invisible,Matching,mll,26.90700251358866,65.14685840340219,0.17250764904113658,0.930557349916967,1.5706631006302436,0.8,1.9526342677571038,0.1387871240948046
LV021,invisible,Averaging,mll,181.4545208911504,382.559661325245,0.16519646865383042,0.0001400869556800609,0.8538275873988069,0.8,1.20740666161915,0.10064283159846933
LV021,invisible,Selection,mll,180.92409414142597,381.4988078257961,0.17403753940606592,0.17893877484376589,0.8649516773771243,0.8,1.2896601057578645,0.100896203777161
LV021,invisible,Matching,mll,181.30023772075515,382.2510949844545,0.16601642986291554,0.0002483558309858735,0.8540582483591673,0.8,1.2523099911728475,0.10157767386499238
LV022,invisible,Averaging,mll,472.44304726503816,969.094451205774,0.33655846379539733,0.0003191296388392253,0.8610581320695472,0.8,1.2465908194451543,0.10018918209131579
LV022,invisible,Selection,mll,469.64875513783045,963.5058669513586,0.37779525192098706,0.32670094917682774,0.8430396516036203,0.8,1.0689750207955488,0.10008022961755005
LV022,invisible,Matching,mll,472.8943469262063,969.9970505281103,0.33472486874458085,0.005312125504697626,0.8596599645297489,0.8,1.2400472721712472,0.10041282613949197
LV023,invisible,Averaging,mll,712.9473943360131,1451.213672294117,0.2451806162536999,0.0004702717847869547,0.8485601831658149,0.8,1.865395302916381,0.10036207767736448
LV023,invisible,Selection,mll,705.9098552845742,1437.1385941912392,0.2824375794631473,0.3949408898425875,0.823564579914042,0.8,1.2789982711439787,0.10149371576850572
LV023,invisible,Matching,mll,712.7523605661261,1450.823604754343,0.24572977774401938,0.0012937698309528245,0.8505660154832693,0.8,1.7905412498820068,0.10017723126274881
LV024,invisible,Averaging,mll,563.0872210389882,1150.219510775593,0.13688287387650688,4.446923987112995e-05,0.8536115954230499,0.8,1.1369318444811518,0.100051224126212
LV024,invisible,Selection,mll,556.1020149713648,1136.2490986403463,0.20397542139622893,0.3527644685556151,0.846355114988513,0.8,1.0861586382000705,0.10006320433064332
LV024,invisible,Matching,mll,563.918948643965,1151.8829659855467,0.1318522821251611,9.135752034447649e-05,0.8496144118623835,0.8,1.1645648360596776,0.10039781800025868
LV025,invisible,Averaging,mll,466.9299837638191,958.3761683678804,0.3171782157881794,0.0007461849458845861,0.8536961059205792,0.8,1.2129011436403465,0.10019239913589152
LV025,invisible,Selection,mll,460.0597173106304,944.6356354615029,0.3721911937792538,0.34776753489922346,0.8624651441194188,0.8,1.2392162030874765,0.10015478527683762
LV025,invisible,Matching,mll,466.6045284671889,957.72525777462,0.31865462080680584,0.00154390762944061,0.8558186950597415,0.8,1.2179968303655615,0.1010520486417709
SV103,invisible,Averaging,mll,7.741023901797066,26.814901179818996,0.551445528279422,0.0005456229972440452,2.978692714376763,0.8,1.4323016719055097,0.1266234911598664
SV103,invisible,Selection,mll,7.736549349097382,26.80595207441963,0.5527124220727258,0.21859275634505887,2.9867216026154226,0.8,1.4465884451838844,0.1208068978149773
SV103,invisible,Matching,mll,7.754879519717554,26.84261241565997,0.5567258179352248,0.024693708168941737,2.9618723882017175,0.8,1.4874779860785605,0.10241497797738809
SV111,invisible,Averaging,mll,10.329503665870252,31.99186070796537,0.6583063071124494,0.062252756768406366,2.9390225330506814,0.8,0.9390436960467241,0.10055427192099875
SV111,invisible,Selection,mll,9.053756186405892,29.440365749036648,0.6870459198748404,0.3889925527772541,2.9861128907042382,0.8,0.9496523506322828,0.10005941212899351
SV111,invisible,Matching,mll,13.59866666872254,38.53018671366995,0.2700798857220469,0.03331132372147644,0.8547081109681365,0.8,0.9448663871570884,0.10019296908025196
SV113,invisible,Averaging,mll,16.857230415935703,47.819902930336056,0.5563912380107225,0.0017342354907512129,0.850802168807463,0.8,1.1448465686958074,0.10223726009092755
SV113,invisible,Selection,mll,16.518127932994382,47.141697964453414,0.5876859072557561,0.3217125233227514,0.8604506725391503,0.8,1.0479870971055814,0.10043704029795499
SV113,invisible,Matching,mll,16.786779745753787,47.679001589972216,0.5605012890155657,0.012191566134122265,0.8601937494452803,0.8,1.1452300985633757,0.10082480121436772
SV119,invisible,Averaging,mll,14.666879544064834,40.66661246435453,0.5712289960251207,0.3084532879693347,0.8547254253085305,0.8,1.2197724790981381,0.10784798201288087
SV119,invisible,Selection,mll,14.412696819318917,40.158247014862695,0.5982535770548102,0.4749626012275997,0.8174156786183105,0.8,1.0402163079438698,0.1128272299495108
SV119,invisible,Matching,mll,14.58794160924079,40.50873659470645,0.5783618280431063,0.4178832603001224,0.8750889572869209,0.8,1.1627101838262444,0.1027098157019353
SV215,invisible,Averaging,mll,28.427500194603617,68.1878537654321,-0.04918347789074917,0.0031688922325202517,0.8614235291039947,0.8,1.0589932742631978,0.10009824832308058
SV215,invisible,Selection,mll,27.70445428056769,66.74176193736024,0.01485740819268122,0.3534722848149366,0.8707895537715716,0.8,0.9010919410508116,0.10014341478434813
SV215,invisible,Matching,mll,25.406976588476343,62.146806553177555,0.2765067230904491,0.13634916722179957,2.9633722418470794,0.8,1.4075524598333824,0.10012908270539315
LV001,5,Averaging,mll,284.5848075276102,591.5928233204045,0.8173077995904112,0.19357549534527832,0.4579094639323519,0.8,1.7492311471384638,2.314640106242493
LV001,5,Selection,mll,284.94080401696226,592.3048162991086,0.8154163044547442,0.3885412303916646,0.4691055115721767,0.8,1.3724520843481136,1.9327336999046305
LV001,5,Matching,mll,284.71258224399236,591.8483727531687,0.8186918657492182,0.16318341247086846,0.45993170097308517,0.8,1.7558609914981316,2.564790559759662
LV002,5,Averaging,mll,378.2360173358827,778.8952429369494,0.2771248639899402,0.8065696224985214,0.8405996049927911,0.8,2.995355430071596,0.5133048355156513
LV002,5,Selection,mll,353.67249365486407,729.7681955749122,0.5477220119324342,0.6585712287556218,2.991200249127131,0.8,2.877506349501683,0.1150807359363325
LV002,5,Matching,mll,374.22643558725395,770.8760794396919,0.3173465107881749,0.8035332796135854,0.878419932390091,0.8,2.9952075100849638,0.6302680492781799
LV003,5,Averaging,mll,335.53259387889443,693.4883960229729,0.5981534809301816,0.5187295781483082,0.8097170361400774,0.8,2.972914385038505,1.2777172796599867
LV003,5,Selection,mll,328.13704479762964,678.6972978604433,0.6758689862993774,0.6643252774749673,1.1089844328701484,0.8,2.9535925513127412,0.6990540584855064
LV003,5,Matching,mll,331.4120662122954,685.2473406897748,0.6426015564582963,0.6607494111122867,0.9129445804791119,0.8,2.9781758159527887,1.2006284754801595
LV005,5,Averaging,mll,267.12466320847074,556.6725346821255,0.7488732346138481,0.08095195735760903,0.8515985169123573,0.8,2.5299343309756672,0.1030815023423599
LV005,5,Selection,mll,264.4602527871958,551.3437138395757,0.7678305069577525,0.37829888425235114,0.7906702041156752,0.8,1.4371607321047069,0.10036294253308174
LV005,5,Matching,mll,266.3151206217524,555.0534495086888,0.7562612730322471,0.17368252283762273,0.8344865333072541,0.8,2.389147727151049,0.10346475727453404
LV007,5,Averaging,mll,299.1058866929516,620.6349816510872,0.7822762986469589,0.6062533786054726,2.994273696769333,0.8,1.1238185390821762,1.2182682248719827
LV007,5,Selection,mll,302.85971509476127,628.1426384547066,0.7570292132934826,0.5135560021062756,2.995803609383141,0.8,0.9776183731529818,1.1849396223759519
LV007,5,Matching,mll,302.0438739259996,626.5109561171832,0.7606764747589894,0.49986166430860546,2.9863737927247533,0.8,1.0689213553645496,1.1830992093505703
LV008,5,Averaging,mll,253.17148353188358,528.7661753289511,0.8748404237324013,0.041502905681361384,2.9632493637265753,0.8,1.3920301392898264,0.546143199629135
LV008,5,Selection,mll,253.23217807131223,528.8875644078084,0.8770997963582804,0.2373491094885502,2.9976913919548727,0.8,1.4496965052715438,0.5486883650264661
LV008,5,Matching,mll,259.50161876150764,541.4264457881993,0.8425547355858254,0.00012749919805976292,0.8563385562372238,0.8,1.564518540241831,0.10209278478325841
LV009,5,Averaging,mll,250.79752436916192,524.0182570035079,0.8667483692113478,0.0013113456147174686,0.6493480772517087,0.8,1.4777730350868872,0.116740808456343
LV009,5,Selection,mll,245.34841630906436,513.1200408833128,0.8864158427795084,0.08060775012411622,2.9908006530644444,0.8,1.229616019201767,0.6518497963984896
LV009,5,Matching,mll,251.59449417164362,525.6121966084712,0.8548305411359441,0.003480952161137278,0.8558817092475337,0.8,1.3052639165329973,0.30622623979041474
LV011,5,Averaging,mll,361.5757320814281,745.5746724280402,0.3820880005792685,0.0017829057061048627,0.8371687587736667,0.8,2.988719970411746,2.309149565524106
LV011,5,Selection,mll,352.85908247695215,728.1413732190883,0.5040111030953331,0.3007271110969877,1.0613407100395027,0.8,2.9937075737959686,0.22676909407457901
LV011,5,Matching,mll,360.42384998280477,743.2709082307936,0.39694930000871964,0.15859759189794473,0.8528865317356974,0.8,2.9989904881148255,1.5366847764768652
LV012,5,Averaging,mll,355.18485610893845,732.7929204830609,0.14946588460779942,0.00320348230965576,0.8483525593435711,0.8,1.2671064876671732,0.10033268207781489
LV012,5,Selection,mll,347.91889082363565,718.2609899124553,0.22506053316599162,0.3793865051870774,0.8222465465406569,0.8,0.9908459960151514,0.10005800642512969
LV012,5,Matching,mll,354.53343152200284,731.4900713091897,0.15657433702174517,0.004560254368986321,0.8561182134133692,0.8,1.220411475367832,0.10049767078684074
LV013,5,Averaging,mll,292.62159775128754,607.6664037677591,0.3549442128548951,0.00015670829295182204,0.8549707436217321,0.8,1.152760956161124,0.10101497474659456
LV013,5,Selection,mll,288.79247472474987,600.0081577146838,0.4049161543979851,0.3441683923122158,0.8451466057554196,0.8,1.0838342802871315,0.1003180125446873
LV013,5,Matching,mll,292.66086585135906,607.7449399679022,0.3542020766729488,0.0010195710822888339,0.8544862304929314,0.8,1.127558962250429,0.10005756905591268
LV015,5,Averaging,mll,186.69379194288507,395.8107921509541,0.9240839683235359,0.0012762207564180963,2.9931844527156133,0.8,0.8113571445643614,1.1033598512387257
LV015,5,Selection,mll,186.556097193403,395.53540265198995,0.9276344045681548,0.23654646175373037,2.999520160378268,0.8,0.835163016125177,1.1053051447639082
LV015,5,Matching,mll,186.69987921108236,395.8229666873487,0.9269029137518364,0.00033755580607803593,2.9977195773699483,0.8,0.8436212561363153,1.0898248076168433
LV016,5,Averaging,mll,338.9758200906798,700.3748484465436,0.41440242389733495,7.847380118489532e-05,0.8568526657049099,0.8,1.157687441216306,0.10039934869972501
LV016,5,Selection,mll,338.8944699597509,700.2121481846858,0.4524409136114508,0.3678114803697743,0.8434786683306769,0.8,1.023596465415435,0.10009194802922394
LV016,5,Matching,mll,339.105494628364,700.634197521912,0.41291622321400867,0.00021268701390357648,0.8556930983993667,0.8,1.16176480281011,0.10064521688088739
LV017,5,Averaging,mll,223.16278673590847,468.7487817370009,0.8409503093821108,0.0002856790898928652,2.9989066682202674,0.8,0.9366621062593707,1.0568502003319225
LV017,5,Selection,mll,223.27075105500668,468.96471037519734,0.8408126429751955,0.37930056541657564,2.9986861125312942,0.8,0.9372349512081575,1.056363854429044
LV017,5,Matching,mll,223.129200513057,468.68160929129795,0.8399443920124647,0.0003677272539119814,2.997142117717081,0.8,0.9326981613608119,1.0506579683187645
LV018,5,Averaging,mll,278.2636927487081,578.9505937626002,0.7850186266051383,0.7280872866333806,2.9759835203173783,0.8,1.174402375660084,1.3279798732301444
LV018,5,Selection,mll,285.1859983142294,592.7952048936428,0.7509477341488053,0.9970500034186153,1.0177728158049641,0.8,1.778103365744075,2.821699157308958
LV018,5,Matching,mll,284.89939973046944,592.2220077261229,0.7547675335148939,0.9859611590225505,0.9853332728609332,0.8,1.2118469495257909,1.890043830063905
LV019,5,Averaging,mll,192.80944517883853,408.04209862286103,0.8272237801394804,0.9807438100494286,2.93102195262849,0.8,2.2369719591623816,2.840808412331573
LV019,5,Selection,mll,190.67853807941066,403.7802844240053,0.8451528144995275,0.9601377923290201,2.7875072915020267,0.8,1.3180530854398032,1.5882904816089352
LV019,5,Matching,mll,195.6858231469575,413.79485455909895,0.8228389665416769,0.9853961654042924,1.2407182735274493,0.8,1.6257884598281385,2.4551613374960657
LV020,5,Averaging,mll,267.96628962512744,558.3557875154389,0.8040172944406266,0.8538890039183633,2.9432321927998157,0.8,1.6567799320169405,2.598217322382847
LV020,5,Selection,mll,268.008999036816,558.4412063388161,0.8180341937112177,0.9003611796514426,2.913699855582532,0.8,1.6848047915712867,2.860252772596218
LV020,5,Matching,mll,280.2675016348871,582.9582115349582,0.7586838331595016,0.9967098987724389,0.7359371269432572,0.8,1.2700838672011057,2.9948545651900664
LV021,5,Averaging,mll,216.1570875235173,454.7373833122186,0.8586833324816762,0.0005987148987625268,2.9973427802634323,0.8,0.9138694320118038,1.0288498625570806
LV021,5,Selection,mll,216.30656387041742,455.0363360060188,0.8589352218980462,0.3723823075726907,2.9966264053223317,0.8,0.9130431608722657,1.0397062533068953
LV021,5,Matching,mll,216.17441681273223,454.77204189064844,0.8582492026825054,0.00022883166163227043,2.9969669239598318,0.8,0.9123166444748555,1.0260510015960185
LV022,5,Averaging,mll,258.1934149463134,538.8100381578108,0.8449148831477796,0.0003867459699186439,0.8563774622760165,0.8,1.4803994863147367,0.10856197681835332
LV022,5,Selection,mll,257.51156540848706,537.4463390821581,0.8451624984415002,0.024458397947068992,0.9242074105884264,0.8,1.3667493066025038,0.11062551507047244
LV022,5,Matching,mll,258.0464033739093,538.5160150130026,0.8434612627719634,0.0003740618299680657,0.8644545248495128,0.8,1.4340901082195943,0.10041599959655115
LV023,5,Averaging,mll,377.42461190067826,777.2724320665405,0.28147423735441657,0.0002879915548685334,0.840425808617593,0.8,2.3164634962944124,0.103891407742606
LV023,5,Selection,mll,374.4460066990435,771.315221663271,0.30809455195301605,0.3849550708740714,0.7900102010298444,0.8,1.3724248241832826,0.1001590962004686
LV023,5,Matching,mll,376.87683900401237,776.1768862732088,0.2858607848713003,0.09904415526256537,0.8502369115078819,0.8,2.103246421978283,0.10024086718828332
LV024,5,Averaging,mll,376.29027916072135,775.0037665866267,0.4380145935149333,0.001249972633174936,0.8538676363339304,0.8,2.982142695086343,0.11056460924013453
LV024,5,Selection,mll,374.41696124569035,771.2571307565647,0.46348784166357415,0.3533886547848309,0.8415532297859478,0.8,1.7906724388375557,0.10200657474432763
LV024,5,Matching,mll,359.1693951643515,740.761998593887,0.6764432834550045,0.14557066699380497,2.9392986831557093,0.8,2.930102537063303,0.10843952608176452
LV025,5,Averaging,mll,354.3738120636631,731.1708323925102,0.5674981024754584,0.0001252472029588904,0.8507402078276575,0.8,1.4131106218462541,0.10145915652760955
LV025,5,Selection,mll,354.20048138673417,730.8241710386524,0.5718548250256879,0.14779400385749653,0.8578273198222856,0.8,1.445371459793571,0.10007246688915747
LV025,5,Matching,mll,354.33870404860494,731.1006163623939,0.5687198753208109,0.0011855173594459865,0.8541972104890427,0.8,1.4229906184926138,0.10243434500322778
SV103,5,Averaging,mll,271.1427428559448,564.7086939770736,0.8159657603482475,0.6576460548956361,2.989288686771073,0.8,1.0726537049446765,1.2357432353088378
SV103,5,Selection,mll,275.94445168652203,574.3121116382281,0.7887266230235399,0.9959214981258037,2.483822750661123,0.8,0.9367620033730357,1.1994529362835225
SV103,5,Matching,mll,274.5514545979966,571.5261174611773,0.793806061935745,0.8163161532013642,2.95373455628738,0.8,0.9816863045127798,1.1791770137178585
SV110,5,Averaging,mll,239.75563246230558,501.93447318979514,0.8325193691018502,0.7455005049657409,2.978264318529948,0.8,1.0605866144426723,1.3553431574722719
SV110,5,Selection,mll,249.06249387878535,520.5481960227547,0.7952720082807964,0.9939094345714024,1.0960290056138178,0.8,1.793558494791401,2.8390069084196763
SV110,5,Matching,mll,242.91011706620873,508.2434423976014,0.8201214017800168,0.9859828820432162,2.9965082545534574,0.8,1.261421748533264,1.443346461551079
SV111,5,Averaging,mll,257.1431207388667,536.7094497429174,0.7899418004624393,0.9953240464184071,0.6278375639805089,0.8,1.3076592600532215,2.931825321641213
SV111,5,Selection,mll,250.68815895534485,523.7995261758737,0.8313749403742442,0.7977202425391539,1.050213888900009,0.8,1.1563950723873937,2.010160385824129
SV111,5,Matching,mll,248.75511649396944,519.9334412531229,0.8424199060430051,0.986565192802422,1.207470332075502,0.8,1.264531456739034,1.958539981733308
SV113,5,Averaging,mll,309.0516898554216,640.5265879760273,0.6541123975369216,0.9998228311061703,0.7471465979760973,0.8,1.8919674816582315,2.944292572980889
SV113,5,Selection,mll,307.0550486269168,636.5333055190176,0.6722978719449283,0.9971296410724269,0.8358888800998004,0.8,1.9422649430318755,2.968265710535901
SV113,5,Matching,mll,302.7112426437959,627.8456935527759,0.7002186576341995,0.9979969724457116,1.2153187168563422,0.8,1.3398787803075054,1.6942081773556086
SV119,5,Averaging,mll,240.74018927174475,503.9035868086735,0.8512763452892995,0.2597621966726371,2.991401208440022,0.8,0.9689315047861062,1.1879533518106151
SV119,5,Selection,mll,243.0288207981909,508.4808498615658,0.84311819002662,0.3400623789300233,2.997629261975427,0.8,0.9882353954757157,1.2219800243855101
SV119,5,Matching,mll,242.91124250459947,508.2456932743829,0.8440974748581977,0.08076135532601729,2.9418443497798012,0.8,0.9731270030710226,1.216864987288515
SV201,5,Averaging,mll,198.50069908147816,419.4246064281403,0.8899919462260132,0.6442267823419231,2.9898420766373457,0.8,0.9936959043676257,1.2782682341058906
SV201,5,Selection,mll,206.95560830776077,436.3344248807055,0.8640117424793086,0.8404527231663333,1.0449011570739253,0.8,0.9416179216320967,1.6415035616073481
SV201,5,Matching,mll,202.42543706254452,427.274082390273,0.8739696285441825,0.8668605361694495,2.9684880693618294,0.8,0.921338797750103,1.2755135881104376
SV202,5,Averaging,mll,260.0995235791491,542.6222554234822,0.8503384844951255,0.00024338028831052513,2.9972210856757346,0.8,0.8921447413330686,1.0465809091638723
SV202,5,Selection,mll,260.1757533759408,542.7747150170657,0.8507555592159375,0.3730615547139474,2.9992822970148505,0.8,0.8960527714346319,1.0438876997090982
SV202,5,Matching,mll,260.0598209323408,542.5428501298657,0.8509493764569558,0.00021351866293724413,2.9982014391922522,0.8,0.8969259597800836,1.0432749271233674
SV203,5,Averaging,mll,198.18776453425596,418.7987373336959,0.7994453764654121,0.9964396085975509,0.7078673703271448,0.8,1.2710407896320404,2.9520592176650204
SV203,5,Selection,mll,188.36962416218586,399.1624565895557,0.8502899476583927,0.7828386798635784,2.52800847702287,0.8,0.9210582374906334,1.4239669481234953
SV203,5,Matching,mll,189.29845950912136,401.0201272834267,0.8475865221767125,0.9965610249021529,1.8000673531914337,0.8,0.9177780587325377,1.511381138359588
SV204,5,Averaging,mll,188.06773526917038,398.55867880352474,0.8419632942906015,0.8848333691392533,2.991941865398098,0.8,1.267013939582487,1.5136410563363039
SV204,5,Selection,mll,192.00516614564367,406.4335405564713,0.8215572539934259,0.9894181806835705,2.962949577472986,0.8,2.2384213133442823,2.9015695113947184
SV204,5,Matching,mll,196.45253207284904,415.32827241088205,0.811988395444982,0.999624123871589,1.0878761014676805,0.8,1.805100414292405,2.9790149971402715
SV205,5,Averaging,mll,327.87836285315893,678.1799339715019,0.7215152983505918,0.010608860324928289,2.992636531878083,0.8,0.9374113270155965,1.099269563473046
SV205,5,Selection,mll,327.93137803058096,678.285964326346,0.7207002821403266,0.3940224816482907,2.9973642967458587,0.8,0.9333613553984405,1.0874917385990928
SV205,5,Matching,mll,327.9365663147903,678.2963408947646,0.7223443051825031,0.0011850630541934252,2.994111416547943,0.8,0.9451873994369807,1.1067425382550207
SV206,5,Averaging,mll,260.2637326787679,542.9506736227198,0.8504269119885081,0.4656977198736751,1.2295071293747433,0.8,1.5784824241602948,2.598680486298618
SV206,5,Selection,mll,256.1967092771105,534.816626819405,0.8627585705241523,0.516800074469114,2.9915533203370077,0.8,1.2657711556998206,1.5794103524404692
SV206,5,Matching,mll,260.0665038160411,542.5562158972663,0.8746863687685138,0.21581121814764928,0.7844451976536387,0.8,1.5802813605021666,2.934196013318907
SV207,5,Averaging,mll,263.11446782826613,548.6521439217163,0.8034740564901757,0.0011424803275180682,2.993501506258193,0.8,0.9931795032297972,0.9947136764020948
SV207,5,Selection,mll,263.0981689287762,548.6195461227364,0.8036532153316109,0.34078828815536044,2.997306012134347,0.8,0.9928546919721908,0.9964572009712552
SV207,5,Matching,mll,263.0838734331122,548.5909551314085,0.8037434591393052,3.545293277532856e-05,2.997035753452983,0.8,0.9946420840138593,0.9948760300347295
SV208,5,Averaging,mll,269.55982195273816,561.5428521706604,0.7727675340528696,0.6963025685651455,2.979877627648915,0.8,1.2511261566402034,1.49059853126725
SV208,5,Selection,mll,270.52057723756457,563.4643627403132,0.776587994475893,0.7668212757207314,2.7983466649814495,0.8,1.1693875682181394,1.5899968584146138
SV208,5,Matching,mll,270.57919344359595,563.5815951523759,0.7757190198849819,0.9867501733233482,2.8516459829410836,0.8,1.1855674518708672,1.58587356998068
SV209,5,Averaging,mll,215.55148421416934,453.52617669352264,0.861987423985155,0.8889690962053227,2.9592878081601732,0.8,1.253473245817682,1.7066200721496807
SV209,5,Selection,mll,216.29693763107053,455.01708352732504,0.8585831947083653,0.8119626955746936,2.847778454337726,0.8,1.3154829033949842,1.7170327097062525
SV209,5,Matching,mll,219.08277999034544,460.58876824587486,0.8453534531058812,0.9826745779873799,1.0845815649876838,0.8,1.2755746026252834,2.3529759315511756
SV210,5,Averaging,mll,228.06061074712574,478.54442975943545,0.834455122394294,0.9430725018905475,2.879873609022834,0.8,0.9725368535418928,1.6374634172207705
SV210,5,Selection,mll,228.75939841053236,479.9420050862487,0.8314928938207873,0.8408985133675664,2.4196759525669354,0.8,1.0201539537253028,1.7026959909860744
SV210,5,Matching,mll,232.26269735120619,486.94860296759634,0.811726414327429,0.9990343064785941,1.1308147023750574,0.8,1.162714401926134,2.330835344309198
SV211,5,Averaging,mll,246.01972639882976,514.4626610628435,0.8538846306067003,0.4581585269909276,2.9803418696461317,0.8,0.9790531017109362,1.1495241276523915
SV211,5,Selection,mll,250.97171705762992,524.3666423804439,0.8305162597567121,0.3186272180166435,2.972428004099947,0.8,1.049400441935142,1.2366723009835603
SV211,5,Matching,mll,249.10387542807257,520.6309591213292,0.841661726608753,0.30765220602353743,2.9981175527272916,0.8,0.9913669530201721,1.1618380242815987
SV212,5,Averaging,mll,192.2369421020954,406.8970924693748,0.8704216952674155,0.001792806435900162,2.9953834088906652,0.8,1.0030781953549288,1.0307821881356016
SV212,5,Selection,mll,192.26639570902293,406.95599968322983,0.8690331043310581,0.35106090656349087,2.995933512774169,0.8,0.9955221638102363,1.0185997516317955
SV212,5,Matching,mll,192.18944513363334,406.80209853245066,0.8702007848164449,8.831516193636096e-05,2.9960746273066783,0.8,1.001031367039992,1.0267448526098717
SV213,5,Averaging,mll,309.6377705235328,641.6987493122497,0.7374261783245639,0.8403154721055659,2.978327120225929,0.8,1.1302136461155716,1.4220473130086657
SV213,5,Selection,mll,311.18521012322196,644.793628511628,0.7313613177531942,0.9836418522053391,2.931935561962483,0.8,1.0920442840429063,1.3987535885356148
SV213,5,Matching,mll,318.0950280165542,658.6132642982924,0.6939424417138857,0.9957800832809022,0.8302429257553812,0.8,1.2850532298131252,2.3776825607482652
SV214,5,Averaging,mll,211.15425263047695,444.73171352613787,0.8931876164851623,0.0008458265656012431,2.9944335756754623,0.8,0.9371053010023627,1.045018353452145
SV214,5,Selection,mll,211.0693225467198,444.5618533586236,0.8939038811754882,0.382194259151975,2.998564812544104,0.8,0.9363855327787655,1.0553293543694688
SV214,5,Matching,mll,211.0957125267023,444.6146333185886,0.891899156075232,0.000766731440865907,2.9979205561944307,0.8,0.9246702687704954,1.0446241739592508
SV215,5,Averaging,mll,259.40572869107706,541.2346656473381,0.8184119034921286,0.9982150035046348,1.394373948896912,0.8,2.3123485812646862,2.6704664688458446
SV215,5,Selection,mll,258.3888909120319,539.2009900892479,0.8229413163330723,0.7897592136063905,2.3621701884455564,0.8,1.594830372693771,1.448310807793142
SV215,5,Matching,mll,260.9515819102122,544.3263720856085,0.7997961273382475,0.9090965079926213,0.8981196712835098,0.8,1.9880472327870828,2.866047932030655
SV216,5,Averaging,mll,193.33429353263787,409.0917953304597,0.9294036186191195,0.6041996794854742,2.875706685721723,0.8,0.9149780750133163,1.1706831797534436
SV216,5,Selection,mll,196.75331138522228,415.9298310356285,0.9117706067757814,0.5132467415454061,2.9622186677094873,0.8,0.8231214193928039,1.1106809649724938
SV216,5,Matching,mll,196.33781678024712,415.0988418256782,0.9164689033294643,0.6079890160326983,2.983862643911278,0.8,0.9011014529196313,1.1649719756983323
LV001,10,Averaging,mll,319.1647446307244,660.7526975266328,0.21999679797928495,0.00019292267865300323,0.8527823476608237,0.8,1.0515581095646043,0.1004776416076202
LV001,10,Selection,mll,313.59914357515436,649.6214954154927,0.2876557213523053,0.34092324605365687,0.8495694023310202,0.8,0.9591723641076304,0.10028955164838448
LV001,10,Matching,mll,318.97506527955113,660.3733388242863,0.21785348050559494,0.00043486750711059085,0.8541074139648062,0.8,1.1358978746823507,0.10083755647207492
LV002,10,Averaging,mll,380.3872915955444,783.1977914562729,0.318172367779358,0.878987836988478,0.8397681696715598,0.8,2.9953066366557284,0.5905066469228
LV002,10,Selection,mll,378.39510548376313,779.2134192327103,0.3379343578009132,0.6940723651645391,0.8225029635101779,0.8,2.9947671731640915,0.2388245253035646
LV002,10,Matching,mll,380.68181682247695,783.7868419101379,0.3123049237308734,0.8355794505900516,0.7953002482007618,0.8,2.9403255158407804,0.2859257928017819
LV003,10,Averaging,mll,285.216394854109,592.855997973402,0.6886717233415385,0.711133566144992,2.3188612621241345,0.8,2.914505447185063,1.1894347090814754
LV003,10,Selection,mll,280.1741354997418,582.7714792646676,0.7219787654385139,0.5688864041742591,2.831930045128412,0.8,2.847184477882339,1.416705909061006
LV003,10,Matching,mll,289.81516997449455,602.0535482141731,0.6303527741156913,0.37301997850621643,0.8088029192311748,0.8,2.9769221402858252,2.3974889779525026
LV005,10,Averaging,mll,222.9711749658319,468.36555819684776,0.8066140205111966,0.07669881384836498,0.86034915274161,0.8,2.9791899524437704,0.10476266473650284
LV005,10,Selection,mll,221.16100482212744,464.74521790943885,0.8214490574068999,0.3906108033177405,0.8431582901931028,0.8,2.20406260351747,0.10105755802403146
LV005,10,Matching,mll,213.18250066886554,448.78820960291506,0.8916825133414531,0.5272851470502271,2.597254206633863,0.8,2.3497336620950566,0.14396106057796876
LV007,10,Averaging,mll,266.4211335847514,555.2654754346868,0.8313788404495001,0.6911205145142528,2.9913759034566563,0.8,1.1168944456189727,1.2040090777612213
LV007,10,Selection,mll,270.9074732215861,564.2381547083562,0.8017369651940943,0.9969968058502777,2.9769103143924363,0.8,0.969348568434737,1.0813014698056944
LV007,10,Matching,mll,269.8563356552945,562.1358795757731,0.8074500814122727,0.7915164197155282,2.978822726405103,0.8,0.9878284202157542,1.1075135850692694
LV008,10,Averaging,mll,369.9671432556551,762.3574947764943,0.1391234998760249,0.0003159991035036424,0.8537192243437512,0.8,1.4168843799835473,0.10190583601746402
LV008,10,Selection,mll,366.5507741797627,755.5247566247094,0.19010672365626125,0.337620818979362,0.8470069464553408,0.8,1.197408453166623,0.10042280193189057
LV008,10,Matching,mll,369.74972831993034,761.9226649050447,0.14163756021496388,0.0011959467586069377,0.8564765963152446,0.8,1.4373353013861354,0.10060247262954793
LV009,10,Averaging,mll,239.9523813585318,502.32797098224756,0.8901264105945342,0.0010185856766163374,0.8049213020380521,0.8,1.326479668315213,0.12010181027507413
LV009,10,Selection,mll,240.0015401218743,502.4262885089326,0.8890275033560835,0.16471468307901457,0.8411019638780577,0.8,1.3109893184751904,0.1594764523206436
LV009,10,Matching,mll,240.05855770173963,502.54032366866323,0.8875746858689595,0.0002840518921367603,0.8820446867545326,0.8,1.3321160178119411,0.12050194949726653
LV011,10,Averaging,mll,312.9885604057998,648.4003290767836,0.5274222752477793,0.0008343154732504178,0.8707949615501474,0.8,2.992932180469991,1.7778858480975157
LV011,10,Selection,mll,311.95269833675263,646.3286049386893,0.544188819329543,0.3970832161003982,0.8947338154227652,0.8,2.9755631284179085,0.45986272834622444
LV011,10,Matching,mll,314.72167236090644,651.8665529869969,0.5090048691687297,0.09040334105803736,0.8239468436542555,0.8,2.9982257744667358,1.7118540502221782
LV012,10,Averaging,mll,326.73035416990194,675.8839166049879,0.2355555252019671,8.70373725490616e-05,0.8452696056682307,0.8,1.2428538930055664,0.10052542116539469
LV012,10,Selection,mll,321.6174746407247,665.6581575466334,0.2974978581395249,0.351085656810154,0.856871556985705,0.8,1.216356423627342,0.10004278971486359
LV012,10,Matching,mll,325.79433931295193,674.0118868910879,0.24208374576661074,0.0012400115418878693,0.8555402333383776,0.8,1.1869919780521008,0.1001074873556106
LV013,10,Averaging,mll,367.3070624933956,757.0373332519753,0.19267472560343268,0.0002265574553249798,0.8540429852974066,0.8,1.0947876998634423,0.10004511396452913
LV013,10,Selection,mll,363.42814092715327,749.2794901194906,0.260060380705894,0.34554560815384655,0.8545775429805232,0.8,1.0150047629181167,0.10020626164072796
LV013,10,Matching,mll,367.18488286558625,756.7929739963565,0.19399777802651907,0.0011788813809237887,0.8559148200175005,0.8,1.1043337258949861,0.10023830272845571
LV015,10,Averaging,mll,272.4563310514468,567.3358703680776,0.8137905683416874,0.0014563207473723247,2.996354652290613,0.8,0.9659494139728827,1.0324771199625535
LV015,10,Selection,mll,272.5324268464303,567.4880619580447,0.8131363838326473,0.35438828386784677,2.994954579923775,0.8,0.9759428882747536,1.0108685446679868
LV015,10,Matching,mll,272.4425600783853,567.3083284219547,0.8135476730758069,0.00021091625547990902,2.998911722518543,0.8,0.9649637388287727,1.0309552230781787
LV016,10,Averaging,mll,312.1282876688434,646.6797836028709,0.29991418284565774,6.220603625938553e-05,0.8542749182822968,0.8,1.215524673441063,0.10091619836049448
LV016,10,Selection,mll,309.5610530722452,641.5453144096745,0.3474687183526517,0.3344573240186651,0.8374536242050152,0.8,1.0582795526761601,0.1000477150526535
LV016,10,Matching,mll,312.3854886485417,647.1941855622674,0.2994805091390992,0.0006924382800826828,0.8525903291704661,0.8,1.254039327382139,0.10010622876173786
LV017,10,Averaging,mll,214.77486190408905,451.9729320733621,0.8725678848076494,0.0010261452026581934,2.9991662501955956,0.8,0.9039090050173902,1.0609903371299532
LV017,10,Selection,mll,214.84685606877832,452.1169204027406,0.8710451260878892,0.3734586724474132,2.997838245935303,0.8,0.8922868531037951,1.065539906042021
LV017,10,Matching,mll,214.71884978778422,451.8609078407524,0.870684641567605,0.00037041912332179373,2.9983315170104636,0.8,0.8960121176871507,1.0439322200456305
LV018,10,Averaging,mll,242.0788600158951,506.58092829697415,0.8492860702476115,0.8126154004252389,2.9919688143599443,0.8,0.828316465243669,1.4114325625379702
LV018,10,Selection,mll,246.75287133849818,515.9289509421803,0.8249314523042333,0.9237507471898024,1.1322819939383018,0.8,1.0231423000927697,1.873984214936708
LV018,10,Matching,mll,243.569527739178,509.56226374354,0.84359094816764,0.9866719843477394,1.9731249005899076,0.8,0.8144928627736893,1.4598503430453424
LV019,10,Averaging,mll,274.2281916831554,570.8795916314948,0.7644626875128957,0.9334967786517357,2.87987893227854,0.8,1.2969939264748762,1.740188905711319
LV019,10,Selection,mll,274.88155138073296,572.18631102665,0.7596827286060608,0.8999221337510102,2.3915306428397165,0.8,1.4001958663121112,1.8703974822732858
LV019,10,Matching,mll,276.27075128299816,574.9647108311804,0.7494973983446906,0.9992777661161383,1.670834429291716,0.8,1.8416384005810267,2.962214063175313
LV020,10,Averaging,mll,339.34751743481206,701.1182431348082,0.6750494644973464,0.9268058076421983,2.9157841925075756,0.8,2.188797435313683,2.941479581484508
LV020,10,Selection,mll,339.80134938393803,702.0259070330601,0.6783627143049884,0.8126257248865981,2.9881479681524037,0.8,2.2929080632466206,2.9940527968788615
LV020,10,Matching,mll,350.18417188888725,722.7915520429585,0.6145188905383476,0.9926337962675731,0.8675435362080406,0.8,1.6156693627424599,2.9890959003357893
LV021,10,Averaging,mll,217.97361074879444,458.37042976277286,0.8737986477238053,0.005959457933236449,2.970943181777507,0.8,1.0065834443438453,0.9497064391860135
LV021,10,Selection,mll,217.91100569473576,458.2452196546555,0.8739490784512045,0.23435511978699836,2.998731469672351,0.8,1.0134563009403221,0.9396027027593054
LV021,10,Matching,mll,217.89292559217628,458.20905944953654,0.8757498768350097,0.0004903711680043667,2.9974447996813014,0.8,1.0212193000671448,0.9579004630797134
LV022,10,Averaging,mll,236.11728471849722,494.6577777021784,0.8708611097272589,0.03514277837887007,2.9995566167881207,0.8,1.534809105202708,0.36293215631689585
LV022,10,Selection,mll,235.77306608872468,493.9693404426333,0.8673029037996303,0.22911629058427263,2.99753876240305,0.8,1.4645585258011435,0.39475524498133957
LV022,10,Matching,mll,246.9847152214294,516.3926387080428,0.8058995580558974,0.004187760961344332,0.859598234248174,0.8,1.5958742571556874,0.10682392630290606
LV023,10,Averaging,mll,366.5106467465983,755.4445017583806,0.307751410173578,0.011517739516547516,0.8509719502233143,0.8,2.59970642329077,0.11402845001237329
LV023,10,Selection,mll,363.1754873997206,748.7741830646253,0.35237663001687014,0.37457585009352484,0.8236509042806018,0.8,1.5231397291979278,0.10029344443264163
LV023,10,Matching,mll,365.2147437750146,752.8526958152132,0.3242203319792215,0.17290240803805784,0.8629471380101006,0.8,2.0529420783438317,0.11647144262359296
LV024,10,Averaging,mll,459.44879190134486,941.3207920678738,-0.07507418046236669,0.0023550579343905786,0.8413693735481392,0.8,2.183019887028122,0.10144407332722812
LV024,10,Selection,mll,454.8011243095274,932.0254568842388,-0.026486764373166105,0.39259552458385033,0.7893745246380943,0.8,1.2805895154972713,0.10013509395778145
LV024,10,Matching,mll,458.0011224761503,938.4254532174846,-0.06211430565597764,0.14579046818262711,0.8653413432761654,0.8,1.8109116729545016,0.10585072283340664
LV025,10,Averaging,mll,257.6855464215068,537.7943011081976,0.6549206302716619,0.00019545710186417154,0.8562218726880146,0.8,1.8398219812144985,0.1044821605431848
LV025,10,Selection,mll,258.89045366078716,540.2041155867583,0.6407253134437207,0.13081727831192924,0.8278805155991329,0.8,1.6885209651210622,0.10509536558757712
LV025,10,Matching,mll,257.6588487783524,537.7409058218889,0.6560130897088727,0.0008053069834293878,0.8571816226993237,0.8,1.9215867524072063,0.10548728410207973
SV103,10,Averaging,mll,353.4398242304734,729.3028567261308,0.6983715257908649,0.693528109022061,2.981507377855542,0.8,1.082512489066276,1.2174541903674467
SV103,10,Selection,mll,357.7151270830964,737.8534624313768,0.6691303902575709,0.7898296317199179,2.9311123823712704,0.8,1.0288287254681654,1.1327896253645424
SV103,10,Matching,mll,356.75606024432045,735.9353287538249,0.6741121512315056,0.8267547528832031,2.9849891255401424,0.8,1.0153605597330657,1.1477848480126922
SV110,10,Averaging,mll,274.8386622554197,572.1005327760234,0.7467587706792966,0.7227259542157073,2.9593800264365138,0.8,1.187976459569365,1.3696984738145361
SV110,10,Selection,mll,278.5303027048298,579.4838136748436,0.7277374155457768,0.8628884437990776,2.9936070263671914,0.8,1.2042634778013963,1.3755708641609756
SV110,10,Matching,mll,279.8656676651058,582.1545435953956,0.7236636840786079,0.9844516562649819,2.998157467470282,0.8,1.5786730263864186,1.6289051210479404
SV111,10,Averaging,mll,217.60348147101053,457.630171207205,0.8402960629852039,0.8251361184352541,2.8509931294362443,0.8,1.6189457181381348,2.347403404062521
SV111,10,Selection,mll,217.99066093541117,458.4045301360063,0.8499197201197457,0.8015817869993381,2.995421510991251,0.8,1.9206647739142388,2.9733126175956626
SV111,10,Matching,mll,229.2090921893324,480.8413926438488,0.8022904080858321,0.9868443811531306,0.7629985275853599,0.8,1.3518228624887751,2.997998278299028
SV113,10,Averaging,mll,266.5602114696128,555.5436312044096,0.7438960843078259,0.8740485445730962,2.929875764849017,0.8,1.3590454209441374,1.5025392109736488
SV113,10,Selection,mll,268.9252950801361,560.2737984254562,0.7302595444931191,0.9994880891763164,2.9920404855656733,0.8,2.267442496893791,2.868491883172334
SV113,10,Matching,mll,267.4546640472499,557.3325363596838,0.741909215040035,0.9999286267833825,2.715474261692941,0.8,1.4599943753182472,1.6982020615680784
SV119,10,Averaging,mll,250.90454560997142,524.2322994851269,0.82134245693748,0.115191707008361,2.9989550596313617,0.8,1.0019337178754848,1.2027172854839736
SV119,10,Selection,mll,251.60625700889508,525.6357222829741,0.8166716930798092,0.317424648229155,2.996034981013641,0.8,0.9784797304413072,1.2133716317793115
SV119,10,Matching,mll,251.6286160206525,525.680440306489,0.8173266781307966,0.022420443539465283,2.997755351721097,0.8,0.9863596736562887,1.2211652387766665
SV201,10,Averaging,mll,236.5907520702838,495.60471240575157,0.8441049747092615,0.672688125804865,2.995168782453774,0.8,1.1095877101211222,1.2411654897791193
SV201,10,Selection,mll,241.00474098235685,504.4326902298977,0.8221480619871484,0.9547963441216338,2.965218947688351,0.8,1.0689722271799142,1.1879569917956783
SV201,10,Matching,mll,241.5514974756443,505.5262032164726,0.8202158566397295,0.8232198349305782,2.9891628894126585,0.8,1.1203299191257066,1.0923365812213848
SV202,10,Averaging,mll,217.08868438204564,456.60057702927526,0.8982864903854543,0.0011262907666024834,2.999233577705719,0.8,0.8960654565524353,1.0574236499986538
SV202,10,Selection,mll,217.2789467133029,456.9811016917898,0.8977194398276481,0.3750277267475264,2.9816354457098724,0.8,0.889748828704131,1.0619767385203587
SV202,10,Matching,mll,217.09292953182336,456.6090673288307,0.8974304543066415,0.0003702456084340046,2.997218067111931,0.8,0.8972488681667574,1.046833098185685
SV203,10,Averaging,mll,218.1154075159325,458.654023297049,0.8082942799722856,0.9450188869481414,2.925315355184938,0.8,1.3636390539510659,1.6046826185123515
SV203,10,Selection,mll,218.62142006326206,459.6660483917081,0.8066013367472377,0.9619361439299785,2.992689244332019,0.8,1.2506789774419547,1.5571912699039903
SV203,10,Matching,mll,219.91227212010023,462.2477525053844,0.7978091092147233,0.9939333697230256,2.9441221713209824,0.8,1.6833746329218868,2.220088883510125
SV204,10,Averaging,mll,289.93750434964295,602.2982169644699,0.7321646266930545,0.9535818556694599,2.891031446763742,0.8,1.8646863465975128,2.709335213163767
SV204,10,Selection,mll,287.8338207788549,598.0908498228938,0.7553469754712805,0.89402741840255,2.9964207770658504,0.8,1.2648980705812907,1.661594645470992
SV204,10,Matching,mll,291.9764224433883,606.3760531519606,0.7400324941571961,0.9985702358672163,1.4889319406263006,0.8,1.2302346343770585,1.8666991686764467
SV205,10,Averaging,mll,226.87741363880815,476.1780355428003,0.8842059546009364,0.10546749164316134,2.9965772939924715,0.8,1.0199928790505428,1.0745966183545719
SV205,10,Selection,mll,227.686889376436,477.796987018056,0.8844106887976,0.28411602594820357,2.9937962575132597,0.8,1.0257792000964758,1.1018320703443645
SV205,10,Matching,mll,227.3445320093845,477.11227228395296,0.8819427331155537,0.0423045552188748,2.990877234400561,0.8,1.0005116020409135,1.0781888467759728
SV206,10,Averaging,mll,298.2969315954064,619.0170714559969,0.8296788663972839,0.20095694897135627,2.99989829677619,0.8,1.3588219169322522,1.677724979047939
SV206,10,Selection,mll,297.5605889120394,617.5443860892628,0.8371262221369591,0.31262258848304536,2.997579918049306,0.8,1.241148554505231,1.5387571795246233
SV206,10,Matching,mll,306.4889518798084,635.4011120248008,0.8122427066355679,0.47060784421924645,0.6564204657301191,0.8,1.420451919091907,2.9951133081958434
SV207,10,Averaging,mll,193.85547333953286,410.1341549442497,0.9108914978487138,0.0006242841684106544,2.9981374360589537,0.8,0.9104455183624338,1.0350888274959582
SV207,10,Selection,mll,193.95439248168242,410.3319932285488,0.911873878687634,0.37754287655913027,2.997696238274478,0.8,0.9169221144097589,1.0422552059716415
SV207,10,Matching,mll,193.8896086589444,410.2024255830728,0.9107594183561629,0.0003794044288210428,2.990536029527263,0.8,0.9094859280333792,1.0356512370577378
SV208,10,Averaging,mll,290.4969795666865,603.417167398557,0.7582474169040173,0.9891421316578823,2.861311903897572,0.8,2.0349093544726506,2.8517923279004886
SV208,10,Selection,mll,290.07890781634353,602.5810238978711,0.7640263426998728,0.8729104873720227,2.6184448432183953,0.8,1.587301828916087,2.182801586882327
SV208,10,Matching,mll,297.0420007755162,616.5072098162165,0.7270354258891083,0.9870300726442222,0.7604927000167562,0.8,1.354228831285236,2.9151453264702436
SV209,10,Averaging,mll,206.32372014614126,435.0706485574665,0.8683988898073911,0.8799019832625999,2.9488697267201465,0.8,1.2288951506400574,1.6315206941271625
SV209,10,Selection,mll,207.23844238372396,436.9000930326319,0.8661748265624856,0.8406734492721515,2.8490163952341323,0.8,1.2006911427856817,1.6408124911796438
SV209,10,Matching,mll,212.29208353860432,447.0073753423926,0.8453944402817318,0.9918664533341427,1.1374966508797948,0.8,1.3625084819384616,2.3146144092796983
SV210,10,Averaging,mll,239.78773703239153,501.99868232996704,0.7700582008817554,0.9994196343383064,0.7201210036869271,0.8,1.1974737135607745,2.7584048216896506
SV210,10,Selection,mll,231.00375229360887,484.4307128524017,0.819659668252316,0.7930001691886795,2.909478202692468,0.8,0.9125810217263955,1.486954146329112
SV210,10,Matching,mll,232.36391288504018,487.15103403526433,0.8115293800785375,0.9896860253540066,1.8032357448257248,0.8,0.8841329144329927,1.497310304229918
SV211,10,Averaging,mll,236.04957938924315,494.5223670436703,0.864158176546139,0.45321479062988934,2.99796843221532,0.8,1.031206679861497,1.1160845488527484
SV211,10,Selection,mll,241.41221048516792,505.2476292355198,0.8405101820418885,0.326532979628808,2.9307128554167403,0.8,1.0833236782585054,1.2071489403925046
SV211,10,Matching,mll,239.14644761863116,500.7161035024463,0.8487366638718626,0.33830507000529136,2.993628714508355,0.8,0.990711800843114,1.1215040541122425
SV212,10,Averaging,mll,272.1209250693207,566.6650584038255,0.8048393471227382,0.0031878357107416773,2.9988014304002575,0.8,0.9272014543693896,1.1232794038038734
SV212,10,Selection,mll,272.18997636838697,566.803161001958,0.8060896347342978,0.3870256787236896,2.997570708099811,0.8,0.940131097245057,1.1273102605360377
SV212,10,Matching,mll,272.1175413082175,566.658290881619,0.8054053596135902,0.0010748015696320015,2.9976977739224613,0.8,0.9314583068163175,1.1291188623088115
SV213,10,Averaging,mll,252.20655065326605,526.8363095717161,0.8050857956046862,0.7239334289421057,2.998368007192544,0.8,1.0478598449251046,1.4786716062642151
SV213,10,Selection,mll,256.9748020753239,536.3728124158318,0.7873871543262732,0.9840710396522072,1.1575386726762285,0.8,1.1942061115021065,2.1205610662183676
SV213,10,Matching,mll,253.3600216217501,529.1432515086842,0.8058429705843475,0.9962785623707723,1.9059130698258095,0.8,0.8972733970291031,1.5411933547993848
SV214,10,Averaging,mll,185.12655035537247,392.6763089759289,0.9314062338869363,0.0011638381547737246,2.9849087068317375,0.8,0.9121602846359652,1.044164379709197
SV214,10,Selection,mll,185.09554554433896,392.6142993538619,0.9321538898513304,0.3772676231872403,2.997711905291885,0.8,0.914844063564267,1.0579211800625152
SV214,10,Matching,mll,185.02971385892937,392.4826359830427,0.931084908365474,0.00032043626061618717,2.9992852980572264,0.8,0.9049132126406618,1.0518257401244093
SV215,10,Averaging,mll,211.42801467450346,445.2792376141909,0.8801752806746086,0.9129484654290141,0.9340184386803113,0.8,1.3281730255011837,1.688227860298753
SV215,10,Selection,mll,207.50534877303622,437.4339058112564,0.9071467875695483,0.7545636125479595,1.8449913363922514,0.8,1.1137223881846654,1.243858749500093
SV215,10,Matching,mll,210.10348721310277,442.6301826913895,0.8915008508710353,0.976840950883477,1.0154855830261416,0.8,1.3157099042285547,1.6243002905975685
SV216,10,Averaging,mll,193.363694600884,409.150597466952,0.8348251647472524,0.3074741332671199,0.4861678986191927,0.8,1.7185002828899778,2.31839732453453
SV216,10,Selection,mll,190.29245852241715,403.0081253100183,0.8530189986328663,0.6567942443450948,0.7785673752177552,0.8,1.2009212289194457,2.117235869916004
SV216,10,Matching,mll,190.10527135599872,402.6337509771814,0.8544010448276276,0.6194561881551617,0.6087485976302294,0.8,1.3683458718689776,2.4702133301342837
LV001,15,Averaging,mll,350.21767775412434,722.8585637734327,0.15416135344860593,3.261160322384368e-05,0.8521003151073634,0.8,1.2241877799843073,0.10048463878636961
LV001,15,Selection,mll,344.20309210408107,710.8293924733462,0.2268459742804042,0.3364832185344106,0.8565129830554769,0.8,1.0502749286729194,0.10017729589884608
LV001,15,Matching,mll,349.81006947799165,722.0433472211673,0.156217241149595,0.0055552429461170625,0.8567157145540932,0.8,1.2519043210849106,0.10047512398003423
LV002,15,Averaging,mll,318.3619968675671,659.1472020003182,0.45177255718210696,0.9218068392903075,0.839366266733945,0.8,2.978204637491427,0.6595564987152028
LV002,15,Selection,mll,315.7303447828815,653.883897830947,0.47481361238605324,0.6937163742686948,0.8392581518754991,0.8,2.984122581555703,0.1652011441425746
LV002,15,Matching,mll,315.3048133933312,653.0328350518464,0.47940547836085845,0.8679115578178729,0.8724752302531456,0.8,2.9952539724656635,0.6788911718152135
LV003,15,Averaging,mll,267.8033205111376,558.0298492874592,0.7217329695764283,0.34297909059802417,0.8274640459256231,0.8,2.9949813907964513,0.4978478617339349
LV003,15,Selection,mll,255.4640832222181,533.3513747096202,0.8377053630144078,0.5688663661097437,1.7477706556886605,0.8,2.36742225516244,0.25559013064757846
LV003,15,Matching,mll,259.63604437405127,541.6952970132866,0.8129276906416208,0.7142929417729698,1.2303776862096518,0.8,2.8296776304251923,0.8584431337933469
LV005,15,Averaging,mll,271.03600771013754,564.4952236854591,0.8165094219827835,0.37711401639491393,0.9296884347620066,0.8,2.757014078083145,0.1715442264014306
LV005,15,Selection,mll,268.9935590749788,560.4103264151416,0.8329819914223545,0.45046493084635586,0.8186468815779852,0.8,1.8902870854965148,0.10134848097488405
LV005,15,Matching,mll,270.78635867019614,563.9959256055763,0.816318162940222,0.3559200516979694,0.8165796265650143,0.8,2.454475327634917,0.10106699471196982
LV007,15,Averaging,mll,206.47705800189482,435.3773242689736,0.9028427650491706,0.9606755064337235,0.9401091197798975,0.8,1.61966286733632,2.7922288910970274
LV007,15,Selection,mll,206.5269312647676,435.47707079471917,0.9027266937966179,0.8975585511437387,0.933576300693334,0.8,1.665124186491044,2.8399906167722206
LV007,15,Matching,mll,205.914566253277,434.252340771738,0.9063925852279369,0.9848005599902656,1.2479051423747416,0.8,1.2259122637481237,1.8853158209704162
LV008,15,Averaging,mll,285.42132511466014,593.2658584945043,0.28705822558588556,1.801299960072945e-05,0.8525307993065929,0.8,1.0532325338041226,0.10026100571005625
LV008,15,Selection,mll,280.25671089019295,582.9366300455699,0.35259012433229187,0.34193972830809555,0.8495607836318756,0.8,0.9511946138696207,0.10019560635447564
LV008,15,Matching,mll,284.9270407800485,592.2772898252811,0.29100841312515946,0.0009994211381588838,0.8571864411409403,0.8,1.0499879728618506,0.1011006867151925
LV009,15,Averaging,mll,292.0119360544131,606.4470803740103,0.7821896631690697,0.030835381377764533,2.999495500060935,0.8,1.422779771740133,0.47423173199566787
LV009,15,Selection,mll,292.1517949074329,606.7267980800498,0.7865531950790261,0.23800536571685235,2.9982260146197413,0.8,1.4885340824457431,0.4832192420051005
LV009,15,Matching,mll,301.369096327815,625.161400920814,0.7320032231370606,0.0011603379062482954,0.8619874677895746,0.8,1.6550749573658323,0.10080115909960569
LV011,15,Averaging,mll,324.0011898339436,670.4255879330713,0.543841330464366,0.00043617827096153593,0.8364808566281222,0.8,2.9843749196574003,0.3165114370736493
LV011,15,Selection,mll,324.5590632859996,671.5413348371833,0.5341489583587078,0.320902306278087,0.7894408043003065,0.8,2.6455279943776944,0.12787887463247616
LV011,15,Matching,mll,322.8556203695233,668.1344490042306,0.5569597389030925,0.09023354062578098,0.8489772283705449,0.8,2.997763338111604,0.11170441894202437
LV012,15,Averaging,mll,267.08724924789334,556.5977067609707,0.3150375175046912,8.029091221029217e-05,0.851816085609901,0.8,1.0182729488118718,0.10011583144042387
LV012,15,Selection,mll,263.48317760660063,549.3895634783853,0.3639954456760037,0.31795236132485166,0.8342282787699025,0.8,0.9598527477153856,0.1005964804115452
LV012,15,Matching,mll,266.6646099562629,555.7524281777098,0.3182452380728792,0.0019682102895799184,0.8561598266297397,0.8,1.0154616113973418,0.10012467807542948
LV013,15,Averaging,mll,324.89407805295224,672.2113643710885,0.2248603756801283,0.00023772916936311132,0.853319534683445,0.8,1.3312479615775565,0.10039594384768778
LV013,15,Selection,mll,320.62068555302477,663.6645793712336,0.27729538561260114,0.3319917091379939,0.846636108228896,0.8,1.1900234556392815,0.10051854077334249
LV013,15,Matching,mll,324.45621838004723,671.3356450252785,0.23010037791286264,0.000127107534061915,0.8584964009317365,0.8,1.3663742498522935,0.1006477142690561
LV015,15,Averaging,mll,240.65693835995035,503.73708498508466,0.8731171150376472,0.000252249207671048,2.994060016313451,0.8,0.9354606700273616,0.9701096824865312
LV015,15,Selection,mll,240.69424358187672,503.8116954289374,0.8706137782951114,0.3605587858121271,2.994734861417994,0.8,0.9259874793244661,0.9523730089778418
LV015,15,Matching,mll,240.58763937386598,503.59848701291594,0.8704282398856003,0.0005331640852996094,2.9981507857945857,0.8,0.9236283318186863,0.9512137018754769
LV016,15,Averaging,mll,314.96394214020086,652.3510925455857,0.24006002109504088,9.212205815186018e-05,0.8515323133458478,0.8,0.9576439950962701,0.10002714471518627
LV016,15,Selection,mll,310.47488281343726,643.3729738920586,0.30115644881060655,0.323943322834699,0.848854661775442,0.8,0.9270536129817445,0.10013978441064314
LV016,15,Matching,mll,314.70167716482695,651.8265625948379,0.24085320354531847,0.0015132932045963288,0.8541796517673453,0.8,0.9743779137523866,0.10017369686228098
LV017,15,Averaging,mll,275.34593728386653,573.1150828329171,0.7263114930495422,0.0003145967364571558,2.9966605927149828,0.8,0.926766010598844,1.093141659846515
LV017,15,Selection,mll,275.33127125963745,573.0857507844589,0.7294494571028083,0.37634916446190203,2.9997736281583585,0.8,0.9451206296374319,1.094808340011246
LV017,15,Matching,mll,275.30548173506673,573.0341717353175,0.7267756035611216,0.00030337388505044397,2.9991878779520342,0.8,0.9286610110521923,1.093590917938999
LV018,15,Averaging,mll,283.32240710474014,589.0680224746643,0.756012136940116,0.8819878005558248,2.9912286359904954,0.8,1.372888628201668,1.7981021500331613
LV018,15,Selection,mll,284.937910173996,592.299028613176,0.7584042650456712,0.9663162263543367,1.297698130193306,0.8,0.9879642712604495,1.444722698460024
LV018,15,Matching,mll,286.71187773356274,595.8469637323095,0.7513620375471409,0.9866232610201655,1.011830284008424,0.8,1.1107922583280074,1.7248037777364094
LV019,15,Averaging,mll,226.96006232943114,476.34333292404625,0.8041392948277349,0.9958118655976985,2.2947019779614126,0.8,2.7149610578256196,2.795868598653991
LV019,15,Selection,mll,226.53887684547482,475.5009619561336,0.8077641393020109,0.9285349300244817,2.676309425423636,0.8,2.068298284570277,1.7953562090216444
LV019,15,Matching,mll,236.48403873886568,495.39128574291533,0.7327656562053712,0.8855466564911061,0.7718226402069791,0.8,2.0144349109044946,2.7493879928072933
LV020,15,Averaging,mll,303.3478630665626,629.1189343983092,0.7497713883495152,0.92959834945225,2.944644282683999,0.8,2.254820357682983,2.852109332170311
LV020,15,Selection,mll,310.9512514617624,644.3257111887089,0.7112431938165185,0.9982935233494555,0.8781106935865575,0.8,1.6167923987272472,2.996194467994874
LV020,15,Matching,mll,312.1231686783831,646.6695456219502,0.7031842422847567,0.9900577032517859,0.8405419058904849,0.8,1.5527502555043309,2.944514911495567
LV021,15,Averaging,mll,332.26470857546747,686.952625416119,0.6668353044521731,0.13770915327782002,2.9858757562920824,0.8,1.4002842132569226,0.3569957299296788
LV021,15,Selection,mll,331.5279452154815,685.479098696147,0.6715009108135792,0.2274775102031647,2.9966878695114483,0.8,1.3728678859552432,0.4258527193541678
LV021,15,Matching,mll,340.2976685179726,703.0185453011293,0.6234714106478935,9.059454300659145e-05,0.8519808917342693,0.8,1.4117374694641127,0.10106142620601448
LV022,15,Averaging,mll,311.8388466124966,646.1009014901772,0.540256670293124,0.00043018772815164104,0.8606540330837418,0.8,1.4093438789182025,0.10067527296932713
LV022,15,Selection,mll,313.63263697072466,649.6884822066334,0.5226885405198587,0.2688970155380881,0.8231077152207732,0.8,1.4107688387744113,0.10096259594429302
LV022,15,Matching,mll,312.257176720302,646.9375617057881,0.5357042274967263,6.605591993473692e-05,0.8502176585891024,0.8,1.4125280107548455,0.10113287002100167
LV023,15,Averaging,mll,350.49392364937967,723.4110555639434,0.4338758994305637,0.0294925495866592,0.8544392489665695,0.8,2.5028221772783685,0.10104616267040882
LV023,15,Selection,mll,346.08282840292884,714.5888650710417,0.4885718185008546,0.3791606318863944,0.8503015663682756,0.8,1.5088778366081304,0.10007224397234611
LV023,15,Matching,mll,349.6557042746159,721.7346168144159,0.4433646654764055,0.10140618658739782,0.85775504784126,0.8,2.1348815981867393,0.10011184305644433
LV024,15,Averaging,mll,455.3664491557901,933.1561065767643,0.04202330613866678,0.00028603410694372645,0.8370308651291758,0.8,2.991663759445643,0.1016299871893895
LV024,15,Selection,mll,455.8968107065899,934.2168296783639,0.030335063420592223,0.30630779914732353,0.7893539232248394,0.8,2.6735362325549517,0.10737192313597703
LV024,15,Matching,mll,454.8325424491492,932.0882931634824,0.05241262952969061,0.07743807831745353,0.8498984276712681,0.8,2.9543056134754657,0.10874049266253166
LV025,15,Averaging,mll,250.35411268130895,523.1314336278019,0.6183021615443314,0.00020441118675564534,0.8533427147496352,0.8,1.3458859940688623,0.10135777594189917
LV025,15,Selection,mll,250.75949355915918,523.9421953835024,0.6081398513134609,0.1325904428374494,0.8459482494373242,0.8,1.2545767182738887,0.10104211677726888
LV025,15,Matching,mll,250.19067298016554,522.8045542255151,0.6260048936627058,0.0003762481333577336,0.8581019828305139,0.8,1.4374180577349343,0.10065134099769761
SV103,15,Averaging,mll,245.23318875164608,512.8895857684762,0.8868431128886199,0.3805944230619959,2.996830549135008,0.8,1.2076538777901995,1.0436065973024902
SV103,15,Selection,mll,244.81412411159675,512.0514564883775,0.8774858389798544,0.48627828498791204,2.9485973160855927,0.8,0.972175699832386,0.9434367164289091
SV103,15,Matching,mll,245.44453914116593,513.3122865475159,0.875731857409303,0.33977665178224153,2.9366856690766423,0.8,1.0916803615377113,1.0098668761833924
SV110,15,Averaging,mll,264.61632120786624,551.6558506809165,0.8294710485752641,0.8302679291634668,2.9984914028851946,0.8,1.1518253644569674,1.1836437968578866
SV110,15,Selection,mll,265.78471128110186,553.9926308273878,0.8188797612080254,0.6981509988156852,2.9841330409940756,0.8,1.064523379048352,1.1063111024936252
SV110,15,Matching,mll,265.8683085014062,554.1598252679964,0.8200313538249875,0.9709219198678802,2.9633696850902695,0.8,1.104646333087325,1.1420135007300463
SV111,15,Averaging,mll,301.5570912239766,625.5373907131373,0.7945365998885479,0.9857474903545069,2.905763430945834,0.8,2.7019818183075066,2.971140349305434
SV111,15,Selection,mll,299.4240830850101,621.2713744352043,0.7948721503382552,0.6855763968772003,2.2644190295607554,0.8,1.5630895535219063,1.6217650213114863
SV111,15,Matching,mll,305.6895290989422,633.8022664630685,0.7376414826643752,0.808414255640771,0.7930558318529761,0.8,1.8753646531297552,2.940975406467941
SV113,15,Averaging,mll,248.43860472708295,519.3004177193499,0.7917978925608968,0.9032792947056687,0.9454627738259554,0.8,2.310624114305758,2.896643506080119
SV113,15,Selection,mll,247.85204187327966,518.1272920117433,0.7851656618449565,0.7427029801494197,0.7694004865952033,0.8,1.9375626914647928,2.87172853213825
SV113,15,Matching,mll,246.16118470948908,514.7455776841622,0.8045720578482642,0.9098196972876164,1.0721119299703605,0.8,1.7053514050229692,1.929686499871487
SV119,15,Averaging,mll,249.41117967080746,521.2455676067989,0.8383194328347712,0.14764574475861397,2.9932897104861835,0.8,1.1809549064375735,1.0844539401095747
SV119,15,Selection,mll,250.2691092821952,522.9614268295744,0.8323431538451321,0.24571711297006563,2.9764212339631837,0.8,1.1688927355916698,1.1139862014220858
SV119,15,Matching,mll,250.41049176120333,523.2441917875907,0.8318454879438709,0.03982908277979693,2.9854268144750833,0.8,1.1627004028751964,1.1066036234776184
SV201,15,Averaging,mll,256.8939809896956,536.2111702445752,0.8243848162777534,0.6648863227390074,2.929129565579917,0.8,1.0067724084053653,1.2790682235115642
SV201,15,Selection,mll,262.832810705748,548.08882967668,0.7970425016926953,0.9951470214787385,0.9178244912267544,0.8,0.9427919815161061,1.662910198678701
SV201,15,Matching,mll,259.9696369346277,542.3624821344395,0.8150259327063621,0.9822228649108564,2.286485761179487,0.8,0.9256061897558602,1.326131136873407
SV202,15,Averaging,mll,184.66776442555036,391.7587371162847,0.9254871080791238,0.0006017913227596163,2.996175950222969,0.8,0.9969061999515679,0.9774798256616304
SV202,15,Selection,mll,184.48865581491734,391.40051989501865,0.9227981109815683,0.34073304862180454,2.9985584617707906,0.8,0.9700353130132701,0.9653612317372006
SV202,15,Matching,mll,184.4048976759056,391.2330036169952,0.9232224361246255,0.0005390858172873936,2.995831216574603,0.8,0.9645555694873323,0.978107003487113
SV203,15,Averaging,mll,250.92153674833435,524.2662817618527,0.7965605405109109,0.8737920284733857,2.9869387544974026,0.8,1.090488502564079,1.5108401035084469
SV203,15,Selection,mll,259.26775462963894,540.9587175244619,0.7582146826461251,0.9925416358496021,0.8897450358880319,0.8,1.5926110837584644,2.991729473007448
SV203,15,Matching,mll,255.02695836355406,532.4771249922921,0.7820046323493256,0.991697828881218,1.4397969389139615,0.8,1.0513702272746432,1.7849500205302389
SV204,15,Averaging,mll,264.7515378648842,551.9262839949524,0.7997945513025473,0.87814908497003,2.8413598929101993,0.8,1.1223338715804756,1.592948090321733
SV204,15,Selection,mll,265.0811044245353,552.5854171142546,0.7994559274863665,0.9132598488408841,2.35208438075843,0.8,1.134551196035573,1.763509435580498
SV204,15,Matching,mll,271.458623283757,565.340454832698,0.7589739324952051,0.9997085431343194,0.7275921035152589,0.8,1.250169316434547,2.988186117447494
SV205,15,Averaging,mll,226.8075204046427,476.0382490744694,0.8896776993135942,0.10529982495968485,2.9829168438674025,0.8,0.9927360498713401,1.0984213275754184
SV205,15,Selection,mll,227.5191629436659,477.46153415251575,0.8870382723070293,0.3604625175656401,2.9966081508385543,0.8,0.9735872214092625,1.1295111345550823
SV205,15,Matching,mll,227.53586084199165,477.4949299491673,0.8862729715000579,0.005952697710603342,2.9991878866024235,0.8,0.967505649792771,1.1154459139265038
SV206,15,Averaging,mll,309.4654206257663,641.3540495167166,0.8179337995778435,0.6105733046403719,0.7971742558007462,0.8,1.4426258735590098,2.311332413664136
SV206,15,Selection,mll,309.23535740696957,640.8939230791232,0.8166306601752369,0.5352433462164864,0.7857640371255776,0.8,1.4157296940173478,2.524813485643007
SV206,15,Matching,mll,309.07005895885754,640.5633261828991,0.8189880736921705,0.501197980987368,0.7037121932592455,0.8,1.4225285615532068,2.4399815058718186
SV207,15,Averaging,mll,212.842488195759,448.10818465670195,0.8779395757154019,0.0032056136334110237,2.996391441907232,0.8,1.0109428295463114,0.9464748723008353
SV207,15,Selection,mll,212.87994195789796,448.1830921809799,0.8804968730666316,0.3046207373717994,2.9977690641486103,0.8,1.02173290356744,0.9668609390523051
SV207,15,Matching,mll,212.90434004189348,448.2318883489709,0.8804590653600166,0.0027931208896144945,2.9987642643595787,0.8,1.0213358575905653,0.9687708503693165
SV208,15,Averaging,mll,257.64981095073097,537.722830166646,0.8082971872124194,0.995056765791162,0.9758251474861084,0.8,1.3217285069443145,2.6154616819610452
SV208,15,Selection,mll,256.70957252276816,535.8423533107203,0.8236040302008713,0.887123432423383,1.9298857257362947,0.8,1.0340295317934447,1.6334600481871866
SV208,15,Matching,mll,257.28583967775324,536.9948876206905,0.8125080206494544,0.9998166677483291,1.1284856370927296,0.8,1.2188908545054897,2.2191929210384043
SV209,15,Averaging,mll,236.03599716622767,494.4952025976393,0.8326993824294093,0.9516658747983691,2.966746355715829,0.8,1.5522273247954192,1.892385186170096
SV209,15,Selection,mll,235.93562121730875,494.2944506998015,0.8326018080449341,0.7384702570448618,2.844448514378064,0.8,1.3434429655488276,1.6435155932662777
SV209,15,Matching,mll,239.69797564773563,501.81915956065524,0.8155713191053752,0.9844954509876115,1.1665417518871093,0.8,1.5247518732133483,2.2833065382146525
SV210,15,Averaging,mll,307.4323447247707,637.2878977147254,0.6389168672757894,0.9994712567550034,0.7410759906612255,0.8,1.7366680926332838,2.9535367179873413
SV210,15,Selection,mll,294.3594742890816,611.1421568433473,0.7028794974587153,0.9458211060163274,2.76614847574814,0.8,1.074732967866254,1.2292009401099349
SV210,15,Matching,mll,299.74633529129034,621.9158788477647,0.6900696502407377,0.9985433172515741,1.3116699055818088,0.8,1.2755550041311217,1.7506880465519954
SV211,15,Averaging,mll,226.0053895772485,474.433987419681,0.8839601266395298,0.5709472323515092,2.9867957553804825,0.8,1.0059718373034365,1.123341762036625
SV211,15,Selection,mll,232.71175178729732,487.8467118397786,0.8425298011084607,0.30446190341387536,2.9863540059242726,0.8,1.0480730159670049,1.2688023071426895
SV211,15,Matching,mll,229.12598377665424,480.67517581849245,0.8681110280060917,0.4732844022720369,2.9873779590792715,0.8,0.9663721360974714,1.1309537471879194
SV212,15,Averaging,mll,259.5587321674917,541.5406726001675,0.835392850647376,0.000385513992954073,2.9965597525683703,0.8,0.9314726074056522,1.072932038699419
SV212,15,Selection,mll,259.6043343847635,541.631877034711,0.8366593330980516,0.3836847313921085,2.996730187067198,0.8,0.940382316654155,1.0802975019285899
SV212,15,Matching,mll,259.54427954911375,541.5117673634115,0.8368724950150747,0.0005881827676062154,2.998564023724028,0.8,0.9392639295975517,1.0885045274128187
SV213,15,Averaging,mll,181.48301599141712,385.3892402480182,0.8672424937018892,0.8412191351206925,2.9652116218867537,0.8,1.1672441937917155,1.4606106849959266
SV213,15,Selection,mll,182.92473585060574,388.27267996639546,0.8619894381931923,0.9639827137994453,2.982930837442128,0.8,1.2868616800526,1.532414157395974
SV213,15,Matching,mll,188.44159983904535,399.3064079432747,0.8400242545822705,0.9995956623429741,1.0810775766132217,0.8,1.5443909465874548,2.3956521173826513
SV214,15,Averaging,mll,175.54098691665035,373.5051820984847,0.8916950535229767,0.0006260079101456236,2.9943765875373716,0.8,0.9643954643365308,1.1077428447407642
SV214,15,Selection,mll,175.63528498499954,373.69377823518306,0.8919308931395032,0.38580879976413535,2.9965598160333435,0.8,0.9684726630355379,1.1048756638668191
SV214,15,Matching,mll,175.54147429780807,373.5061568608001,0.8920210008222511,0.0006679230637275257,2.9996400823444325,0.8,0.9677949974292157,1.1054172940862586
SV215,15,Averaging,mll,276.7802847619908,575.9837777891656,0.7746497752870989,0.8290489093403444,0.9542795270477434,0.8,2.7355515715584366,2.830634331544071
SV215,15,Selection,mll,275.0394926590922,572.5021935833685,0.7846282351643268,0.7389026999871757,0.8526578723353258,0.8,2.8210306832782495,2.97889644781408
SV215,15,Matching,mll,275.79476516795955,574.0127386011031,0.7783214013676019,0.8349101226279947,0.8609011015253184,0.8,2.567498514739761,2.6273900580107785
SV216,15,Averaging,mll,253.01009230445587,528.4433928740957,0.8356083614949923,0.24130452387446175,0.4776556605720624,0.8,1.341430874225409,2.155789489975092
SV216,15,Selection,mll,246.97491761206285,516.3730434893097,0.8540732113994213,0.5012505943656433,2.686101604501154,0.8,0.9013339379966955,1.206421031640759
SV216,15,Matching,mll,245.31815774385757,513.0595237528992,0.8607801060270275,0.4869320131919602,2.9877376585938564,0.8,0.9851750287199168,1.1742944533075883
