subject_id,location,strategy,fit_type,error,bic,r2,pcommon,sigma_v,sigma_a,sigma_p,mu_p
LV001,raw,Averaging,mll,653.8952460590903,1327.9037351830727,0.46194640046152236,0.9866503062214625,0.2335263153613301,0.2,1.159219693666429,1.5
LV001,raw,Selection,mll,653.9350401315029,1327.983323327898,0.46142337939115774,0.9567875650520425,0.23203719717829138,0.2,1.2451564384374687,1.5
LV001,raw,Matching,mll,654.037180102214,1328.1876032693203,0.4614192310700199,0.9564445211111069,0.2320291958176846,0.2,1.3671614413282638,1.5
LV002,raw,Averaging,mll,763.3651445891707,1546.8435322432335,0.5382919646090433,0.9999678479070542,0.6632500289303264,0.2,2.926985511520626,1.5
LV002,raw,Selection,mll,762.3819480125564,1544.8771390900051,0.5102184368122817,0.994790409348207,0.47961209970721014,0.2,0.20996322214802915,1.5
LV002,raw,Matching,mll,762.6292521702213,1545.3717474053349,0.5280594534963814,0.9999955427947185,0.5768426359714621,0.2,2.9062197747406127,1.5
LV003,raw,Averaging,mll,274.67468100732094,569.4626050795342,0.9277349511257482,0.999999967691305,0.3359657348944939,0.2,2.637008393633357,1.5
LV003,raw,Selection,mll,274.7174672991481,569.5481776631885,0.9268967551929843,0.9999973988646549,0.33049004463785336,0.2,2.999960682144563,1.5
LV003,raw,Matching,mll,274.61611262358025,569.3454683120528,0.926590226274457,0.9999999885867776,0.32816494608602487,0.2,2.9999144201946124,1.5
LV005,raw,Averaging,mll,395.3569427021765,810.8271284692454,0.8229372218484666,0.9999994356197658,0.25151858699165136,0.2,2.760388291348676,1.5
LV005,raw,Selection,mll,395.3349174282465,810.7830779213854,0.8222717252249186,0.9999937026561528,0.24816925616493168,0.2,2.578830612559437,1.5
LV005,raw,Matching,mll,395.3792396901545,810.8717224452014,0.8231051170467716,0.9999972863158769,0.2525178229063316,0.2,2.3154237098485573,1.5
LV007,raw,Averaging,mll,142.86171071086517,305.8366644866227,0.9944857939781527,0.9943060930207065,0.2907547307528236,0.2,1.4287269793212245,1.5
LV007,raw,Selection,mll,145.23227565598586,310.57779437686406,0.9954409679698835,0.998991725176523,0.233481779964089,0.2,2.0920926239039797,1.5
LV007,raw,Matching,mll,141.25490927707006,302.62306161903246,0.9950311526909932,0.995602768957534,0.2622462211903653,0.2,0.7846473081821241,1.5
LV008,raw,Averaging,mll,684.928343238167,1389.9699295412263,0.41673864202991906,0.9468395475331104,0.2002217493403993,0.2,1.22425031410726,1.5
LV008,raw,Selection,mll,684.9620083626742,1390.0372597902406,0.4163092657159726,0.761922821234083,0.19704900729249025,0.2,2.8853912200975693,1.5
LV008,raw,Matching,mll,685.0170238613254,1390.147290787543,0.415785990185615,0.7304449816003042,0.19378676468453976,0.2,2.656102736052601,1.5
LV009,raw,Averaging,mll,338.249882336488,696.6130077378683,0.8550190850125009,0.39243426157678746,0.204160751236121,0.2,2.856999355001295,1.5
LV009,raw,Selection,mll,338.12133722182034,696.355917508533,0.8540677785126798,0.46185044473324355,0.1892068813781488,0.2,2.859335255800202,1.5
LV009,raw,Matching,mll,338.46406890131885,697.04138086753,0.8546424199748652,0.19965031968585503,0.20028431971841298,0.2,2.7239343744493287,1.5
LV011,raw,Averaging,mll,665.711738003294,1351.5367190714803,0.34339433120987306,0.016669202030349297,2.989285636981276,0.2,2.290179592486414,1.5
LV011,raw,Selection,mll,665.6690506735149,1351.451344411922,0.3436428013753391,0.1316451859587345,2.9790240910589625,0.2,2.993488496558851,1.5
LV011,raw,Matching,mll,666.1762344829028,1352.465712030698,0.340540940306735,0.07886987385552406,2.957168060847003,0.2,1.1436475035297873,1.5
LV012,raw,Averaging,mll,822.0205786693464,1664.154400403585,0.2948247278108195,0.9999561771965253,0.3473402012492461,0.2,2.8325084927912325,1.5
LV012,raw,Selection,mll,821.9594100900786,1664.0320632450494,0.2877669664123538,0.9999803318493894,0.33054730345033445,0.2,2.4818425915497375,1.5
LV012,raw,Matching,mll,821.9854509773687,1664.0841450196297,0.29080402242811365,0.9999529220323147,0.33800764358173463,0.2,2.8773260944216514,1.5
LV013,raw,Averaging,mll,900.2172324875763,1820.5477080400449,0.10113797032456173,0.993725358329124,0.2374705405208437,0.2,0.8209457799718656,1.5
LV013,raw,Selection,mll,900.247847208757,1820.6089374824062,0.10113744196005736,0.9779616025281053,0.23766436187016726,0.2,0.8110798977067645,1.5
LV013,raw,Matching,mll,900.329542807462,1820.7723286798162,0.10113507542478584,0.9817498024681098,0.2374045609091639,0.2,0.8330140413136915,1.5
LV015,raw,Averaging,mll,100.54757726663102,221.20839759815436,0.9931590922952197,0.10728835171818199,0.15471679411049144,0.2,1.9386054664972368,1.5
LV015,raw,Selection,mll,100.49264185844775,221.09852678178783,0.9931572871991563,0.2864434121783026,0.1514373819466633,0.2,2.5046866691095366,1.5
LV015,raw,Matching,mll,100.51186156452788,221.13696619394807,0.9931566554155343,0.050611579751538065,0.15116396391941872,0.2,2.3122026819367547,1.5
LV016,raw,Averaging,mll,776.0664251320381,1572.2460933289685,0.32634550438185017,0.2533673051255282,0.1319269782447841,0.2,2.704774887996062,1.5
LV016,raw,Selection,mll,776.1083710482962,1572.3299851614847,0.3264208131858256,0.1350166614247277,0.146580182760335,0.2,2.986563597127664,1.5
LV016,raw,Matching,mll,776.0448806838273,1572.2030044325468,0.32627004237280566,0.05900122731625237,0.12471649248369647,0.2,0.5231247225568789,1.5
LV017,raw,Averaging,mll,3.7967727224154135,27.706788509723147,0.9999874726819131,0.14071570824928323,0.14716900482775358,0.2,2.315627487886466,1.5
LV017,raw,Selection,mll,3.7356597699786485,27.584562604849616,0.9999871165737114,0.2842984589551162,0.1370464314398387,0.2,2.9907159428736527,1.5
LV017,raw,Matching,mll,3.7458609567218177,27.604964978335957,0.999987048862997,0.1145620878839207,0.13069791850930862,0.2,2.749580756200684,1.5
LV018,raw,Averaging,mll,64.2394551754848,148.59215341586193,0.9994279106354996,0.9999969001360762,0.26192365409207735,0.2,2.83234016519213,1.5
LV018,raw,Selection,mll,63.974021190583585,148.0612854460595,0.9995139523334098,0.999999839706795,0.2551805681334795,0.2,2.117136582600612,1.5
LV018,raw,Matching,mll,63.92570983973407,147.96466274436045,0.9994958422518303,0.9999998645193933,0.253949408919309,0.2,2.3164864494019985,1.5
LV019,raw,Averaging,mll,107.87363194697629,235.8605069588449,0.9937831178378634,0.999999920973231,0.33977832727742807,0.2,2.9826967504884516,1.5
LV019,raw,Selection,mll,107.81250809529001,235.73825925547234,0.9932340494865992,0.9999987175629365,0.3269070732231877,0.2,2.840391894663031,1.5
LV019,raw,Matching,mll,107.76415626984382,235.64155560457996,0.993384781469374,0.9999998583483756,0.3285858293033276,0.2,2.738507263097447,1.5
LV020,raw,Averaging,mll,318.86318288825794,657.8396088414082,0.9080198980874457,0.9999294578087942,0.4177159655560252,0.2,0.8609589579917959,1.5
LV020,raw,Selection,mll,319.5251833668594,659.1636097986111,0.8919519410631452,0.9997314376276187,0.5397783554991035,0.2,1.046211384223357,1.5
LV020,raw,Matching,mll,310.46848135486056,641.0502057746135,0.8458156089922717,0.9456075685262255,0.8504966863687321,0.2,1.160973304583056,1.5
LV021,raw,Averaging,mll,140.86164053633956,301.8365241375715,0.9766106280837007,0.8767084900170898,0.14386856482734073,0.2,2.697362918706828,1.5
LV021,raw,Selection,mll,140.91206130280062,301.9373656704936,0.9766519900808026,0.47995750456106173,0.15464804545861505,0.2,2.3257820566855556,1.5
LV021,raw,Matching,mll,140.99520712104984,302.10365730699203,0.9766777285344859,0.1515671382255833,0.16034858935017174,0.2,2.8247513830817397,1.5
LV022,raw,Averaging,mll,432.42558990388187,884.9644228726561,0.7565519878477571,0.17910809054297896,0.1336124549050087,0.2,2.722352842221996,1.5
LV022,raw,Selection,mll,432.389981945013,884.8932069549184,0.7565042614436018,0.1476297133247561,0.1232119807234353,0.2,2.972848881234188,1.5
LV022,raw,Matching,mll,432.389981945013,884.8932069549184,0.7565042614436018,0.04421283644048694,0.11475270451793226,0.2,0.8269192965230999,1.5
LV023,raw,Averaging,mll,883.764222013083,1787.6416870910582,0.2769819592073429,0.9998043568803675,0.3410081941664251,0.2,1.2075772725450946,1.5
LV023,raw,Selection,mll,883.5761664057449,1787.265575876382,0.2719503393078163,0.9995223659971868,0.3295171725937762,0.2,1.2078161055326078,1.5
LV023,raw,Matching,mll,868.0581902535345,1756.2296235719612,0.38789916062300533,0.8210849277033918,0.8882611467320409,0.2,2.9647932549736367,1.5
LV024,raw,Averaging,mll,897.5251632872153,1815.1635696393228,0.1049163926640001,0.1874588812615522,2.947845682823789,0.2,0.6827569010523522,1.5
LV024,raw,Selection,mll,938.5176451166755,1897.1485332982431,-0.34154805996064264,0.0022408793528224088,0.9431827112640075,0.2,1.3405107855306135,1.5
LV024,raw,Matching,mll,910.6948191043982,1841.5028812736887,-0.056541036796454947,0.41988701800590816,0.8412662408004032,0.2,1.5466313754044474,1.5
LV025,raw,Averaging,mll,525.3531264238691,1070.8194959126304,0.6722821247755606,0.004535162547235229,0.2902874670070218,0.2,0.4319056742383794,1.5
LV025,raw,Selection,mll,525.351891967278,1070.8170269994482,0.6724464374620589,0.3670299634121752,0.29078946721384963,0.2,0.5204147799159013,1.5
LV025,raw,Matching,mll,525.3881870854028,1070.8896172356979,0.6702897812755633,0.017441804428050513,0.2823969887555398,0.2,1.7996979716343884,1.5
SV103,raw,Averaging,mll,190.84173368096356,401.79671042681946,0.9833152153339259,0.9999366891923407,0.22584414572700828,0.2,0.7907048456742447,1.5
SV103,raw,Selection,mll,190.5887177177922,401.29067850047676,0.9833285320223503,0.9997755696485404,0.2208800263966373,0.2,1.4582650753411621,1.5
SV103,raw,Matching,mll,190.58873968143965,401.29072242777164,0.9833283967123172,0.9998738927162075,0.22115523571303525,0.2,0.9148391792705672,1.5
SV110,raw,Averaging,mll,65.06448094348713,150.24220495186657,0.9992548865451458,0.999999998663069,0.23679135115245237,0.2,1.8188709992301435,1.5
SV110,raw,Selection,mll,65.0716236647801,150.25649039445253,0.9993647556033498,0.9999999609653969,0.23765491286580137,0.2,2.455305415054464,1.5
SV110,raw,Matching,mll,65.11128639195493,150.33581584880218,0.9995582143152614,0.9999999993156632,0.23935570954764074,0.2,2.3212979631124826,1.5
SV111,raw,Averaging,mll,267.8326637769848,555.778570618862,0.945754295397349,0.9998434472454518,0.41753299444994607,0.2,2.6718574046507486,1.5
SV111,raw,Selection,mll,268.11206015348023,556.3373633718528,0.9480379541366798,0.9996495254976406,0.3960102070935957,0.2,2.537893770766755,1.5
SV111,raw,Matching,mll,266.7530534685694,553.6193500020312,0.9453585011850568,0.9982729506044962,0.4160233263884522,0.2,2.792305430530151,1.5
SV113,raw,Averaging,mll,81.92305675476476,183.95935657442183,0.9947896460100694,0.9999998138070563,0.33926924558554467,0.2,2.719980179509566,1.5
SV113,raw,Selection,mll,81.99772890483713,184.10870087456658,0.9947372062599638,0.9999970752295764,0.34254830332956904,0.2,2.315557962050632,1.5
SV113,raw,Matching,mll,81.84802684862923,183.80929676215078,0.9945564983518715,0.999999940456534,0.3296665244069317,0.2,2.9999600649634934,1.5
SV119,raw,Averaging,mll,96.62770441957474,213.3686519040418,0.9990154249809832,0.9757952498493492,0.21602214100589243,0.2,2.9195662797024866,1.5
SV119,raw,Selection,mll,96.2887608194552,212.69076470380273,0.9989743725449279,0.9525557356111306,0.20526658781372364,0.2,2.9567112312105723,1.5
SV119,raw,Matching,mll,95.70028720260554,211.5138174701034,0.9988773922832558,0.9997488066243263,0.17312780219741497,0.2,2.743930486073635,1.5
SV201,raw,Averaging,mll,70.41842447065657,160.95009200620547,0.9996997672183712,0.9999995871104188,0.22608349923923318,0.2,2.8408416826301868,1.5
SV201,raw,Selection,mll,70.32426304544876,160.76176915578984,0.9996839295248309,0.9999998697162431,0.22405249127178908,0.2,2.3154749058369695,1.5
SV201,raw,Matching,mll,70.29860508729838,160.71045323948908,0.999708356898343,0.9999999978093531,0.2238236518722894,0.2,2.6982388026746165,1.5
SV202,raw,Averaging,mll,64.96894233118586,150.05112772726403,0.9973642454748991,0.20447765274787164,0.13395249557792052,0.2,2.690274331501503,1.5
SV202,raw,Selection,mll,64.96894233118586,150.05112772726403,0.9973642454748991,0.3392284423334999,0.13205208650053205,0.2,2.817403259698963,1.5
SV202,raw,Matching,mll,64.92832079449948,149.96988465389128,0.9973629995995142,0.0374489633132483,0.1267592177018599,0.2,0.5671678904238211,1.5
SV203,raw,Averaging,mll,17.903398697108052,55.92004045910842,0.9922900686989388,0.9999996062161937,0.3546732710864036,0.2,2.911639374789488,1.5
SV203,raw,Selection,mll,17.977627912719186,56.06849889033069,0.9922137230654704,0.9999938629451937,0.3554432468602305,0.2,2.5566006861216386,1.5
SV203,raw,Matching,mll,17.907478001749496,55.92819906839131,0.9922058865614435,0.9999999731769107,0.36121647895493275,0.2,2.919529764986538,1.5
SV204,raw,Averaging,mll,121.71422460974956,263.54169228439144,0.9783580294044802,0.9999997270175597,0.35422407709495096,0.2,2.4944565415195155,1.5
SV204,raw,Selection,mll,121.86024817398524,263.8337394128628,0.9781486059120741,0.9999920457489865,0.36046205843950574,0.2,2.576994758770258,1.5
SV204,raw,Matching,mll,121.65399954940527,263.42124216370286,0.9783358783960983,0.9999961127474419,0.3624246923256688,0.2,0.2228112835890283,1.5
SV205,raw,Averaging,mll,72.22531107465677,164.56386521420586,0.9985283107295195,0.9804526550817771,0.18627635917587185,0.2,2.992157238114097,1.5
SV205,raw,Selection,mll,72.03113487460203,164.17551281409638,0.9985357205070886,0.9736071592239208,0.17449291056963032,0.2,2.8183830894903683,1.5
SV205,raw,Matching,mll,72.70622875316091,165.52570057121414,0.9985007100802203,0.7692203178857656,0.20402870732281284,0.2,2.8383892454165918,1.5
SV206,raw,Averaging,mll,379.55825794466796,779.2297589542283,0.7643191258671691,0.2279577400190969,0.8610752821430148,0.2,1.1815592462864601,1.5
SV206,raw,Selection,mll,383.280669912662,786.6745828902164,0.7361964130386834,0.16470704645005038,0.8479920441643529,0.2,2.9188415485039694,1.5
SV206,raw,Matching,mll,376.8046574650131,773.7225579949186,0.7864246084946139,0.3165455226452206,0.6369889139038596,0.2,1.4872335871637412,1.5
SV207,raw,Averaging,mll,24.16772507477123,68.44869321443478,0.9996709042946194,0.8989859628770611,0.15269171909081442,0.2,2.642060276075058,1.5
SV207,raw,Selection,mll,24.181633030743544,68.47650912637941,0.9996697708092458,0.7292541798658831,0.1516816146827787,0.2,2.525922944380143,1.5
SV207,raw,Matching,mll,24.177923201720322,68.46908946833297,0.9996708812272657,0.6757808866098594,0.14993155887339174,0.2,2.8719957377696916,1.5
SV208,raw,Averaging,mll,128.47129952569497,277.0558421162823,0.9949468301679442,0.999997651300798,0.2902693612503076,0.2,2.7004939946840016,1.5
SV208,raw,Selection,mll,128.55704905739773,277.2273411796878,0.9947923020502101,0.9999371016054516,0.28742463395545986,0.2,2.722091724125807,1.5
SV208,raw,Matching,mll,128.44629221276202,277.0058274904164,0.9948322417088397,0.9999942823772275,0.28127472676291215,0.2,2.939232001719132,1.5
SV209,raw,Averaging,mll,75.32187362556884,170.75699031603,0.993056045289658,0.9999999119949228,0.34115339402007144,0.2,2.9147761960373275,1.5
SV209,raw,Selection,mll,75.66980905278649,171.4528611704653,0.9932705108014446,0.9999983077894561,0.32084637219392187,0.2,2.676710175494428,1.5
SV209,raw,Matching,mll,75.62736989126608,171.36798284742449,0.9924257834786152,0.9999291836573468,0.3412543156087397,0.2,2.710181019105607,1.5
SV210,raw,Averaging,mll,33.78320308070858,87.67964922630948,0.9914081577008496,0.9999999824034399,0.36044924981854887,0.2,2.7176591605905256,1.5
SV210,raw,Selection,mll,33.860494005548844,87.83423107599,0.9913223260625379,0.9999987909225742,0.36180158156190884,0.2,2.6577030372916233,1.5
SV210,raw,Matching,mll,33.85252213425891,87.81828733341014,0.9913246659508645,0.9999994035502522,0.36260064659029956,0.2,2.9996781395591756,1.5
SV211,raw,Averaging,mll,76.47962720124897,173.07249746739026,0.9999135427476058,0.999198493048499,0.21780346694126557,0.2,0.8783490628813273,1.5
SV211,raw,Selection,mll,77.39634337634659,174.9059298175855,0.9990728587859443,0.9830965445184243,0.2346260951847874,0.2,0.7940620185071394,1.5
SV211,raw,Matching,mll,76.56139382979853,173.23603072448938,0.9999046635143793,0.9922232081005056,0.21908543411043122,0.2,2.9663775378252155,1.5
SV212,raw,Averaging,mll,21.272508275108486,62.65825961510929,0.9999989599352512,0.9772980918859159,0.16696635350127872,0.2,2.593799481840645,1.5
SV212,raw,Selection,mll,21.209396595326627,62.53203625554558,0.9999923505391901,0.9713277440528328,0.15512982122627997,0.2,2.7024602245060456,1.5
SV212,raw,Matching,mll,21.931920507805913,63.97708408050414,0.9999632009592186,0.3706174902947951,0.19695375497831594,0.2,2.9354848121291672,1.5
SV213,raw,Averaging,mll,78.41185537258329,176.9369538100589,0.996311994166923,0.9999999563866627,0.300896685445873,0.2,2.973483469881902,1.5
SV213,raw,Selection,mll,78.28741834702346,176.68807975893924,0.9961460987723348,0.999999120670856,0.2958567460044126,0.2,2.576945526160849,1.5
SV213,raw,Matching,mll,78.32253522051904,176.7583135059304,0.9958733317950779,0.9999996176383512,0.2926190256557131,0.2,2.64716810261344,1.5
SV214,raw,Averaging,mll,22.129145767650492,64.3715346001933,0.9999890574018657,0.9539551168916102,0.1682141272474411,0.2,2.9870952342700705,1.5
SV214,raw,Selection,mll,22.233359240870207,64.57996154663273,0.9999759058140165,0.79680477499235,0.17547345576815987,0.2,2.6283583298549518,1.5
SV214,raw,Matching,mll,22.144535492775635,64.4023140504436,0.999984805276052,0.8237168395821942,0.16650906776999932,0.2,2.3714663882485687,1.5
SV215,raw,Averaging,mll,180.7108534942336,381.5349500533595,0.9880865830657677,0.9999999972592413,0.2575485710739397,0.2,2.615444044973793,1.5
SV215,raw,Selection,mll,180.7028659200266,381.51897490494554,0.9881123180136957,0.9999999586179866,0.25764495444041796,0.2,2.3750860289477447,1.5
SV215,raw,Matching,mll,180.82280717558785,381.75885741606805,0.9883548504764788,0.9999995595878273,0.26195628798469084,0.2,1.2117304285436072,1.5
SV216,raw,Averaging,mll,78.56634514323666,177.24593335136564,0.9999403563077326,0.9999793881933541,0.2089166186992891,0.2,2.360471923387861,1.5
SV216,raw,Selection,mll,155.97115590483418,332.0555548745607,0.796447111168439,0.537688764223839,1.9780306137920947,0.2,0.50346678035436,1.5
SV216,raw,Matching,mll,78.62749988408426,177.36824283306083,0.9999361798333448,0.9997558243461482,0.21145677433990254,0.2,2.905531488884425,1.5
LV001,visible,Averaging,mll,45.51512711643617,107.65404486834761,0.9897851788612241,0.995401134746267,0.21194055278638638,0.2,2.317259542942026,1.5
LV001,visible,Selection,mll,45.498878030040046,107.62154669555537,0.9897161140897723,0.9765812252096088,0.20980866796383124,0.2,2.9683524959454877,1.5
LV001,visible,Matching,mll,45.53330664835727,107.69040393218981,0.9897942373308534,0.9749558658972035,0.21214646158745196,0.2,2.9677606666173095,1.5
LV002,visible,Averaging,mll,170.89005565920903,357.9745994229713,0.6692100700954695,0.999963433693434,0.5406137943582795,0.2,2.8983547176189948,1.5
LV002,visible,Selection,mll,170.64021188803224,357.47491188061775,0.6720966524370212,0.9997982531165531,0.4611911212214554,0.2,2.9590603537583626,1.5
LV002,visible,Matching,mll,170.6243930993492,357.44327430325166,0.6712964417830033,0.9998919274273276,0.4290231101711612,0.2,2.3152589188317085,1.5
LV003,visible,Averaging,mll,29.46439353187496,78.00750866976705,0.995682972773511,0.9999996779140524,0.32386070468676537,0.2,2.1785034009450257,1.5
LV003,visible,Selection,mll,29.43861564202892,77.95595289007497,0.9958832346987055,0.9999981359904794,0.3283356095945751,0.2,2.7780817043440167,1.5
LV003,visible,Matching,mll,29.379963668974714,77.83864894396656,0.9959778326719017,0.9999999531130329,0.3276532119613579,0.2,2.5421283505230345,1.5
LV005,visible,Averaging,mll,105.83973314124961,230.2809938046273,0.9824492079764057,0.999999962097791,0.2507012604821211,0.2,2.317520215323507,1.5
LV005,visible,Selection,mll,105.7837552083232,230.16903793877447,0.982004881039851,0.9999999981312394,0.24595461817472108,0.2,2.4110461297078527,1.5
LV005,visible,Matching,mll,105.80700780446644,230.21554313106094,0.9823621490480917,0.9999999714678053,0.2490385012210454,0.2,1.8943631195419597,1.5
LV007,visible,Averaging,mll,142.86171071086517,305.8366644866227,0.9944857939781527,0.9943060930207065,0.2907547307528236,0.2,1.4287269793212245,1.5
LV007,visible,Selection,mll,145.23227565598586,310.57779437686406,0.9954409679698835,0.998991725176523,0.233481779964089,0.2,2.0920926239039797,1.5
LV007,visible,Matching,mll,141.25490927707006,302.62306161903246,0.9950311526909932,0.995602768957534,0.2622462211903653,0.2,0.7846473081821241,1.5
LV008,visible,Averaging,mll,20.972852020637177,57.35309935242514,0.9947876296899718,0.9793970738871223,0.19653082649243864,0.2,0.6426686055985003,1.5
LV008,visible,Selection,mll,20.91857147206371,57.24453825527821,0.9946109308215496,0.9537035740224434,0.1770612252187268,0.2,2.9797417070250676,1.5
LV008,visible,Matching,mll,21.041739848506463,57.49087500816371,0.9948790684411746,0.7197455613861171,0.20446548944160925,0.2,2.909051515129845,1.5
LV009,visible,Averaging,mll,25.15398056607816,68.90948865428439,0.9990934077508802,0.9106398643043667,0.16817057309594619,0.2,2.2480993543223837,1.5
LV009,visible,Selection,mll,25.19696033788805,68.99544819790417,0.9990918066399496,0.6127777053400445,0.17295033657189582,0.2,2.8685093333954415,1.5
LV009,visible,Matching,mll,25.54497841960567,69.6914843613394,0.9991291286131323,0.1988876648746199,0.19253457306387797,0.2,2.820042404862902,1.5
LV011,visible,Averaging,mll,105.3452641088729,228.1773650705764,0.6065236958100604,0.27472169204008967,2.94619477386972,0.2,1.6585218377588704,1.5
LV011,visible,Selection,mll,106.92485845311654,231.3365537590637,0.587725295613893,0.4037150820114729,2.0605737679920133,0.2,2.7332478569954937,1.5
LV011,visible,Matching,mll,106.95915344935733,231.40514375154527,0.6077155837035271,0.430240553478226,1.2773459003537921,0.2,0.17905535004785642,1.5
LV015,visible,Averaging,mll,69.34344084912867,158.67244591989328,0.9939573807099586,0.21168957916932346,0.14451291069526798,0.2,1.8340538286649448,1.5
LV015,visible,Selection,mll,69.31450616698973,158.6145765556154,0.9939591441273281,0.2881255462607432,0.1518109897800358,0.2,2.4490093567902758,1.5
LV015,visible,Matching,mll,69.32921879648669,158.6440018146093,0.9939587214212148,0.07525824449540289,0.1503734478114601,0.2,2.25084046265173,1.5
LV016,visible,Averaging,mll,25.652652162438788,65.18022276473039,0.9374999824201601,0.3910212547188483,0.12555541883419355,0.2,2.3358761087459547,1.5
LV016,visible,Selection,mll,25.652652162438788,65.18022276473039,0.9374999824201601,0.3533103454305066,0.12341942731122511,0.2,2.7670108624330227,1.5
LV016,visible,Matching,mll,25.65145250274166,65.17782344533613,0.9374999912092223,0.04391907265288855,0.11417650906872394,0.2,0.8220883664028074,1.5
LV017,visible,Averaging,mll,3.7967727224154135,27.706788509723147,0.9999874726819131,0.14071570824928323,0.14716900482775358,0.2,2.315627487886466,1.5
LV017,visible,Selection,mll,3.7356597699786485,27.584562604849616,0.9999871165737114,0.2842984589551162,0.1370464314398387,0.2,2.9907159428736527,1.5
LV017,visible,Matching,mll,3.7458609567218177,27.604964978335957,0.999987048862997,0.1145620878839207,0.13069791850930862,0.2,2.749580756200684,1.5
LV018,visible,Averaging,mll,64.2394551754848,148.59215341586193,0.9994279106354996,0.9999969001360762,0.26192365409207735,0.2,2.83234016519213,1.5
LV018,visible,Selection,mll,63.974021190583585,148.0612854460595,0.9995139523334098,0.999999839706795,0.2551805681334795,0.2,2.117136582600612,1.5
LV018,visible,Matching,mll,63.92570983973407,147.96466274436045,0.9994958422518303,0.9999998645193933,0.253949408919309,0.2,2.3164864494019985,1.5
LV019,visible,Averaging,mll,93.03002143480386,206.11012570690653,0.9945069297806606,0.9999999826245259,0.3281369096890588,0.2,2.5770507989241076,1.5
LV019,visible,Selection,mll,93.09749633938806,206.24507551607493,0.9943640297540848,0.9999984005317359,0.3270600638105115,0.2,2.999026820817946,1.5
LV019,visible,Matching,mll,93.01072381628413,206.07153046986707,0.9944831112298141,0.9999999441772568,0.3268937167846715,0.2,2.9999999995313824,1.5
LV020,visible,Averaging,mll,318.86318288825794,657.8396088414082,0.9080198980874457,0.9999294578087942,0.4177159655560252,0.2,0.8609589579917959,1.5
LV020,visible,Selection,mll,319.5251833668594,659.1636097986111,0.8919519410631452,0.9997314376276187,0.5397783554991035,0.2,1.046211384223357,1.5
LV020,visible,Matching,mll,310.46848135486056,641.0502057746135,0.8458156089922717,0.9456075685262255,0.8504966863687321,0.2,1.160973304583056,1.5
LV021,visible,Averaging,mll,17.77811946351391,55.122517321538275,0.9997102924731927,0.2725691541177306,0.1723613230298398,0.2,2.471013847913417,1.5
LV021,visible,Selection,mll,17.681733621640156,54.92974563779077,0.9996938317852361,0.5106087735895961,0.1530924733121353,0.2,2.1267692990846676,1.5
LV021,visible,Matching,mll,17.652259710900935,54.870797816312326,0.9996981035380936,0.4653793251758637,0.15040629261486393,0.2,2.7044948712116472,1.5
LV022,visible,Averaging,mll,40.29728184596859,98.50068637189328,0.99548179309216,0.11231494014167107,0.14923179446960344,0.2,2.9629544369390706,1.5
LV022,visible,Selection,mll,40.24506381124315,98.3962503024424,0.9954726046198623,0.3862713221225988,0.12790618718842758,0.2,2.6217451842525468,1.5
LV022,visible,Matching,mll,40.24055726351132,98.38723720697874,0.9954676823371869,0.0679517548349589,0.11932160755912344,0.2,1.8247034755869944,1.5
LV023,visible,Averaging,mll,179.59323581434228,375.81026226415986,0.7522648946652024,0.9998874386493727,0.3410961851093172,0.2,2.9137632795787134,1.5
LV023,visible,Selection,mll,179.51134915235244,375.6464889401802,0.7483623527545207,0.9995877440260834,0.31133024234323997,0.2,2.7191782828315865,1.5
LV023,visible,Matching,mll,179.46571210581706,375.5552148471094,0.7497629043843623,0.99868483448064,0.3293151751706504,0.2,2.624229795700487,1.5
LV024,visible,Averaging,mll,432.30792178644276,882.649645096098,-0.09399630839767781,0.37735107837913107,2.8075262929561093,0.2,1.2284129312010388,1.5
LV024,visible,Selection,mll,432.3285432364064,882.6908879960253,-0.09471428384613567,0.5176137902854382,2.6534247084288882,0.2,0.9267879520825177,1.5
LV024,visible,Matching,mll,435.543784973906,889.1213714710244,-0.04812848026460981,0.6676338406386338,0.557583891511626,0.2,0.10603032470006436,1.5
LV025,visible,Averaging,mll,53.830175616983006,125.29355857930493,0.9937059650918898,0.005723455393449121,0.29027729532407776,0.2,0.5233333055814782,1.5
LV025,visible,Selection,mll,53.832579645360326,125.29836663605957,0.993424877721735,0.2533126402301052,0.2823030705139027,0.2,1.3220148398432037,1.5
LV025,visible,Matching,mll,53.822108941255436,125.27742522784979,0.992965163468955,0.1012135669051567,0.26901470982292186,0.2,0.4960752864869213,1.5
SV103,visible,Averaging,mll,173.6827320977058,367.41554703271044,0.9831541240000318,0.9999985584297653,0.21259995895356748,0.2,1.381463005288253,1.5
SV103,visible,Selection,mll,173.80200081114248,367.65408445958377,0.983137647074382,0.9998889349725675,0.21626421955382139,0.2,2.9799241353634143,1.5
SV103,visible,Matching,mll,174.11822234673028,368.2865275307594,0.9829907110641155,0.9998437305456235,0.2236551466380371,0.2,0.9059253293144429,1.5
SV110,visible,Averaging,mll,65.06448094348713,150.24220495186657,0.9992548865451458,0.999999998663069,0.23679135115245237,0.2,1.8188709992301435,1.5
SV110,visible,Selection,mll,65.0716236647801,150.25649039445253,0.9993647556033498,0.9999999609653969,0.23765491286580137,0.2,2.455305415054464,1.5
SV110,visible,Matching,mll,65.11128639195493,150.33581584880218,0.9995582143152614,0.9999999993156632,0.23935570954764074,0.2,2.3212979631124826,1.5
SV111,visible,Averaging,mll,246.6829140952974,513.4159110278937,0.9439082342583777,0.9998456353608259,0.41751677767898093,0.2,2.557870009363406,1.5
SV111,visible,Selection,mll,246.36951555646985,512.7891139502385,0.947381520899732,0.9997821716429873,0.3886232299704223,0.2,2.4153894509199763,1.5
SV111,visible,Matching,mll,246.6629876860382,513.3760582093753,0.9401503890764389,0.9933061676852682,0.41483285920460167,0.2,2.8086183791297836,1.5
SV113,visible,Averaging,mll,45.5621683077315,111.10990083709893,0.99448492188414,0.9999998005065335,0.3359342567946325,0.2,2.8653997461439835,1.5
SV113,visible,Selection,mll,45.55536255293099,111.09628932749791,0.9945064029688278,0.9999976351060098,0.3413700870161594,0.2,0.7846677602526616,1.5
SV113,visible,Matching,mll,45.55866330144158,111.10289082451908,0.9945185627520542,0.9999993953190429,0.3369474620360524,0.2,0.7847444219259341,1.5
SV119,visible,Averaging,mll,80.80548601903885,181.66105487537652,0.9994805438385232,0.9802634644334384,0.21266283114121792,0.2,2.9584106499145815,1.5
SV119,visible,Selection,mll,80.56837376265423,181.18683036260728,0.9994887066136868,0.953687954929113,0.20465742352214403,0.2,2.9417985923478946,1.5
SV119,visible,Matching,mll,80.32268331421078,180.69544946572037,0.999483954320447,0.9837986990704466,0.1933952361477361,0.2,2.961254165657847,1.5
SV201,visible,Averaging,mll,70.41842447065657,160.95009200620547,0.9996997672183712,0.9999995871104188,0.22608349923923318,0.2,2.8408416826301868,1.5
SV201,visible,Selection,mll,70.32426304544876,160.76176915578984,0.9996839295248309,0.9999998697162431,0.22405249127178908,0.2,2.3154749058369695,1.5
SV201,visible,Matching,mll,70.29860508729838,160.71045323948908,0.999708356898343,0.9999999978093531,0.2238236518722894,0.2,2.6982388026746165,1.5
SV202,visible,Averaging,mll,64.96894233118586,150.05112772726403,0.9973642454748991,0.20447765274787164,0.13395249557792052,0.2,2.690274331501503,1.5
SV202,visible,Selection,mll,64.96894233118586,150.05112772726403,0.9973642454748991,0.3392284423334999,0.13205208650053205,0.2,2.817403259698963,1.5
SV202,visible,Matching,mll,64.92832079449948,149.96988465389128,0.9973629995995142,0.0374489633132483,0.1267592177018599,0.2,0.5671678904238211,1.5
SV203,visible,Averaging,mll,17.903398697108052,55.92004045910842,0.9922900686989388,0.9999996062161937,0.3546732710864036,0.2,2.911639374789488,1.5
SV203,visible,Selection,mll,17.977627912719186,56.06849889033069,0.9922137230654704,0.9999938629451937,0.3554432468602305,0.2,2.5566006861216386,1.5
SV203,visible,Matching,mll,17.907478001749496,55.92819906839131,0.9922058865614435,0.9999999731769107,0.36121647895493275,0.2,2.919529764986538,1.5
SV204,visible,Averaging,mll,121.71422460974956,263.54169228439144,0.9783580294044802,0.9999997270175597,0.35422407709495096,0.2,2.4944565415195155,1.5
SV204,visible,Selection,mll,121.86024817398524,263.8337394128628,0.9781486059120741,0.9999920457489865,0.36046205843950574,0.2,2.576994758770258,1.5
SV204,visible,Matching,mll,121.65399954940527,263.42124216370286,0.9783358783960983,0.9999961127474419,0.3624246923256688,0.2,0.2228112835890283,1.5
SV205,visible,Averaging,mll,72.22531107465677,164.56386521420586,0.9985283107295195,0.9804526550817771,0.18627635917587185,0.2,2.992157238114097,1.5
SV205,visible,Selection,mll,72.03113487460203,164.17551281409638,0.9985357205070886,0.9736071592239208,0.17449291056963032,0.2,2.8183830894903683,1.5
SV205,visible,Matching,mll,72.70622875316091,165.52570057121414,0.9985007100802203,0.7692203178857656,0.20402870732281284,0.2,2.8383892454165918,1.5
SV206,visible,Averaging,mll,379.55825794466796,779.2297589542283,0.7643191258671691,0.2279577400190969,0.8610752821430148,0.2,1.1815592462864601,1.5
SV206,visible,Selection,mll,383.280669912662,786.6745828902164,0.7361964130386834,0.16470704645005038,0.8479920441643529,0.2,2.9188415485039694,1.5
SV206,visible,Matching,mll,376.8046574650131,773.7225579949186,0.7864246084946139,0.3165455226452206,0.6369889139038596,0.2,1.4872335871637412,1.5
SV207,visible,Averaging,mll,24.16772507477123,68.44869321443478,0.9996709042946194,0.8989859628770611,0.15269171909081442,0.2,2.642060276075058,1.5
SV207,visible,Selection,mll,24.181633030743544,68.47650912637941,0.9996697708092458,0.7292541798658831,0.1516816146827787,0.2,2.525922944380143,1.5
SV207,visible,Matching,mll,24.177923201720322,68.46908946833297,0.9996708812272657,0.6757808866098594,0.14993155887339174,0.2,2.8719957377696916,1.5
SV208,visible,Averaging,mll,128.47129952569497,277.0558421162823,0.9949468301679442,0.999997651300798,0.2902693612503076,0.2,2.7004939946840016,1.5
SV208,visible,Selection,mll,128.55704905739773,277.2273411796878,0.9947923020502101,0.9999371016054516,0.28742463395545986,0.2,2.722091724125807,1.5
SV208,visible,Matching,mll,128.44629221276202,277.0058274904164,0.9948322417088397,0.9999942823772275,0.28127472676291215,0.2,2.939232001719132,1.5
SV209,visible,Averaging,mll,75.32187362556884,170.75699031603,0.993056045289658,0.9999999119949228,0.34115339402007144,0.2,2.9147761960373275,1.5
SV209,visible,Selection,mll,75.66980905278649,171.4528611704653,0.9932705108014446,0.9999983077894561,0.32084637219392187,0.2,2.676710175494428,1.5
SV209,visible,Matching,mll,75.62736989126608,171.36798284742449,0.9924257834786152,0.9999291836573468,0.3412543156087397,0.2,2.710181019105607,1.5
SV210,visible,Averaging,mll,33.78320308070858,87.67964922630948,0.9914081577008496,0.9999999824034399,0.36044924981854887,0.2,2.7176591605905256,1.5
SV210,visible,Selection,mll,33.860494005548844,87.83423107599,0.9913223260625379,0.9999987909225742,0.36180158156190884,0.2,2.6577030372916233,1.5
SV210,visible,Matching,mll,33.85252213425891,87.81828733341014,0.9913246659508645,0.9999994035502522,0.36260064659029956,0.2,2.9996781395591756,1.5
SV211,visible,Averaging,mll,76.47962720124897,173.07249746739026,0.9999135427476058,0.999198493048499,0.21780346694126557,0.2,0.8783490628813273,1.5
SV211,visible,Selection,mll,77.39634337634659,174.9059298175855,0.9990728587859443,0.9830965445184243,0.2346260951847874,0.2,0.7940620185071394,1.5
SV211,visible,Matching,mll,76.56139382979853,173.23603072448938,0.9999046635143793,0.9922232081005056,0.21908543411043122,0.2,2.9663775378252155,1.5
SV212,visible,Averaging,mll,21.272508275108486,62.65825961510929,0.9999989599352512,0.9772980918859159,0.16696635350127872,0.2,2.593799481840645,1.5
SV212,visible,Selection,mll,21.209396595326627,62.53203625554558,0.9999923505391901,0.9713277440528328,0.15512982122627997,0.2,2.7024602245060456,1.5
SV212,visible,Matching,mll,21.931920507805913,63.97708408050414,0.9999632009592186,0.3706174902947951,0.19695375497831594,0.2,2.9354848121291672,1.5
SV213,visible,Averaging,mll,78.41185537258329,176.9369538100589,0.996311994166923,0.9999999563866627,0.300896685445873,0.2,2.973483469881902,1.5
SV213,visible,Selection,mll,78.28741834702346,176.68807975893924,0.9961460987723348,0.999999120670856,0.2958567460044126,0.2,2.576945526160849,1.5
SV213,visible,Matching,mll,78.32253522051904,176.7583135059304,0.9958733317950779,0.9999996176383512,0.2926190256557131,0.2,2.64716810261344,1.5
SV214,visible,Averaging,mll,22.129145767650492,64.3715346001933,0.9999890574018657,0.9539551168916102,0.1682141272474411,0.2,2.9870952342700705,1.5
SV214,visible,Selection,mll,22.233359240870207,64.57996154663273,0.9999759058140165,0.79680477499235,0.17547345576815987,0.2,2.6283583298549518,1.5
SV214,visible,Matching,mll,22.144535492775635,64.4023140504436,0.999984805276052,0.8237168395821942,0.16650906776999932,0.2,2.3714663882485687,1.5
SV215,visible,Averaging,mll,161.30146166253496,342.65300616236874,0.9914342697457268,0.9999999822884879,0.25763315412363774,0.2,2.575890223149076,1.5
SV215,visible,Selection,mll,161.29425139136475,342.6385856200283,0.9914578666376404,0.9999999981160631,0.25757794664050515,0.2,2.9985248527389774,1.5
SV215,visible,Matching,mll,161.4374420793822,342.92496699606323,0.9916265241890857,0.9999975496309031,0.26202541417364666,0.2,2.3155157895211835,1.5
SV216,visible,Averaging,mll,78.56634514323666,177.24593335136564,0.9999403563077326,0.9999793881933541,0.2089166186992891,0.2,2.360471923387861,1.5
SV216,visible,Selection,mll,155.97115590483418,332.0555548745607,0.796447111168439,0.537688764223839,1.9780306137920947,0.2,0.50346678035436,1.5
SV216,visible,Matching,mll,78.62749988408426,177.36824283306083,0.9999361798333448,0.9997558243461482,0.21145677433990254,0.2,2.905531488884425,1.5
LV001,invisible,Averaging,mll,598.9724747770499,1216.9341122706678,-0.5264535355263071,0.9557243102949896,0.23757788985448777,0.2,0.8241284553066721,1.5
LV001,invisible,Selection,mll,598.9719539946959,1216.9330707059598,-0.5252332713702257,0.8972446586244642,0.2369989301611398,0.2,0.8437686834443532,1.5
LV001,invisible,Matching,mll,598.9724725842682,1216.9341078851044,-0.5226390940612071,0.884681150777899,0.23727579204244695,0.2,0.8434670044412798,1.5
LV002,invisible,Averaging,mll,585.9368003617128,1191.0392849400625,0.43037720986611094,0.985085637105665,0.6405192597601389,0.2,0.16760148351064336,1.5
LV002,invisible,Selection,mll,585.8835857532068,1190.9328557230506,0.4260182801746466,0.9932746081870325,0.6141284479689098,0.2,0.27569730320866753,1.5
LV002,invisible,Matching,mll,585.9870094826376,1191.1397031819122,0.42495443787156095,0.9989588863221971,0.6084499971467021,0.2,0.1635310079730088,1.5
LV003,invisible,Averaging,mll,244.19023115662304,504.7972743342605,0.21670866860428262,0.9999358262643303,0.31375270656273135,0.2,1.8248910409552528,1.5
LV003,invisible,Selection,mll,244.18442089374517,504.7856538085048,0.21062006073871853,0.9999340938979098,0.2982754181050369,0.2,1.8327410718936767,1.5
LV003,invisible,Matching,mll,244.18573889263718,504.7882898062888,0.2129992427613251,0.9999526230745946,0.3033799485141623,0.2,1.6049023465398518,1.5
LV005,invisible,Averaging,mll,286.1135588067731,589.5600745832141,0.34706185859006244,0.9999448935125933,0.2653704767031601,0.2,1.5949239414713638,1.5
LV005,invisible,Selection,mll,286.05703112254395,589.4470192147559,0.34283519084057124,0.9999498238114974,0.2528066411338463,0.2,2.5887994325803447,1.5
LV005,invisible,Matching,mll,286.07458769144114,589.4821323525503,0.3438394871897793,0.9999492404709944,0.25641763984780513,0.2,2.201930302110172,1.5
LV008,invisible,Averaging,mll,633.927816091966,1287.2680306952798,0.2599251772702581,0.5713827521820536,0.11788472031527493,0.2,0.1998499114076937,1.5
LV008,invisible,Selection,mll,633.9919767210874,1287.3963519535228,0.26007447961825203,0.14003238552409975,0.14693288116721176,0.2,2.9842409339217832,1.5
LV008,invisible,Matching,mll,633.943811554594,1287.300021620536,0.2599251621521639,0.058331625575686906,0.1255486268118847,0.2,0.5231300434088457,1.5
LV009,invisible,Averaging,mll,310.5717532111591,638.4764633919862,0.2825625613383078,0.5594921866872032,0.2040356308144627,0.2,2.8238235403769343,1.5
LV009,invisible,Selection,mll,310.630038005453,638.593032980574,0.2818039400656769,0.5510804625886434,0.2002935092184653,0.2,1.9509814898040572,1.5
LV009,invisible,Matching,mll,310.6639124910027,638.6607819516734,0.28141133482517466,0.28640776793225164,0.1971105410522236,0.2,2.9255066898700424,1.5
LV011,invisible,Averaging,mll,551.9984455431785,1122.4931446490511,0.032189843619580105,0.0006152775414086586,2.9954035966666637,0.2,1.8923504882535331,1.5
LV011,invisible,Selection,mll,551.9584235587832,1122.4131006802606,0.0325399359351114,0.2358528091333459,2.998670652197316,0.2,2.9995958048474334,1.5
LV011,invisible,Matching,mll,552.09216287354,1122.6805793097742,0.031287737742163424,0.0005355784205225526,2.969859556216208,0.2,2.9984211964678624,1.5
LV012,invisible,Averaging,mll,822.0205786693464,1664.154400403585,0.2948247278108195,0.9999561771965253,0.3473402012492461,0.2,2.8325084927912325,1.5
LV012,invisible,Selection,mll,821.9594100900786,1664.0320632450494,0.2877669664123538,0.9999803318493894,0.33054730345033445,0.2,2.4818425915497375,1.5
LV012,invisible,Matching,mll,821.9854509773687,1664.0841450196297,0.29080402242811365,0.9999529220323147,0.33800764358173463,0.2,2.8773260944216514,1.5
LV013,invisible,Averaging,mll,900.2172324875763,1820.5477080400449,0.10113797032456173,0.993725358329124,0.2374705405208437,0.2,0.8209457799718656,1.5
LV013,invisible,Selection,mll,900.247847208757,1820.6089374824062,0.10113744196005736,0.9779616025281053,0.23766436187016726,0.2,0.8110798977067645,1.5
LV013,invisible,Matching,mll,900.329542807462,1820.7723286798162,0.10113507542478584,0.9817498024681098,0.2374045609091639,0.2,0.8330140413136915,1.5
LV015,invisible,Averaging,mll,28.83283232157131,68.2447462169911,0.34859776672261167,0.25353950387496826,0.1319133370838869,0.2,2.704341747831408,1.5
LV015,invisible,Selection,mll,28.83447226038191,68.2480260946123,0.3486699356234292,0.13449760512040412,0.14645586491156834,0.2,2.987082922404978,1.5
LV015,invisible,Matching,mll,28.83159255326568,68.24226668037984,0.3485254610925793,0.014520676978829129,0.12552791792714202,0.2,1.1212566882351254,1.5
LV016,invisible,Averaging,mll,746.6825922800729,1513.0778334471645,0.22971740303224575,0.19648484360861737,0.12305862313736583,0.2,0.10336687296416613,1.5
LV016,invisible,Selection,mll,746.7453098897499,1513.2032686665186,0.22987407911249713,0.13560391263458113,0.1462900672417628,0.2,2.987217682420711,1.5
LV016,invisible,Matching,mll,746.6914897561599,1513.0956283993385,0.22971739499213772,0.05841270368732757,0.12588290142876304,0.2,0.5231276165783387,1.5
LV019,invisible,Averaging,mll,12.946080106452435,34.39180024507352,0.5395555851783183,0.9996534201489335,0.48544433284658606,0.2,0.2608908475121864,1.5
LV019,invisible,Selection,mll,12.945892238801791,34.391424509772236,0.5388322783600423,0.99861999578146,0.48278085591336983,0.2,0.24088929583134638,1.5
LV019,invisible,Matching,mll,12.946360518316956,34.39236106880256,0.5392540681328339,0.9998015395560499,0.48438944188269106,0.2,0.13656975523721032,1.5
LV021,invisible,Averaging,mll,122.53953736759637,259.8170393924009,0.3485977667117467,0.2535395038704348,0.13191333708386432,0.2,2.704341747832129,1.5
LV021,invisible,Selection,mll,122.54650710754123,259.83097887229064,0.34866993561257487,0.13449760511972708,0.1464558649115867,0.2,2.987082922405439,1.5
LV021,invisible,Matching,mll,122.53426835229749,259.80650136180316,0.3485254610817108,0.014520676978640939,0.12552791790988888,0.2,1.1212566882300008,1.5
LV022,invisible,Averaging,mll,390.52096501377133,799.1981975343159,0.3281847136819813,0.2537953387173774,0.13188289151328675,0.2,2.703746041518978,1.5
LV022,invisible,Selection,mll,390.54258822247704,799.2414439517273,0.3282575306802952,0.13402782752346407,0.14635180101654618,0.2,2.9876577417975367,1.5
LV022,invisible,Matching,mll,390.5099425506572,799.1761526080876,0.3281117537962891,0.0587659917517876,0.1246186870893774,0.2,0.5231233508063357,1.5
LV023,invisible,Averaging,mll,684.8697107679658,1388.7285842524996,0.21867617960309504,0.8008028258839521,2.9697678295018797,0.2,2.579627609970461,1.5
LV023,invisible,Selection,mll,685.0873491107903,1389.1638609381487,0.2169063661625561,0.552526033951275,2.589780693385918,0.2,2.375698398303937,1.5
LV023,invisible,Matching,mll,684.3910728073772,1387.7713083313224,0.22007481830531006,0.7703488473307092,2.7473640657104195,0.2,1.9979662883611744,1.5
LV024,invisible,Averaging,mll,437.05177007945883,892.1373416821301,0.11844332159161941,0.9991911771622154,0.23696650058731386,0.2,1.0212435903788255,1.5
LV024,invisible,Selection,mll,437.0536571449931,892.1411158131987,0.11870808371049968,0.9959297223153185,0.2375791870326421,0.2,0.7846532958573779,1.5
LV024,invisible,Matching,mll,437.0616728703115,892.1571472638354,0.1183514255680207,0.9974577484377996,0.2368450314186999,0.2,1.0133084787547573,1.5
LV025,invisible,Averaging,mll,446.34226019396357,911.0716710181088,0.271158870266653,0.1453449488270663,0.1279214506108141,0.2,1.8922459994572591,1.5
LV025,invisible,Selection,mll,446.3822829300904,911.1517164903624,0.2712331439865505,0.1356262535163231,0.1462894527393408,0.2,2.9872208590869445,1.5
LV025,invisible,Matching,mll,446.4052133794869,911.1975773891554,0.27130734908822074,0.03896422809902535,0.14748222971995772,0.2,0.45414213739543086,1.5
SV103,invisible,Averaging,mll,12.814242473972815,34.12812498011428,-0.12369608651146913,0.6073648752120382,0.17049366356556786,0.2,2.8911887425909226,1.5
SV103,invisible,Selection,mll,12.813362351469243,34.12636473510713,-0.13663763055507228,0.6571818050900939,0.13120904119619503,0.2,2.315393315704652,1.5
SV103,invisible,Matching,mll,12.813962301281697,34.12756463473204,-0.09845196215499219,0.9345797998167393,0.15926617126917536,0.2,1.597669346585113,1.5
SV111,invisible,Averaging,mll,16.030857110442042,40.561354253052734,-0.07485126530806041,0.9991396727113883,2.3091554397875784,0.2,2.993356727281997,1.5
SV111,invisible,Selection,mll,16.02944721811011,40.55853446838887,-0.07498419864147521,0.9926047700325141,2.3591944154540005,0.2,0.8304641907600872,1.5
SV111,invisible,Matching,mll,16.03226799737335,40.56417602691535,-0.07429271419680505,0.9980423219383298,2.299056643418008,0.2,2.9969324651914913,1.5
SV113,invisible,Averaging,mll,34.581395877854604,79.74187332955769,0.11660132691838476,0.992181321228238,0.23743764147880414,0.2,0.6735779736755864,1.5
SV113,invisible,Selection,mll,34.58299689459057,79.74507536302963,0.11660059191841965,0.9732667867455126,0.23755234951299814,0.2,0.8201648233718649,1.5
SV113,invisible,Matching,mll,34.58580030458499,79.75068218301847,0.11590513491841115,0.9785432846326598,0.2355331266942805,0.2,0.8268139105028397,1.5
SV119,invisible,Averaging,mll,14.168675784790123,36.83699160174889,0.3293664463355588,0.9969456995425903,0.23562978440048293,0.2,0.9492424517875871,1.5
SV119,invisible,Selection,mll,14.168991234723284,36.837622501615215,0.32879232133549974,0.9880924059088937,0.2342215946960825,0.2,1.025860109425157,1.5
SV119,invisible,Matching,mll,14.17007692864721,36.83979388946307,0.32936472133563344,0.9896823912804799,0.23566590456380757,0.2,1.1150767115868185,1.5
SV215,invisible,Averaging,mll,16.030857110442884,40.56135425305442,-0.07485126527627761,0.9991396727113784,2.309155439787509,0.2,2.993356727281925,1.5
SV215,invisible,Selection,mll,16.02944721811088,40.55853446839041,-0.07498419860965733,0.9926047700324984,2.3591944154554843,0.2,0.8304641907616428,1.5
SV215,invisible,Matching,mll,16.03226799737426,40.56417602691717,-0.07429271416507244,0.998042321938332,2.2990566434179907,0.2,2.996932465191488,1.5
LV001,5,Averaging,mll,58.28539742694109,133.38820105277017,0.9820536615726227,0.9972507116373658,0.2042618181818408,0.2,2.971811561453803,1.5
LV001,5,Selection,mll,58.36398731528888,133.54538082946576,0.9819071200752068,0.9687862447837347,0.21018115131324902,0.2,2.9159629811778904,1.5
LV001,5,Matching,mll,58.35552669554069,133.52845958996937,0.9820331907610526,0.9765208733110878,0.20905619861727592,0.2,2.955477119416947,1.5
LV002,5,Averaging,mll,262.79352623590023,542.4044586706884,0.4842545781337173,0.9999245615229042,0.6501457003265894,0.2,1.2077457597483157,1.5
LV002,5,Selection,mll,262.803434186438,542.4242745717639,0.48486449834602363,0.999435314555843,0.6549892479299225,0.2,0.9374636023848161,1.5
LV002,5,Matching,mll,262.4819897401183,541.7813856791246,0.48786392136054035,0.9902603792618064,0.686552254419772,0.2,0.1360223445522095,1.5
LV003,5,Averaging,mll,85.67060757285911,188.15862134460622,0.9384308158002135,0.9999999169965238,0.3074155730326713,0.2,2.7208017812099796,1.5
LV003,5,Selection,mll,85.67200173987457,188.16140967863714,0.9391779485554141,0.999998761567332,0.3121280317933202,0.2,2.999498115706014,1.5
LV003,5,Matching,mll,85.66389469236667,188.14519558362133,0.9386493877902773,0.9999999770749667,0.30782821748817046,0.2,2.9999454515542254,1.5
LV005,5,Averaging,mll,143.72898849033396,304.2753831795559,0.7831590692388672,0.9999986994802628,0.26826890718387003,0.2,1.3591604791222889,1.5
LV005,5,Selection,mll,143.66586000506234,304.1491262090127,0.7816359386229463,0.9999999801700187,0.2606189472685912,0.2,2.3144212782273894,1.5
LV005,5,Matching,mll,143.67113933169156,304.1596848622711,0.7817426311093124,0.9999997760963296,0.261711571318288,0.2,2.3154682677448006,1.5
LV007,5,Averaging,mll,41.14045136052736,99.09830891994271,0.9946157668907047,0.98218890052281,0.29473540139351845,0.2,1.1207718438609953,1.5
LV007,5,Selection,mll,41.24752010660931,99.31244641210661,0.9957395014972664,0.9859258392216346,0.2611650834257532,0.2,0.8004564113602397,1.5
LV007,5,Matching,mll,38.98210117029436,94.78160853947671,0.9910477289654285,0.8812385165848877,0.3358659502889967,0.2,1.2004123369462307,1.5
LV008,5,Averaging,mll,134.01238722169623,284.8421806422805,0.7976270485029112,0.9861251493301046,0.18998912404081142,0.2,0.5914809270656427,1.5
LV008,5,Selection,mll,134.01677839025933,284.85096297940663,0.7975472446931532,0.8888695230362865,0.18726548484801453,0.2,2.7258440747057167,1.5
LV008,5,Matching,mll,134.0341364411549,284.88567908119785,0.7976358107341948,0.84623438791599,0.1899500489086742,0.2,2.9645776136512234,1.5
LV009,5,Averaging,mll,111.82431621063394,240.46603862015587,0.8599073277825374,0.44502874135274795,0.2050951704644898,0.2,2.7588407292670336,1.5
LV009,5,Selection,mll,111.71529604009692,240.24799827908183,0.8588289056585646,0.5968227881713403,0.18635226197795635,0.2,2.9767915682157664,1.5
LV009,5,Matching,mll,111.83922339733579,240.49585299355957,0.859543018771833,0.299331128316437,0.19994466464901753,0.2,2.9001199115094263,1.5
LV011,5,Averaging,mll,212.02543811099397,440.86828242087597,0.30573228097785865,0.1302447092410922,2.9159640523906565,0.2,2.2835309446166345,1.5
LV011,5,Selection,mll,211.92963253654167,440.6766712719714,0.30712612486647284,0.1727474394889787,2.9885551739045177,0.2,2.996942119562234,1.5
LV011,5,Matching,mll,211.77369418557683,440.3647945700417,0.310558911724232,0.08038176002317007,2.9938832727757614,0.2,1.0141918663079164,1.5
LV012,5,Averaging,mll,274.87348567070285,566.5643775402937,-0.27502219789011106,0.999994283072102,0.41274331840589956,0.2,0.3537680359926062,1.5
LV012,5,Selection,mll,274.87699698643604,566.57140017176,-0.2747803009146008,0.9999928347662006,0.4135741568080182,0.2,2.7385920181582826,1.5
LV012,5,Matching,mll,274.87855195180964,566.5745101025072,-0.2732894982728056,0.9999986584651417,0.4165580975186605,0.2,2.3155340304689167,1.5
LV013,5,Averaging,mll,298.6135500984896,614.0445063958672,0.0993329633097898,0.9998985581017437,0.23707680067367873,0.2,0.9688286252522548,1.5
LV013,5,Selection,mll,298.61353854234613,614.0444832835802,0.09933303421456319,0.9993514916924264,0.236967224856272,0.2,1.2060927957217122,1.5
LV013,5,Matching,mll,298.6208574591876,614.0591211172632,0.09961014020244396,0.9995844783292231,0.23741298412507147,0.2,0.9035587322734658,1.5
LV015,5,Averaging,mll,17.143606412242292,51.10461902337258,0.9969352250048199,0.14060888431881022,0.14715871479433995,0.2,2.3159166872439427,1.5
LV015,5,Selection,mll,17.126607494131093,51.07062118715018,0.996935436812786,0.28641698820863276,0.13754253525014426,0.2,2.982260570592826,1.5
LV015,5,Matching,mll,17.150409244219365,51.11822468732672,0.9969349896626345,0.030808192144692825,0.14616027516140118,0.2,2.9853691461595258,1.5
LV016,5,Averaging,mll,245.07949961480765,506.9764054285033,0.4129359809344675,0.23584925595032072,0.13277374665236527,0.2,2.818802307003341,1.5
LV016,5,Selection,mll,245.07949961480765,506.9764054285033,0.4129359809344675,0.22720213296317981,0.13476221852094245,0.2,2.919910785851217,1.5
LV016,5,Matching,mll,245.07270052359914,506.9628072460863,0.41293605715518955,0.06334286450966263,0.12933721643730312,0.2,0.7846232244525211,1.5
LV017,5,Averaging,mll,3.5236756641287825,23.86475752714556,0.9998822776485318,0.3110979614456082,0.14000177551835374,0.2,2.57687943918868,1.5
LV017,5,Selection,mll,3.503274310233708,23.82395481935541,0.9998826410124868,0.32154773965928884,0.1281702545131666,0.2,2.8878528524313785,1.5
LV017,5,Matching,mll,3.499917762372781,23.817241723633558,0.9998817023222687,0.22952594494851525,0.1167749655717812,0.2,1.2076653968010627,1.5
LV018,5,Averaging,mll,26.646416011443122,70.11023822177424,0.9994362885690811,0.999999454013419,0.25276495917856767,0.2,1.2085486338117661,1.5
LV018,5,Selection,mll,26.5990555957138,70.0155173903156,0.9994631598105846,0.9999999895877617,0.24911434357538498,0.2,2.315492305439849,1.5
LV018,5,Matching,mll,26.568734027567587,69.95487425402317,0.9991289498558544,0.9999999866108338,0.24382564285045288,0.2,2.956629371971918,1.5
LV019,5,Averaging,mll,14.7903853041286,46.39817680714519,0.9952366509373857,0.9999998151161302,0.33920135729079093,0.2,2.620110209884013,1.5
LV019,5,Selection,mll,14.812858352265135,46.44312290341826,0.9949390091952769,0.9999977255640524,0.3295038118903402,0.2,2.452843272832149,1.5
LV019,5,Matching,mll,14.772836585950083,46.36307937078816,0.9953015457369337,0.9999999645954273,0.339516187355992,0.2,2.9382474008724584,1.5
LV020,5,Averaging,mll,92.42410804555702,201.66562229000203,0.9123672141755094,0.9999238764514988,0.4584461216713996,0.2,0.8463848352361176,1.5
LV020,5,Selection,mll,93.00534887636616,202.8281039516203,0.8932302485045832,0.9998332507822915,0.5904229701638473,0.2,2.8008181667780625,1.5
LV020,5,Matching,mll,91.67131379022166,200.16003377933131,0.8741366699729437,0.9485534105389232,0.5669720798425877,0.2,2.2794306410125573,1.5
LV021,5,Averaging,mll,3.5236756641287825,23.86475752714556,0.9998822776485318,0.3110979614456082,0.14000177551835374,0.2,2.57687943918868,1.5
LV021,5,Selection,mll,3.503274310233708,23.82395481935541,0.9998826410124868,0.32154773965928884,0.1281702545131666,0.2,2.8878528524313785,1.5
LV021,5,Matching,mll,3.499917762372781,23.817241723633558,0.9998817023222687,0.22952594494851525,0.1167749655717812,0.2,1.2076653968010627,1.5
LV022,5,Averaging,mll,139.62589785372614,296.06920190634025,0.7991103892890057,0.0073791473130783965,0.1423573591687219,0.2,1.4922035509895504,1.5
LV022,5,Selection,mll,139.59869876907524,296.0148037370385,0.7991108565607142,0.17605035717427936,0.1282532581276901,0.2,2.951962514636409,1.5
LV022,5,Matching,mll,139.59343026357203,296.00426672603203,0.7990670693072531,0.027577878580548124,0.11296521883845209,0.2,0.8629715736080275,1.5
LV023,5,Averaging,mll,271.9018313521888,560.6210689032656,0.3671926194421392,0.9999998309521138,0.29380907610662865,0.2,1.8885301526699771,1.5
LV023,5,Selection,mll,271.9034656263309,560.6243374515498,0.36832978104235303,0.9999996367388532,0.29622202981298307,0.2,2.316728652675094,1.5
LV023,5,Matching,mll,271.8949920875432,560.6073903739743,0.36716462989843823,0.9999864491157888,0.2934393942684874,0.2,0.2185797957822131,1.5
LV024,5,Averaging,mll,300.0524136072923,616.9222334134726,0.07362909040277621,0.3194865115334901,2.8777847309404785,0.2,1.068387098981506,1.5
LV024,5,Selection,mll,311.45012025601557,639.7176467109191,-0.3154070335265142,0.004795124433915056,1.0496538477814732,0.2,2.987583273727505,1.5
LV024,5,Matching,mll,308.00393652786147,632.8252792546109,-0.06852628086706503,0.7544675461080254,0.496070179817186,0.2,0.15759552692562295,1.5
LV025,5,Averaging,mll,163.9583316612641,344.73406952141625,0.7449088337475532,0.0011861555964281926,0.3664336317767802,0.2,0.7846398819529068,1.5
LV025,5,Selection,mll,163.95112296535314,344.71965212959424,0.7446157550896473,0.2361211771435131,0.3653117369503351,0.2,0.7846563764554522,1.5
LV025,5,Matching,mll,163.98620431571848,344.789814830325,0.7425455903547353,0.0008005563326447646,0.3583322139670941,0.2,0.7848187134688586,1.5
SV103,5,Averaging,mll,40.089283528181156,96.9959732552503,0.996106764232407,0.9999995138928058,0.2211803273050038,0.2,1.878574991061757,1.5
SV103,5,Selection,mll,40.06413940630852,96.94568501150503,0.9960935655501717,0.9999997107656972,0.21857993414897803,0.2,2.3029070081785696,1.5
SV103,5,Matching,mll,40.106486269858834,97.03037873860566,0.9960951681698663,0.999994612796362,0.222282143566129,0.2,1.1485487287696967,1.5
SV110,5,Averaging,mll,19.237386169323564,55.29217853753512,0.9992926924321728,0.9999966355017833,0.2614983896316378,0.2,2.364783244049517,1.5
SV110,5,Selection,mll,19.23739266937316,55.29219153763432,0.999292761459676,0.9999599349455129,0.26170921795000046,0.2,2.540131921559891,1.5
SV110,5,Matching,mll,19.09919341493843,55.015793028764854,0.9991735595901783,0.9999999982725172,0.24919990993992946,0.2,2.9887037960366354,1.5
SV111,5,Averaging,mll,87.45639116331886,191.7301885255257,0.9435466053841027,0.999905871059907,0.35061578506691393,0.2,2.938419004769999,1.5
SV111,5,Selection,mll,87.1957028177441,191.2088118343762,0.944044044904455,0.9995938359440628,0.34408674328948036,0.2,2.7379233468271305,1.5
SV111,5,Matching,mll,87.04841389966748,190.91423399822295,0.9362207908924988,0.99833380944137,0.4234398153968091,0.2,2.5871079488290714,1.5
SV113,5,Averaging,mll,21.555978301705977,59.92936280229995,0.9885256317636492,0.9999826553966179,0.38426521254318136,0.2,2.9562721868484267,1.5
SV113,5,Selection,mll,21.581509179915763,59.98042455871952,0.988292488597837,0.9997576749935531,0.38428958709819105,0.2,2.5770851276395206,1.5
SV113,5,Matching,mll,21.534721486211527,59.88684917131105,0.9882156035719997,0.9998933482260838,0.38616709850739533,0.2,2.7386436648791816,1.5
SV119,5,Averaging,mll,23.195626858413597,63.20865991571519,0.9998827299429827,0.9863283468969256,0.21613199778104372,0.2,2.8383885480050397,1.5
SV119,5,Selection,mll,23.11777084102018,63.05294788092836,0.9998939825606163,0.9616445903558988,0.20925640813204022,0.2,2.953278416900196,1.5
SV119,5,Matching,mll,23.266963234876272,63.35133266864054,0.9998714861717511,0.9353954929749292,0.21905672584693378,0.2,2.9321645486173322,1.5
SV201,5,Averaging,mll,22.501346122808478,61.82009844450495,0.9994137178724841,0.9999972076040107,0.22602114417446753,0.2,2.6271286500506017,1.5
SV201,5,Selection,mll,22.441149851676926,61.699705902241845,0.999788812412595,0.99999973185604,0.22438302305324748,0.2,2.725009505628951,1.5
SV201,5,Matching,mll,22.442453916129097,61.70231403114619,0.9993770759447707,0.9999981524427723,0.22268120809717293,0.2,2.877911455434708,1.5
SV202,5,Averaging,mll,34.15572035429387,85.12884690747573,0.9903944346632383,0.14060888431881347,0.14715871479434361,0.2,2.31591668724388,1.5
SV202,5,Selection,mll,34.13872143618267,85.09484907125334,0.9903946559652648,0.2864169882086093,0.13754253525014065,0.2,2.9822605705928917,1.5
SV202,5,Matching,mll,34.16252318627094,85.14245257142987,0.9903941887720968,0.030808192144596153,0.14616027516139896,0.2,2.985369146159515,1.5
SV203,5,Averaging,mll,6.902925863037047,30.62325792496209,0.9911192486693847,0.9999887472281962,0.38941871226354924,0.2,2.7713762081475934,1.5
SV203,5,Selection,mll,6.509409889337071,29.836225977562137,0.9928535848283531,0.9999988440226883,0.35365878396651196,0.2,2.9970326859190943,1.5
SV203,5,Matching,mll,6.480867420014468,29.77914103891693,0.9929326164886458,0.9999999396435442,0.35450079523141226,0.2,2.738419928799187,1.5
SV204,5,Averaging,mll,22.418478174118015,61.65436254712402,0.9882950916443083,0.9999999047391466,0.35427659360036834,0.2,2.4874476226722924,1.5
SV204,5,Selection,mll,22.48662453492935,61.7906552687467,0.9880056207556488,0.9999878046215814,0.36263505850729233,0.2,2.8383227977075185,1.5
SV204,5,Matching,mll,22.403908780180057,61.62522375924811,0.9883370766902737,0.999999728247345,0.3544713294167819,0.2,1.8923480202528968,1.5
SV205,5,Averaging,mll,27.823088953947895,72.46358410678378,0.9967031157315693,0.9271529924114881,0.19375698305627062,0.2,2.9956106272528222,1.5
SV205,5,Selection,mll,27.756839417963985,72.33108503481597,0.9967038217452459,0.9101334977472854,0.17873564721552054,0.2,2.910757909468456,1.5
SV205,5,Matching,mll,27.921337765636167,72.66008173016033,0.9966371118574299,0.641451147487275,0.197466029327307,0.2,2.996021139550536,1.5
SV206,5,Averaging,mll,109.36729287679753,235.55199195248306,0.8003457349795917,0.19777815188275413,0.8501927092559848,0.2,2.327957220841539,1.5
SV206,5,Selection,mll,110.65632305266516,238.1300523042183,0.772983807997907,0.0993151455583891,0.880941564644946,0.2,2.9219904932892664,1.5
SV206,5,Matching,mll,107.93888326439942,232.69517272768684,0.8350264785431891,0.4398080567166479,0.6554534687311057,0.2,0.20492366813077367,1.5
SV207,5,Averaging,mll,10.314834002401659,37.447074203691315,0.9989187733568471,0.20443441956245537,0.13257566013337407,0.2,2.7129341843701327,1.5
SV207,5,Selection,mll,10.308034911193129,37.43347602127425,0.9989188350262572,0.3245116003738372,0.12832727524791737,0.2,2.879026184231829,1.5
SV207,5,Matching,mll,10.311434286842832,37.44027477257366,0.9989188119002285,0.08122660719794389,0.12849734885683053,0.2,2.9213325626996505,1.5
SV208,5,Averaging,mll,17.821048290201635,52.45950277929126,0.9980296291966108,0.9999998990480511,0.28108049786138717,0.2,2.596125522658204,1.5
SV208,5,Selection,mll,17.812173744781315,52.441753688450625,0.9980872382754055,0.9999996798963838,0.2810388623097232,0.2,2.3086940864651124,1.5
SV208,5,Matching,mll,17.796146735516515,52.409699669921025,0.9982797334823874,0.999999994567912,0.2821142166635089,0.2,2.999954163551678,1.5
SV209,5,Averaging,mll,27.808626723187015,72.43465964526203,0.9925670335279292,0.9999290182389191,0.3298234341855375,0.2,2.488850651767381,1.5
SV209,5,Selection,mll,27.77896092809615,72.3753280550803,0.9930319404212103,0.9996718462506377,0.3294263313963967,0.2,2.735511997574282,1.5
SV209,5,Matching,mll,27.694101086692097,72.2056083722722,0.9929494524101175,0.9999353844032849,0.31397809091254536,0.2,2.318943299221012,1.5
SV210,5,Averaging,mll,22.418478174118015,61.65436254712402,0.9882950916443083,0.9999999047391466,0.35427659360036834,0.2,2.4874476226722924,1.5
SV210,5,Selection,mll,22.48662453492935,61.7906552687467,0.9880056207556488,0.9999878046215814,0.36263505850729233,0.2,2.8383227977075185,1.5
SV210,5,Matching,mll,22.403908780180057,61.62522375924811,0.9883370766902737,0.999999728247345,0.3544713294167819,0.2,1.8923480202528968,1.5
SV211,5,Averaging,mll,26.28575789844521,69.38892199577842,0.9998633704337443,0.9984166676349091,0.22117129174236735,0.2,0.7756847654180193,1.5
SV211,5,Selection,mll,26.248589346440333,69.31458489176866,0.9998724035656613,0.9868443814449244,0.21778282616970504,0.2,2.941388189689271,1.5
SV211,5,Matching,mll,26.357147386120435,69.53170097112886,0.9998450836254933,0.9838335492652984,0.22401841909241713,0.2,2.824382779907249,1.5
SV212,5,Averaging,mll,5.7909999989941054,28.399406196876207,0.9999062239531136,0.4070939751698231,0.19865400918692905,0.2,2.9318917977264065,1.5
SV212,5,Selection,mll,5.5300975780326995,27.87760135495339,0.9999998535351514,0.9496921563208071,0.1532391200533806,0.2,2.883502080793969,1.5
SV212,5,Matching,mll,5.5944836345497,28.006373467987395,0.9999520982856214,0.6744422574153394,0.1662015323253613,0.2,2.559495937318114,1.5
SV213,5,Averaging,mll,49.94769396348579,116.71279412585957,0.9835812662175254,0.9999997744468125,0.2958277417074306,0.2,2.315439513153092,1.5
SV213,5,Selection,mll,49.92667966461459,116.67076552811717,0.9837305823086488,0.9999998888706342,0.29594038136297823,0.2,2.3306902410630284,1.5
SV213,5,Matching,mll,49.91617563610406,116.64975747109611,0.9837776394106327,0.999999981532718,0.2959297387277277,0.2,2.9999740797929975,1.5
SV214,5,Averaging,mll,9.641505530323187,36.10041725953437,0.9998891825853171,0.9369530189517611,0.1724014456616251,0.2,2.6717447596153305,1.5
SV214,5,Selection,mll,9.718744765130863,36.25489572914972,0.9998844372601438,0.6389091302287988,0.1828891153955762,0.2,2.9568742324265007,1.5
SV214,5,Matching,mll,9.626452637949967,36.07031147478793,0.9998723667789654,0.9102426436516073,0.15998464705145587,0.2,2.0853403869632805,1.5
SV215,5,Averaging,mll,73.49108339242198,163.79957298373196,0.9799655442537754,0.9999960428737285,0.2622463162613637,0.2,2.5314618207639374,1.5
SV215,5,Selection,mll,73.43885812610793,163.69512245110386,0.9797659581161067,0.9999915324195845,0.25710241162544983,0.2,2.6007559240858797,1.5
SV215,5,Matching,mll,73.37834730761858,163.57410081412516,0.9794424732865648,0.9999999523093425,0.25183695210688106,0.2,2.6711535377556195,1.5
SV216,5,Averaging,mll,23.987879816023437,64.79316583093487,0.9999055329640764,0.9997818828380846,0.2162901286060105,0.2,2.83559156721585,1.5
SV216,5,Selection,mll,48.05812822726523,112.93366265341845,0.8105568571734008,0.5509000296219484,1.5752560492617138,0.2,0.38215781272938926,1.5
SV216,5,Matching,mll,24.42884562544203,65.67509744977205,0.9990874076922396,0.9939615541077819,0.24151837699230275,0.2,0.6232774936292107,1.5
LV001,10,Averaging,mll,268.8594229625041,554.5362521238961,-0.28825914865271507,0.07813901761974407,0.12244942544308464,0.2,2.872852412367177,1.5
LV001,10,Selection,mll,268.8594229625041,554.5362521238961,-0.28825914865271507,0.09017022679962733,0.11914032978783358,0.2,0.7733694049208937,1.5
LV001,10,Matching,mll,268.87990725647484,554.5772207118376,-0.2877227206229114,0.018890830886601945,0.14547490236356928,0.2,0.7848713291692071,1.5
LV002,10,Averaging,mll,268.4727056794616,553.7628175578112,0.4773483207965442,0.9997349763637394,0.44437699193125607,0.2,0.2183472950806952,1.5
LV002,10,Selection,mll,268.55803523539845,553.9334766696849,0.4859039422609388,0.9999126999263914,0.47790773197551695,0.2,2.99981562802604,1.5
LV002,10,Matching,mll,268.51168933840876,553.8407848757055,0.4860777501994794,0.9999950034414167,0.4782640460876039,0.2,2.999952382999463,1.5
LV003,10,Averaging,mll,79.11627330541403,175.04995280971605,0.9494359769232597,0.9999997541811765,0.3520591668820456,0.2,2.839478259427469,1.5
LV003,10,Selection,mll,79.12760840238244,175.07262300365286,0.9484843585548768,0.9999946845748553,0.3443732616428723,0.2,2.5711655833547082,1.5
LV003,10,Matching,mll,79.10443912744849,175.02628445378497,0.9496859948676749,0.9999997832590846,0.35422997233866765,0.2,2.8383746003023815,1.5
LV005,10,Averaging,mll,130.7416984703676,278.3008031396232,0.8268370512723469,0.9999999003716216,0.2589559356186173,0.2,2.5551371503458085,1.5
LV005,10,Selection,mll,130.7416984703676,278.3008031396232,0.8268370512723469,0.9999991695644679,0.2589864194213794,0.2,2.45326880101812,1.5
LV005,10,Matching,mll,130.74178063595468,278.30096747079733,0.8268365258485002,0.9999994607550473,0.2588694759394072,0.2,2.541493179827924,1.5
LV007,10,Averaging,mll,43.88022743781428,104.57786107451655,0.9959560183389158,0.9999793142178346,0.22574379122525925,0.2,1.159579207114618,1.5
LV007,10,Selection,mll,43.75436539770262,104.32613699429324,0.9960458269991249,0.9999972472822847,0.21768462570910455,0.2,1.2103820402929772,1.5
LV007,10,Matching,mll,43.79509801684776,104.40760223258351,0.9960342072334615,0.9999695746492366,0.22100719595505955,0.2,2.9215571801005806,1.5
LV008,10,Averaging,mll,267.15683098350814,551.1310681659043,0.2755279436766176,0.6770721598320287,0.23387324479402935,0.2,0.857115765266153,1.5
LV008,10,Selection,mll,267.0820900570866,550.9815863130611,0.2670449352766985,0.7476820974937766,0.2018972003312941,0.2,1.295720165904977,1.5
LV008,10,Matching,mll,267.08868944176095,550.9947850824099,0.2660503164344564,0.5726396316885743,0.19608334829101906,0.2,2.3114382978449712,1.5
LV009,10,Averaging,mll,100.58766456784775,217.9927353345835,0.8804587318254041,0.2899124953644042,0.1792218660054702,0.2,2.7578771168580043,1.5
LV009,10,Selection,mll,100.5914658134622,218.00033782581238,0.8802584606444622,0.27934347246093816,0.1744438427982604,0.2,2.831002819255366,1.5
LV009,10,Matching,mll,100.52729431879982,217.87199483648763,0.8798988802531175,0.4898462218213342,0.15151636128194274,0.2,2.7258173723241206,1.5
LV011,10,Averaging,mll,217.801824717066,452.42105563302005,0.33207849279569923,0.1564211427096713,2.705914906880754,0.2,2.8711629468022655,1.5
LV011,10,Selection,mll,216.6325659904792,450.08253817984644,0.3561557056582144,0.10173424742896531,2.995857366723727,0.2,2.998592890758337,1.5
LV011,10,Matching,mll,216.6549419754679,450.1272901498238,0.3556949094459487,0.004212580814598495,2.9982584719336285,0.2,0.7673434900854511,1.5
LV012,10,Averaging,mll,276.9804858146576,570.7783778282031,0.18543965526655348,0.9999342250292781,0.24780887541582783,0.2,1.2426788559685817,1.5
LV012,10,Selection,mll,276.96582554955245,570.7490572979929,0.18101539253633425,0.9999363971225521,0.236491956268403,0.2,1.1259825109479231,1.5
LV012,10,Matching,mll,276.9673804794411,570.7521671577701,0.1816131498971939,0.9999393752109444,0.23839529022363987,0.2,1.5992609871753485,1.5
LV013,10,Averaging,mll,301.595887217271,620.00918063343,0.1874696924144984,0.6872381408304518,0.23427674323690695,0.2,1.091589681084856,1.5
LV013,10,Selection,mll,301.5568645110632,619.9311352210144,0.18024199465514112,0.5994821082154107,0.21191745686516114,0.2,2.2929636684476127,1.5
LV013,10,Matching,mll,301.54857300642976,619.9145522117475,0.17754191243463424,0.5135381460354107,0.2004063494205693,0.2,2.6942707929506593,1.5
LV015,10,Averaging,mll,47.7717027330636,112.36081166501519,0.9846057106421706,0.11052683912896179,0.14902901142239056,0.2,2.9664031946011074,1.5
LV015,10,Selection,mll,47.74484224252048,112.30709068392895,0.9845976865585844,0.32244714635709953,0.13303091362084074,0.2,2.8887999293436564,1.5
LV015,10,Matching,mll,47.734813387407605,112.2870329737032,0.9845935470154639,0.10820328361996039,0.12631703289785734,0.2,1.7115809745131545,1.5
LV016,10,Averaging,mll,245.0790747355008,506.97555566988956,0.34859776673430853,0.2535395038752923,0.13191333708387884,0.2,2.7043417478314167,1.5
LV016,10,Selection,mll,245.09301421539092,507.00343462966987,0.3486699356351244,0.13449760512038392,0.14645586491154963,0.2,2.9870829224049986,1.5
LV016,10,Matching,mll,245.07193574071147,506.9612776803109,0.3485254530613827,0.07995223647481951,0.12342007732468158,0.2,0.5231241701851221,1.5
LV017,10,Averaging,mll,0.13149247019071253,17.08039113926942,0.9999995950000019,0.14060888431881075,0.1471587147943366,0.2,2.3159166872440133,1.5
LV017,10,Selection,mll,0.11449355207951384,17.046393303047022,0.9999997975000008,0.2864169882086299,0.13754253525014445,0.2,2.9822605705928225,1.5
LV017,10,Matching,mll,0.1382953021677863,17.09399680322357,0.9999993700000024,0.03080819214465439,0.14616027516140154,0.2,2.985369146159524,1.5
LV018,10,Averaging,mll,18.413978117041534,53.64536243297106,0.9992991990381828,0.9999999796520419,0.26170548089745344,0.2,2.3153213543188564,1.5
LV018,10,Selection,mll,18.357458881058758,53.53232396100551,0.9988540810224404,0.9999999063796868,0.25305228811749875,0.2,2.4566253646636538,1.5
LV018,10,Matching,mll,18.362677554837614,53.54276130856322,0.9991819304218432,0.9999999988495301,0.2563711006540724,0.2,2.988036023437767,1.5
LV019,10,Averaging,mll,31.26781779667471,79.3530417922374,0.9914362499616303,0.9999999871153963,0.3394217882835896,0.2,0.2542959138548927,1.5
LV019,10,Selection,mll,31.2877380970223,79.39288239293259,0.9913880439301276,0.9999999037262812,0.3405707485856201,0.2,2.927047979131716,1.5
LV019,10,Matching,mll,31.272845872823797,79.36309794453558,0.9914187785927912,0.9999992093320366,0.33941340448643204,0.2,0.35788929787264867,1.5
LV020,10,Averaging,mll,155.35333146386947,327.52406912662696,0.7750551937349142,0.9994899559143625,0.5352777727808709,0.2,0.9023373122470855,1.5
LV020,10,Selection,mll,155.49682767379804,327.8110615464841,0.774358126295081,0.9948987789917073,0.5367541344204297,0.2,2.850829542419766,1.5
LV020,10,Matching,mll,148.99911141745486,314.8156290337977,0.7390603541873657,0.8720388008666965,0.7629017349924231,0.2,0.12290533139094764,1.5
LV021,10,Averaging,mll,27.2434011211892,71.3042084412664,0.9938157027150423,0.9598296514268619,0.15321808955841143,0.2,2.5758442320953354,1.5
LV021,10,Selection,mll,27.277026794997695,71.37145978888339,0.9938299017165094,0.8575473380528768,0.16252127912242267,0.2,1.3406571646532528,1.5
LV021,10,Matching,mll,27.261872317118527,71.34115083312506,0.9938371227840329,0.5948111176898485,0.16047310573730966,0.2,2.8511904468714726,1.5
LV022,10,Averaging,mll,126.00936342099212,268.83613304087226,0.8028463851705983,0.002081328243318945,0.14038326205218185,0.2,0.36149556463706034,1.5
LV022,10,Selection,mll,125.98896512750332,268.7953364538946,0.8028466617346699,0.17582661220166612,0.1281766450323982,0.2,2.9522851541031403,1.5
LV022,10,Matching,mll,125.98373910994769,268.78488441878335,0.802804043210638,0.02748550219473997,0.11342064896788226,0.2,0.8663055452448089,1.5
LV023,10,Averaging,mll,323.0262811116994,662.8699684222868,0.15817891698578623,0.6430233049332975,2.9392604775622466,0.2,1.8318538474714543,1.5
LV023,10,Selection,mll,328.1145496070847,673.0465054130574,0.058326483351572644,0.43494697610866534,0.9952227734512169,0.2,2.987566065978532,1.5
LV023,10,Matching,mll,322.26007819094394,661.3375625807759,0.16756622413376965,0.6568603210474719,2.494429176099877,0.2,0.7846212819995229,1.5
LV024,10,Averaging,mll,306.80381101627785,630.4250282314437,0.049050267527061986,0.2355129907999183,2.9630807881429098,0.2,0.900256461521566,1.5
LV024,10,Selection,mll,338.0124954973638,692.8423971936155,-0.13124145500692563,0.8540444375886928,0.8794063128291782,0.2,1.8794096521120163,1.5
LV024,10,Matching,mll,306.0131946647468,628.8437955283815,0.07132644638101449,0.468401287805513,2.9465119238797515,0.2,2.249019442583861,1.5
LV025,10,Averaging,mll,163.4587781683455,343.73496253557903,0.6795780731768262,0.49547075052240763,0.1867704995204097,0.2,2.579933433617756,1.5
LV025,10,Selection,mll,163.51553632646454,343.84847885181705,0.6797337025888743,0.36017332109149625,0.18932754952967693,0.2,2.712674269695817,1.5
LV025,10,Matching,mll,163.45982602953436,343.73705825795673,0.6788158212676252,0.2803280233604644,0.1791837338528473,0.2,2.916019190776788,1.5
SV103,10,Averaging,mll,94.48275609118329,205.78291838125458,0.9302768593712458,0.9999995867471245,0.221177583216103,0.2,2.501400106265522,1.5
SV103,10,Selection,mll,94.5038227869927,205.8250517728734,0.9302579662593281,0.9999926863167048,0.22254254717962796,0.2,1.1023153323733073,1.5
SV103,10,Matching,mll,94.58959019435034,205.99658658758867,0.9302075371706102,0.9999661725513286,0.22735432537308806,0.2,1.719114426989263,1.5
SV110,10,Averaging,mll,21.34477991044036,59.50696601976871,0.9996755205107373,0.9999997380142153,0.23837302699505675,0.2,2.3154785683864127,1.5
SV110,10,Selection,mll,21.291367893825196,59.40014198653839,0.999603514126799,0.9999999444999649,0.2338305408200992,0.2,2.842496537168475,1.5
SV110,10,Matching,mll,21.34477991044036,59.50696601976871,0.9996755205107373,0.9999985745943731,0.23842538577620845,0.2,2.7385700159389903,1.5
SV111,10,Averaging,mll,93.66424192124296,204.14589004137392,0.9172124200259457,0.999922471316141,0.4175269179210917,0.2,2.9002592387565866,1.5
SV111,10,Selection,mll,94.34251792267979,205.50244204424757,0.8962576464903136,0.9998549456366778,0.5626380163107098,0.2,2.6778648758818475,1.5
SV111,10,Matching,mll,87.69441893783737,192.20624407456273,0.8889193854336965,0.8890343730034842,0.5637855462702057,0.2,0.11158070042354287,1.5
SV113,10,Averaging,mll,13.249124510703775,43.31565522029554,0.9938200963373722,0.999999901344639,0.3544755918140319,0.2,0.9319978470397638,1.5
SV113,10,Selection,mll,13.296939092316657,43.411284383521306,0.993679492948259,0.9999927324304528,0.3544213524359897,0.2,2.9957417026103887,1.5
SV113,10,Matching,mll,13.23947335985796,43.296352918603915,0.993846316301196,0.9999999599988398,0.3531051441188844,0.2,2.352998269120198,1.5
SV119,10,Averaging,mll,16.989370587074227,50.79614737303645,0.9999882619226684,0.9959720898274684,0.18961846869869564,0.2,2.987337205803519,1.5
SV119,10,Selection,mll,16.93483891711942,50.68708403312684,0.9999958476768696,0.9940127071110428,0.18019887564695766,0.2,2.984187647255369,1.5
SV119,10,Matching,mll,17.016630571769216,50.850667342426426,0.9999858093449984,0.9728859282489858,0.19355252647919008,0.2,2.488718819913069,1.5
SV201,10,Averaging,mll,22.501346122808478,61.82009844450495,0.9994137178724841,0.9999972076040107,0.22602114417446753,0.2,2.6271286500506017,1.5
SV201,10,Selection,mll,22.441149851676926,61.699705902241845,0.999788812412595,0.99999973185604,0.22438302305324748,0.2,2.725009505628951,1.5
SV201,10,Matching,mll,22.442453916129097,61.70231403114619,0.9993770759447707,0.9999981524427723,0.22268120809717293,0.2,2.877911455434708,1.5
SV202,10,Averaging,mll,23.94819703592151,64.71380027073101,0.9963816233595332,0.10283886157431592,0.14797097808140772,0.2,2.9903769460886425,1.5
SV202,10,Selection,mll,23.92456764397353,64.66654148683506,0.9963779684255542,0.3394642845857876,0.1320754495085419,0.2,2.8174621280654346,1.5
SV202,10,Matching,mll,23.917853868501386,64.65311393589076,0.9963760169947213,0.16098537573019106,0.1250780918361175,0.2,1.5631647925928038,1.5
SV203,10,Averaging,mll,6.016723606874267,28.85085341263653,0.9921516564465916,0.9999990862607627,0.3539994888848618,0.2,2.7355606327602513,1.5
SV203,10,Selection,mll,5.992542637568897,28.802491474025786,0.9922137230655103,0.9999938629451937,0.3554432468602353,0.2,2.5566006861216164,1.5
SV203,10,Matching,mll,5.969159333912267,28.755724866712526,0.9922058865614845,0.9999999731769107,0.3612164789549648,0.2,2.9195297649863514,1.5
SV204,10,Averaging,mll,56.45735464472378,129.73211548833555,0.9608563609253877,0.9999997361695339,0.3544910893797316,0.2,2.4874008689493206,1.5
SV204,10,Selection,mll,56.50701815550275,129.8314425098935,0.9606112529209797,0.9999903792768523,0.3616025812271955,0.2,2.324593038453359,1.5
SV204,10,Matching,mll,56.460974163510144,129.73935452590828,0.9608460052032267,0.9999986035202817,0.3542686197835393,0.2,1.8922987313400343,1.5
SV205,10,Averaging,mll,13.672664965255311,44.16273612939862,0.9999171150006022,0.8798492607840556,0.21522558556764565,0.2,2.9462256424909157,1.5
SV205,10,Selection,mll,13.451206977169571,43.71982015322713,0.9999441712888348,0.9517464046308883,0.19000772724712253,0.2,1.2404233819002224,1.5
SV205,10,Matching,mll,13.638107307324294,44.09362081353658,0.9999471647854284,0.7623224250990875,0.2086527500415111,0.2,2.8423971608957,1.5
SV206,10,Averaging,mll,131.61006385118574,280.0375339012595,0.6730585376538574,0.1163162744870738,1.0648187561238605,0.2,1.2021420591380703,1.5
SV206,10,Selection,mll,131.5705131968014,279.9584325924908,0.6737634887293511,0.5065237285020173,0.9462220952657179,0.2,0.4287851652397142,1.5
SV206,10,Matching,mll,131.54383351744394,279.90507323377585,0.6770661292176551,0.12469913999608656,0.747759595700968,0.2,1.856118950302006,1.5
SV207,10,Averaging,mll,6.72140181479952,30.260209828487035,0.9998917944060901,0.8436782143712322,0.17450698483648205,0.2,0.8381872383759408,1.5
SV207,10,Selection,mll,6.80383660856117,30.425079416010334,0.9998964168009634,0.38669821815334804,0.18211040804947795,0.2,2.90743102017508,1.5
SV207,10,Matching,mll,6.6810505161911635,30.17950723127032,0.9998827117166981,0.9102068429266422,0.15112469816476606,0.2,0.9603033127980138,1.5
SV208,10,Averaging,mll,67.60854799534756,152.03450218958312,0.9781308158069295,0.9998095242998788,0.3296673810855467,0.2,2.924082065386151,1.5
SV208,10,Selection,mll,67.51589895246987,151.84920410382773,0.9785903191585988,0.9995686789493499,0.31158362039492526,0.2,2.857724030580546,1.5
SV208,10,Matching,mll,67.48107365945125,151.7795535177905,0.9786813438709491,0.9999326019081054,0.2981507871777962,0.2,2.3300370321626054,1.5
SV209,10,Averaging,mll,22.065382570991595,60.948171340871184,0.9926081894249625,0.9999999962640722,0.33037969163340825,0.2,2.999962222237042,1.5
SV209,10,Selection,mll,22.107526214438074,61.03245862776414,0.9925239432324627,0.999987814323794,0.3348023712101018,0.2,0.2850442745222906,1.5
SV209,10,Matching,mll,22.29479825763258,61.40700271415315,0.9916037379121395,0.9999346085879801,0.3391126933092024,0.2,2.5451107791754874,1.5
SV210,10,Averaging,mll,5.42101281856905,27.659431836026094,0.9916960150000576,0.9999997220004787,0.3544910512117469,0.2,2.487395974148136,1.5
SV210,10,Selection,mll,5.485644947149742,27.78869609318748,0.9914244925000599,0.999992345317832,0.3628911350557975,0.2,2.7945002280563234,1.5
SV210,10,Matching,mll,5.398036276026463,27.61347875094092,0.9916716025000598,0.9999999455517872,0.36173381179700526,0.2,0.7715398052418992,1.5
SV211,10,Averaging,mll,22.826547095216895,62.470500389321785,0.999908180826535,0.9990778338254805,0.21465493178341755,0.2,0.71474874311837,1.5
SV211,10,Selection,mll,22.850522136833256,62.518450472554505,0.9998973045443408,0.9866552474164267,0.2175005908571402,0.2,2.9674565403077207,1.5
SV211,10,Matching,mll,22.929446222897333,62.67629864468266,0.9998585697147724,0.98521074877712,0.2223675540410441,0.2,2.920865184165083,1.5
SV212,10,Averaging,mll,9.255565888120909,35.32853797512981,0.9999917560573639,0.9594754641892755,0.18585117077579497,0.2,1.6667278042672486,1.5
SV212,10,Selection,mll,9.314583167196052,35.4465725332801,0.9999816449645711,0.7359575831500724,0.1929270531358089,0.2,2.804831748971387,1.5
SV212,10,Matching,mll,9.254661756932965,35.326729712753924,0.9998296779297801,0.8196137752171482,0.17410262631024892,0.2,2.995032158808799,1.5
SV213,10,Averaging,mll,12.935262069677233,42.68793033824246,0.997812975871363,0.9999999952310785,0.29993594174654137,0.2,2.999962354793017,1.5
SV213,10,Selection,mll,12.889407081339264,42.59622036156652,0.9976385254692173,0.999999385002888,0.2938426065054055,0.2,2.5846429381086424,1.5
SV213,10,Matching,mll,12.883546920841257,42.584500040570504,0.997596959785571,0.9999998945013117,0.2924806530406875,0.2,2.459858333329785,1.5
SV214,10,Averaging,mll,5.683348404505192,28.18410300789838,0.9999868489982814,0.6505998963849385,0.19271623171900695,0.2,2.9326796301124247,1.5
SV214,10,Selection,mll,5.53009757803271,27.877601354953413,0.9999998535351514,0.949692156320805,0.15323912005345638,0.2,2.883502080794007,1.5
SV214,10,Matching,mll,5.564106638602598,27.945619476093192,0.9999989284940001,0.8573311501576337,0.1675328718008825,0.2,1.158791178427014,1.5
SV215,10,Averaging,mll,56.314460433082346,129.44632706505269,0.9920683757275454,0.999998408942211,0.2617278883375233,0.2,2.538637656183673,1.5
SV215,10,Selection,mll,56.314460433082346,129.44632706505269,0.9920683757275454,0.9999851371625897,0.261530585366972,0.2,2.4299562951142346,1.5
SV215,10,Matching,mll,56.26884257918521,129.3550913572584,0.9920468197969415,0.9999997925399763,0.2581225779015685,0.2,2.315347686920909,1.5
SV216,10,Averaging,mll,27.314187020402613,71.44578023969322,0.9998765567751334,0.9999699049042433,0.21587407902369318,0.2,2.8483011367192845,1.5
SV216,10,Selection,mll,27.314188727465787,71.44578365381957,0.9998765288003884,0.9997392503835837,0.21629014234964866,0.2,2.7871447948019887,1.5
SV216,10,Matching,mll,27.226127418917944,71.26966103672387,0.9998887910636196,0.9999965390781701,0.20814895580051077,0.2,1.080147513551699,1.5
LV001,15,Averaging,mll,285.8715369045541,588.5604800079961,-0.36357743818074684,0.07813901762058777,0.1224494254431015,0.2,2.872852412366737,1.5
LV001,15,Selection,mll,285.8715369045541,588.5604800079961,-0.36357743818074684,0.09017022679962736,0.11914032978782876,0.2,0.7733694049208784,1.5
LV001,15,Matching,mll,285.89202119852354,588.601448595935,-0.3630111909230129,0.01889083088709087,0.14547490236362756,0.2,0.7848713291689547,1.5
LV002,15,Averaging,mll,231.76530189688367,480.3480099926553,0.6038171500964709,0.9998870856201868,0.8097921962351207,0.2,2.936989892549263,1.5
LV002,15,Selection,mll,231.02676033832046,478.8709268755289,0.5847689681573158,0.9998816241617251,0.5674695947640754,0.2,2.8942237318819592,1.5
LV002,15,Matching,mll,230.7794817783186,478.37636975552516,0.5695756324388807,0.9999948412665951,0.4802865507950208,0.2,0.3411574866163403,1.5
LV003,15,Averaging,mll,109.63782034910699,236.09304689710197,0.8886828320539714,0.9999999059600467,0.3541245924773889,0.2,2.028256054414065,1.5
LV003,15,Selection,mll,109.62391918853028,236.06524457594855,0.8887320635083757,0.9999999849050392,0.3539887432989133,0.2,2.9998601819526587,1.5
LV003,15,Matching,mll,109.60376183981239,236.02492987851278,0.8861116267225368,0.9999999334095219,0.3394316954453846,0.2,0.5230816695577507,1.5
LV005,15,Averaging,mll,120.24175779088448,257.30092178065695,0.8609780830870792,0.9999825328690979,0.2459750727944758,0.2,0.7607353267913302,1.5
LV005,15,Selection,mll,120.11494128697203,257.0472887728321,0.8589430893818639,0.99999955304535,0.23373569203316696,0.2,2.7417511606907445,1.5
LV005,15,Matching,mll,120.11686001914828,257.0511262371846,0.85898371669003,0.9999996140775665,0.23421863012167796,0.2,2.5669904771830905,1.5
LV007,15,Averaging,mll,56.92478775714523,130.66698171317847,0.9835371158987276,0.9996203991866195,0.2607659780105697,0.2,1.0346053117849203,1.5
LV007,15,Selection,mll,55.48629584472456,127.78999788833711,0.9831523785964031,0.9868710077912435,0.2898876404610147,0.2,2.0593581707226236,1.5
LV007,15,Matching,mll,47.764342434766235,112.34609106842046,0.9801749181146849,0.7064758166188142,0.39488587081036675,0.2,0.11179089406153034,1.5
LV008,15,Averaging,mll,272.2845199765119,561.3864461519117,0.24999999995646593,0.5640477186885009,0.11302050421034739,0.2,0.7845394516293822,1.5
LV008,15,Selection,mll,272.2845199765119,561.3864461519117,0.24999999995646593,0.18364235989348854,0.10585359092360412,0.2,1.2708871589097788,1.5
LV008,15,Matching,mll,272.29471742377825,561.4068410464445,0.2500749549564796,0.10433825629331163,0.12881975864412645,0.2,0.7846232220355563,1.5
LV009,15,Averaging,mll,125.40531221756915,267.6280306340263,0.819958632362331,0.4709876818998885,0.2073354896519773,0.2,2.7135325751035655,1.5
LV009,15,Selection,mll,125.34116555606387,267.49973731101574,0.8186760072495565,0.5375835569926639,0.19374860055235987,0.2,2.804315846337807,1.5
LV009,15,Matching,mll,125.36077325678183,267.53895271245165,0.8186760742689232,0.36866646784512713,0.19335273672702327,0.2,2.9417907384566435,1.5
LV011,15,Averaging,mll,236.72050893443094,490.25842406774984,0.36249610062857374,0.08833991045416609,2.918746144986318,0.2,2.2789269590935586,1.5
LV011,15,Selection,mll,236.7531687310352,490.32374366095837,0.36181756375044594,0.23775859765060817,2.983197144868935,0.2,2.9979899346326166,1.5
LV011,15,Matching,mll,236.69057355122894,490.1985533013459,0.36334741758719,0.0712649520106362,2.925380819540567,0.2,0.37224697919313604,1.5
LV012,15,Averaging,mll,266.0729151877765,548.963236574441,-0.09426512518832797,0.9989258746645421,0.8981712026695262,0.2,0.3610465088968555,1.5
LV012,15,Selection,mll,266.07252407989193,548.9624543586718,-0.09542227680680226,0.9973792240716047,0.8884838768172065,0.2,0.6167738814010696,1.5
LV012,15,Matching,mll,266.1250862561454,549.0675787111787,-0.07845357266022335,0.9997634201194054,1.1966987764083867,0.2,0.5227741568759369,1.5
LV013,15,Averaging,mll,288.39406253604074,593.6055312709694,0.12751595553106276,0.9966452538663689,0.23762502838813734,0.2,0.7887089442206984,1.5
LV013,15,Selection,mll,288.4042669385152,593.6259400759184,0.1275154223016861,0.9868979416430491,0.23757405551650088,0.2,0.8154875525856952,1.5
LV013,15,Matching,mll,288.4178800935372,593.6531663859623,0.12751444939194057,0.9896560627536288,0.23755891458576434,0.2,0.8241414902901258,1.5
LV015,15,Averaging,mll,35.49465436524155,87.8067149293711,0.9936141254152895,0.11665898709915055,0.17509262797508346,0.2,2.9726395622597876,1.5
LV015,15,Selection,mll,35.41494361028991,87.64729341946781,0.9935564446258116,0.5141455963579616,0.14931164370104472,0.2,2.2250368591778047,1.5
LV015,15,Matching,mll,35.404478053113955,87.6263623051159,0.9935481466586782,0.8447911122409305,0.14303419429744513,0.2,0.5766517860068124,1.5
LV016,15,Averaging,mll,285.8715369045541,588.5604800079961,-0.36357743818074684,0.07813901762058777,0.1224494254431015,0.2,2.872852412366737,1.5
LV016,15,Selection,mll,285.8715369045541,588.5604800079961,-0.36357743818074684,0.09017022679962736,0.11914032978782876,0.2,0.7733694049208784,1.5
LV016,15,Matching,mll,285.89202119852354,588.601448595935,-0.3630111909230129,0.01889083088709087,0.14547490236362756,0.2,0.7848713291689547,1.5
LV017,15,Averaging,mll,0.13149247019071253,17.08039113926942,0.9999995950000019,0.14060888431881075,0.1471587147943366,0.2,2.3159166872440133,1.5
LV017,15,Selection,mll,0.11449355207951384,17.046393303047022,0.9999997975000008,0.2864169882086299,0.13754253525014445,0.2,2.9822605705928225,1.5
LV017,15,Matching,mll,0.1382953021677863,17.09399680322357,0.9999993700000024,0.03080819214465439,0.14616027516140154,0.2,2.985369146159524,1.5
LV018,15,Averaging,mll,18.97073926752544,54.75888473393887,0.9992948658863381,0.9999985040968054,0.2614574697362751,0.2,2.7387682938044744,1.5
LV018,15,Selection,mll,18.949534699145783,54.71647559717956,0.9983744358443303,0.9999756685815766,0.25195685123869815,0.2,2.162641395064695,1.5
LV018,15,Matching,mll,18.86896124222023,54.555328683328455,0.9989341317054344,0.9999999484711614,0.24986019125264491,0.2,2.2495471007135426,1.5
LV019,15,Averaging,mll,61.57790113377952,139.97320846644703,0.9739098770246933,0.9999999292358424,0.31393554927617773,0.2,2.8421630946574075,1.5
LV019,15,Selection,mll,61.58428603743127,139.98597827375053,0.9738784944454143,0.9999989144992832,0.31393650192939576,0.2,2.5775889913747476,1.5
LV019,15,Matching,mll,61.56532323881794,139.94805267652387,0.9739712983576982,0.9999998998256721,0.3138522197999782,0.2,0.4610506189695199,1.5
LV020,15,Averaging,mll,71.83349219120385,160.48439058129568,0.9397013291973658,0.9999308873631577,0.539827504037065,0.2,0.9931631609599632,1.5
LV020,15,Selection,mll,71.8952258928396,160.6078579845672,0.9378503219292142,0.9997832150321576,0.5568227583435106,0.2,1.0460968485600601,1.5
LV020,15,Matching,mll,66.42341946850088,149.66424513588976,0.9318176257377996,0.9148464388929455,0.5693789193446245,0.2,0.10289326194961361,1.5
LV021,15,Averaging,mll,109.0185453921748,234.8544969832376,0.8537673963394229,0.10687955728879095,0.1506463348029033,0.2,2.928906685640891,1.5
LV021,15,Selection,mll,108.97502420361957,234.76745460612713,0.8536585182906348,0.16581260688227117,0.12662250436001785,0.2,2.9585505638294816,1.5
LV021,15,Matching,mll,108.97162516781104,234.76065653451008,0.8536585274369761,0.04505083102587472,0.11359091831817789,0.2,0.8406603285140345,1.5
LV022,15,Averaging,mll,166.83793008715466,350.49326637319734,0.6577563183889159,0.35415027117850684,0.14014961973973472,0.2,2.4181235846351754,1.5
LV022,15,Selection,mll,166.8405620146368,350.4985302281616,0.6578681625176113,0.14914081744159755,0.1498439038395977,0.2,2.9731227151845983,1.5
LV022,15,Matching,mll,166.81281257107526,350.4430313410385,0.657700889029982,0.04495826727950537,0.11367988721853362,0.2,0.8391385298427722,1.5
LV023,15,Averaging,mll,255.87078105523224,528.5589683093525,0.4165720780140266,0.9999989896348173,0.29260211455673124,0.2,2.738602873166755,1.5
LV023,15,Selection,mll,255.8633232297395,528.544052658367,0.41606717475342336,0.9999961018316853,0.2913685337800658,0.2,2.7388082590580036,1.5
LV023,15,Matching,mll,255.87120658877214,528.5598193764323,0.41556904341876066,0.9999938363854324,0.2893388418991295,0.2,2.131824696928052,1.5
LV024,15,Averaging,mll,291.0240075872597,598.8654213734073,0.1779458975272079,0.22735737731897257,2.9005306513389524,0.2,0.6824128393397165,1.5
LV024,15,Selection,mll,293.53737178137055,603.8921497616291,0.11639241968107872,0.5624819275756905,1.1741869756245125,0.2,0.7740294534223424,1.5
LV024,15,Matching,mll,290.11592253184654,597.049251262581,0.1989841258067203,0.5760186895047594,1.4037348252583424,0.2,0.11202817829110613,1.5
LV025,15,Averaging,mll,188.10881774757684,393.03504169404164,0.5835014259519199,0.5083766621517021,0.19104300830114,0.2,2.8565547823254516,1.5
LV025,15,Selection,mll,188.12747972211875,393.0723656431255,0.5829442411107185,0.4644679265524356,0.18436874480519103,0.2,2.8902450941235682,1.5
LV025,15,Matching,mll,188.08382904522165,392.98506428933126,0.5819576687588,0.4454198881892138,0.1735370254522056,0.2,2.7310151844146064,1.5
SV103,15,Averaging,mll,54.043544105094654,124.9044944090773,0.9938191934868873,0.9996328815369585,0.20888764708061297,0.2,2.791533582319481,1.5
SV103,15,Selection,mll,56.241038680351615,129.29948355959124,0.9884028578397125,0.6819306596620611,0.3140623828464796,0.2,2.9769610370645267,1.5
SV103,15,Matching,mll,54.135192187109034,125.08779057310606,0.9939007994977068,0.9981840876789954,0.21592196462938515,0.2,1.203214982067504,1.5
SV110,15,Averaging,mll,24.57365843853208,65.96472307595215,0.999710156763506,0.9999996430338906,0.2407789068108385,0.2,1.8921559574789175,1.5
SV110,15,Selection,mll,24.513866306891224,65.84513881267044,0.9997347846655036,0.9999996402023847,0.23765853522529712,0.2,2.8383890714507856,1.5
SV110,15,Matching,mll,24.52343547582407,65.86427715053614,0.9997352607814007,0.9999994584232276,0.23843816903164497,0.2,2.587825612009777,1.5
SV111,15,Averaging,mll,84.71086488033889,186.23913595956577,0.9734048214662872,0.9998904069518895,0.3297268445170582,0.2,2.7713836794967723,1.5
SV111,15,Selection,mll,84.69819386167683,186.21379392224165,0.9735185304333055,0.9995437276893008,0.3300960739455243,0.2,2.0003817527207683,1.5
SV111,15,Matching,mll,84.64706994480292,186.11154608849384,0.9728089578857927,0.9998177065797831,0.31210171447863616,0.2,2.6562722218521815,1.5
SV113,15,Averaging,mll,47.7016629197091,112.2207320383062,0.986624683132333,0.9999996762501506,0.32089388676280484,0.2,2.5969465830187604,1.5
SV113,15,Selection,mll,47.65397509284274,112.12535638457348,0.9859860220079394,0.999999165828002,0.31265827377282734,0.2,2.36579641501465,1.5
SV113,15,Matching,mll,47.65774912794996,112.13290445478792,0.9864245928659208,0.9999999847694694,0.3167889603391574,0.2,2.9146687908442748,1.5
SV119,15,Averaging,mll,55.955984465039066,128.72937512896613,0.9912807534625248,0.982597086445332,0.21119052035372224,0.2,2.9327332910986947,1.5
SV119,15,Selection,mll,55.92355592608146,128.66451805105092,0.9910677269698601,0.9429882049394637,0.20558433395111872,0.2,2.926240676685888,1.5
SV119,15,Matching,mll,55.96097893960874,128.73936407810547,0.9912438275038294,0.9423183069121072,0.2093219378191554,0.2,2.9400893670995822,1.5
SV201,15,Averaging,mll,25.553274300459016,67.92395479980603,0.9997490592407049,0.9999983011855835,0.23510863304055327,0.2,2.0586557487821606,1.5
SV201,15,Selection,mll,25.486698997036587,67.79080419296116,0.9998068834570534,0.999998271984347,0.23077165113687675,0.2,2.194085616818807,1.5
SV201,15,Matching,mll,25.472527434238472,67.76246106736494,0.9995504235260808,0.999997922516621,0.22775754391214467,0.2,2.8347737181000427,1.5
SV202,15,Averaging,mll,6.942884225281204,30.703174649450403,0.9995276855005337,0.10520654346994752,0.14941387286699423,0.2,2.9753958803762726,1.5
SV202,15,Selection,mll,6.912453701921942,30.64231360273188,0.9995243469679836,0.33946428458579153,0.1320754495085413,0.2,2.8174621280654217,1.5
SV202,15,Matching,mll,6.9057399264497965,30.62888605178759,0.9995224828903135,0.16098537573019062,0.12507809183606672,0.2,1.563164792592799,1.5
SV203,15,Averaging,mll,5.42101281856905,27.659431836026094,0.9916960150000576,0.9999997220004787,0.3544910512117469,0.2,2.487395974148136,1.5
SV203,15,Selection,mll,5.485644947149742,27.78869609318748,0.9914244925000599,0.999992345317832,0.3628911350557975,0.2,2.7945002280563234,1.5
SV203,15,Matching,mll,5.398036276026463,27.61347875094092,0.9916716025000598,0.9999999455517872,0.36173381179700526,0.2,0.7715398052418992,1.5
SV204,15,Averaging,mll,42.80916561687763,102.43573743264325,0.9786592945014869,0.999999805602259,0.3546813103529455,0.2,2.4979870653200735,1.5
SV204,15,Selection,mll,42.80189973064797,102.42120566018393,0.9786841538919351,0.999999117360801,0.35361420766519724,0.2,2.986873312185692,1.5
SV204,15,Matching,mll,42.81298623681583,102.44337867251966,0.9785950991698475,0.9999996988610869,0.36271866322178864,0.2,2.9943836467513405,1.5
SV205,15,Averaging,mll,31.04633223833069,78.91007067554938,0.9965503140820431,0.9056124159166192,0.21266060274380347,0.2,2.9686719336191305,1.5
SV205,15,Selection,mll,30.837791327365807,78.49298885361961,0.9966115520314002,0.9440740407331676,0.18611216232886615,0.2,2.9545011802752987,1.5
SV205,15,Matching,mll,30.84538018758604,78.50816657406008,0.9966070802771896,0.9432214749946488,0.18693425023204369,0.2,2.8889171082607645,1.5
SV206,15,Averaging,mll,135.92623004725246,288.66986629339294,0.8171515046429432,0.39928801681121034,0.6625834413895658,0.2,1.1250119900268971,1.5
SV206,15,Selection,mll,135.5106129448639,287.8386320886158,0.8224882583002437,0.5772314671235923,0.5871936524282282,0.2,0.6811781056057996,1.5
SV206,15,Matching,mll,134.40030636750717,285.61801893390236,0.8414911597714714,0.4367373553952125,0.5309511628444843,0.2,1.8372889130067909,1.5
SV207,15,Averaging,mll,6.837647231229377,30.492700661346746,0.9999034904387286,0.30435982286206686,0.1936229764229701,0.2,2.9394641316031955,1.5
SV207,15,Selection,mll,6.766213377886102,30.3498329546602,0.9998886354321767,0.38259159092691725,0.17956072348942462,0.2,2.94683788466419,1.5
SV207,15,Matching,mll,6.684050327673667,30.185506854235328,0.9998830542488324,0.5604056397323264,0.16003568069047075,0.2,2.7413424276506873,1.5
SV208,15,Averaging,mll,42.26894434711556,101.35529489311911,0.9957277650166841,0.9999999030379608,0.2619870571638477,0.2,1.8923387871478614,1.5
SV208,15,Selection,mll,42.2046706450678,101.2267474890236,0.9952134173970706,0.9999998988650524,0.25285468428402086,0.2,1.7990062267746727,1.5
SV208,15,Matching,mll,42.26553274299427,101.34847168487653,0.9957307395264032,0.9999996822146396,0.26171871004332076,0.2,2.698523496827578,1.5
SV209,15,Averaging,mll,25.69276437374449,68.20293494637698,0.9928407223702544,0.9999999975853713,0.3141221239197597,0.2,2.9999592357672973,1.5
SV209,15,Selection,mll,25.86864330762667,68.55469281414133,0.991815654117752,0.9999927427155147,0.36224991937446216,0.2,2.5769636491902115,1.5
SV209,15,Matching,mll,27.723616423569453,72.2646390460269,0.9778958701882251,0.9957015924307859,0.33568058463193856,0.2,2.9346288500010558,1.5
SV210,15,Averaging,mll,5.973856091818716,28.765118382525426,0.9922886936996119,0.9999995289030127,0.35445666860402314,0.2,0.7872673920118319,1.5
SV210,15,Selection,mll,5.983837615315416,28.785081429518826,0.9922599114769591,0.9999954934490989,0.3542972733292418,0.2,0.7910655632681172,1.5
SV210,15,Matching,mll,5.972623768499049,28.76265373588609,0.9921985597511792,0.9999999897721773,0.36260453578485485,0.2,2.9023128420010647,1.5
SV211,15,Averaging,mll,27.248867739616884,71.31514167812176,0.9998467200310144,0.9993458420784962,0.22361153621610347,0.2,0.8227482895950526,1.5
SV211,15,Selection,mll,26.98959647720141,70.79659915329081,0.9996398348677092,0.9998122899462261,0.20003427334202317,0.2,0.8685573302271752,1.5
SV211,15,Matching,mll,27.440171333962308,71.69774886681262,0.9979758410698605,0.9871442183104212,0.22525541537794375,0.2,2.978088410933761,1.5
SV212,15,Averaging,mll,6.337508799562995,29.492423798013984,0.9999132513328616,0.892852588205089,0.17684799217811056,0.2,1.5642953266650323,1.5
SV212,15,Selection,mll,6.231036810244905,29.279479819377805,0.9999998406754693,0.9757472315384014,0.15201383175401867,0.2,2.5823920808225855,1.5
SV212,15,Matching,mll,6.259772228874952,29.336950656637896,0.9999954684677136,0.8431143640075469,0.1640628469392971,0.2,2.7270431784008298,1.5
SV213,15,Averaging,mll,15.469692877212054,47.7567919533121,0.9975288963491796,0.9999999543357238,0.2987268360312116,0.2,2.9942328781557994,1.5
SV213,15,Selection,mll,15.46307796247559,47.74356212383917,0.9973973243810713,0.9999991241707267,0.2961909140589773,0.2,2.5769722396904537,1.5
SV213,15,Matching,mll,15.45565865233598,47.728723503559955,0.9974482531263505,0.9999999421061803,0.2962594793506791,0.2,2.5769453704082923,1.5
SV214,15,Averaging,mll,7.020366218565286,30.858138636018566,0.9999869669252377,0.8037406223581797,0.1936377815382231,0.2,2.4153517548384973,1.5
SV214,15,Selection,mll,7.0101396869836545,30.837685572855303,0.9999901906135465,0.6621146167645598,0.1866376522537919,0.2,2.9765686697929086,1.5
SV214,15,Matching,mll,6.907928571418802,30.6332633417256,0.9999989118369255,0.8841960719330065,0.1681484756523069,0.2,2.029050066255849,1.5
SV215,15,Averaging,mll,50.915414761656294,118.64823572220058,0.9874624106564862,0.9999973015496755,0.2682798865550439,0.2,2.6970796341477254,1.5
SV215,15,Selection,mll,50.847488117784906,118.5123824344578,0.9881366520709565,0.9999999479757087,0.26885646882892406,0.2,2.560588958967885,1.5
SV215,15,Matching,mll,50.84574481231287,118.50889582351374,0.9881508559727818,0.9999999953161862,0.26881523375258637,0.2,2.999958238110803,1.5
SV216,15,Averaging,mll,27.30070327495015,71.4188127487883,0.9998884210119946,0.9999618335424685,0.2095585767298631,0.2,1.5692756069645046,1.5
SV216,15,Selection,mll,27.446471335515014,71.71034886991802,0.99986140836699,0.9977500053645462,0.22113455085785122,0.2,0.4434742706148779,1.5
SV216,15,Matching,mll,27.8581098210473,72.5336258409826,0.9956010421366293,0.993423481689039,0.22602077639173496,0.2,1.899061781875845,1.5
