subject_id,location,strategy,fit_type,error,bic,r2,pcommon,sigma_v,sigma_a,sigma_p,mu_p
LV001,raw,Averaging,mll,418.04065728831114,862.8989719964787,0.9014655504139727,0.05542189069050165,0.8460885123821986,0.3,0.6889792468950221,0.10421280133266916
LV001,raw,Selection,mll,390.3351204645261,807.4878983489086,0.9511806070138027,0.18323848849709248,0.8529270657061916,0.3,0.6704183105600814,0.10015587520780828
LV001,raw,Matching,mll,402.11393484922576,831.045527118308,0.9291701399467361,0.06632914398668827,0.8124645777525858,0.3,0.6411288208647042,0.10539217751500063
LV002,raw,Averaging,mll,544.4899790060272,1115.7976154319108,0.853090535163817,0.9423216144513505,0.8449334900609509,0.3,1.8753063023539933,0.10128413087455065
LV002,raw,Selection,mll,506.5606363996899,1039.9389302192362,0.9107537062311379,0.7821344295646345,1.050259252958831,0.3,1.2241931866548792,0.10083497612112881
LV002,raw,Matching,mll,519.2546461306222,1065.3269496811008,0.8877506050805277,0.9266478522851112,0.8951903657686453,0.3,1.2769500394292197,0.1002947848246288
LV003,raw,Averaging,mll,380.64643060861886,788.1105186370942,0.9325875251130121,0.5433980914194652,0.7638504152326359,0.3,2.717646858788854,0.10236490316821537
LV003,raw,Selection,mll,339.8249572511637,706.4675719221839,0.974997755023566,0.5896841669792947,0.9061075533120555,0.3,1.0349664195690371,0.1332952913151718
LV003,raw,Matching,mll,343.14970443221716,713.1170662842908,0.9733767683559678,0.7081302531035845,0.9360658036315009,0.3,1.0524147717337484,0.11106730871059793
LV005,raw,Averaging,mll,402.09223321676626,831.002123853389,0.9155937604308566,0.27553998443449396,0.7852063570198161,0.3,1.539121559418128,0.10068345536149717
LV005,raw,Selection,mll,361.30323248227194,749.4241223844003,0.9929209245109089,0.41047178759255604,0.8655754162175489,0.3,0.9702579794666127,0.10055908996741131
LV005,raw,Matching,mll,367.9948374928163,762.8073324054891,0.9819180926311315,0.45641474756978356,0.886682242475812,0.3,0.9332780111314686,0.10214458430817576
LV007,raw,Averaging,mll,277.5508730215081,581.9194034628727,0.9958010819363244,0.7629063500208118,0.6301506509740175,0.3,0.7497713469278989,1.6254273259189953
LV007,raw,Selection,mll,277.8111840153289,582.4400254505142,0.9957079226129122,0.658311667490242,0.5748736390730693,0.3,0.817385253104445,2.021195226611174
LV007,raw,Matching,mll,279.28368499669415,585.3850274132448,0.9956696666062463,0.6162902724464959,2.2082319111866107,0.3,0.858386917677695,1.1782496778849127
LV008,raw,Averaging,mll,366.8589844401044,760.5356263000652,0.9211651359331033,0.014106206472432844,0.8583019868266404,0.3,0.6441376010323546,0.10034519921377318
LV008,raw,Selection,mll,357.67429940551585,742.1662562308882,0.9405615425279964,0.11389040650075029,0.854263928904944,0.3,0.6067007967597744,0.10015079443236384
LV008,raw,Matching,mll,361.3518324796373,749.5213223791311,0.9337639116957454,0.013196574494548398,0.8477455831248577,0.3,0.5972060270144749,0.10316311511060688
LV009,raw,Averaging,mll,335.5452723947675,697.9082022093914,0.9934477574597157,0.03663966682156291,0.8331338163150486,0.3,0.8858332149551117,0.20438790181444577
LV009,raw,Selection,mll,335.84990253443027,698.517462488717,0.9933791305387177,0.08027548642650417,0.8312898509206501,0.3,0.9512875980463236,0.22266882059964482
LV009,raw,Matching,mll,335.8481662259974,698.5139898718512,0.9932335212580929,0.0005859322956366555,0.8527222581310174,0.3,0.9851544444211008,0.21161926332949843
LV011,raw,Averaging,mll,481.4506863233303,989.719030066517,0.8538081887439628,0.0003064230690746874,0.9500947112230868,0.3,2.989925893579354,1.4565425299925712
LV011,raw,Selection,mll,448.5491638583396,923.9159851365357,0.9289567421663836,0.23551291276901332,2.030874132375332,0.3,2.999555925494137,1.3673150675552568
LV011,raw,Matching,mll,466.7911878213657,960.4000330625879,0.8903957013693886,0.04861185140801658,1.1660079668664132,0.3,2.9980983285893066,0.7640076789165656
LV012,raw,Averaging,mll,316.50852240950985,659.8347022388762,0.850550540239845,0.007619864031524587,0.848410478648203,0.3,0.5012282669576045,0.10197376455145032
LV012,raw,Selection,mll,272.49290330898816,571.8034640378328,0.8776968129445077,0.2659865580469331,0.8554641340042205,0.3,0.5495692598905354,0.10083840226216462
LV012,raw,Matching,mll,308.6885955970055,644.1948486138674,0.8197929533477911,0.05606210969661662,0.8215241740614901,0.3,0.5240526094926782,0.14211698526812933
LV013,raw,Averaging,mll,389.8879712841797,806.5935999882158,0.8556872412065782,0.007183462918242258,0.8484716197147995,0.3,0.5649903536325174,0.10615180382989726
LV013,raw,Selection,mll,365.96997276906836,758.7576029579932,0.8804318405736996,0.20881350169805304,0.8562071427520219,0.3,0.5783182475806263,0.10076719234209562
LV013,raw,Matching,mll,378.5427953588821,783.9032481376206,0.8650844789292433,0.029451019532280975,0.8484486966601031,0.3,0.5401505444916069,0.10566098785331546
LV015,raw,Averaging,mll,258.3022000619842,543.4220575438248,0.9910297182395665,0.023796684069003038,2.940851405710669,0.3,0.8170677287119148,0.9408644076106146
LV015,raw,Selection,mll,258.6224778067204,544.0626130332972,0.9909707758096115,0.2063483007620744,2.9595612358975028,0.3,0.8110037157050627,0.9460472360741929
LV015,raw,Matching,mll,258.63496244476676,544.08758230939,0.991000044437972,0.0002558254440455239,2.9386165392349914,0.3,0.8181710965536007,0.9512355111291765
LV016,raw,Averaging,mll,429.3029930367622,885.4236434933808,0.8895868350708097,7.692552922381017e-05,0.8634740040508546,0.3,0.5514103344357115,0.10200353039786172
LV016,raw,Selection,mll,430.52382739807797,887.8653122160124,0.8930424906732524,0.13104176009114005,0.8545821601524299,0.3,0.5713844598683852,0.10048113311212849
LV016,raw,Matching,mll,430.7460436158748,888.309744651606,0.8864016027731907,0.0017598535540144916,0.8534706808100144,0.3,0.5554905809913099,0.10137764946345106
LV017,raw,Averaging,mll,129.3635155944053,285.544688608667,0.9973256091959908,0.015135996990946919,2.9558187951663513,0.3,0.7343671278564962,1.0097152800684197
LV017,raw,Selection,mll,129.288249652415,285.3941567246864,0.9973237706089254,0.2104570572683527,2.962530157055586,0.3,0.7336174088179734,1.0090280927731934
LV017,raw,Matching,mll,129.2450110158976,285.3076794516516,0.997320783415285,0.00036876084223076244,2.9855532669007,0.3,0.7368039322103038,1.0035184759926554
LV018,raw,Averaging,mll,175.38675086579457,377.59115915144554,0.9958359884494771,0.8577743667142663,1.8923951116482516,0.3,0.6463231114147674,1.082782215649459
LV018,raw,Selection,mll,177.7978107588528,382.413278937562,0.9951644918555482,0.6395091016435832,1.9120889707171742,0.3,0.5937565742998886,1.0736045458941115
LV018,raw,Matching,mll,177.14231833293474,381.1022940857259,0.9956609215880967,0.851741794207632,2.1948453667993464,0.3,0.696073978952897,1.0659530464383662
LV019,raw,Averaging,mll,188.25592735004625,403.3295121199489,0.9956037563026585,0.9803340142340707,1.7648022834075512,0.3,0.9179348970796756,0.9999706471998009
LV019,raw,Selection,mll,186.36975779254192,399.55717300494024,0.9960734045168017,0.8057935457577852,2.5831477106442473,0.3,1.0014614865314633,0.9532606065862833
LV019,raw,Matching,mll,187.36945838151843,401.55657418289326,0.9955463384734665,0.9901513641506764,2.4185073901686067,0.3,0.9419162925337753,0.8967448383586373
LV020,raw,Averaging,mll,408.48962191520707,843.7969012502706,0.9714848853846142,0.8952010572740019,1.5985347341617877,0.3,1.5106728167769565,2.822667904307124
LV020,raw,Selection,mll,407.77429118078066,842.3662397814178,0.971978213097762,0.5923408297338945,2.621030906123973,0.3,1.8821175125347243,2.9968183218655295
LV020,raw,Matching,mll,410.43666139146865,847.6909802027938,0.9708067880256961,0.8713264327708353,1.9141591605122072,0.3,1.7173264667658685,2.9614170718130586
LV021,raw,Averaging,mll,269.63825439026783,566.0941662003921,0.9950526289893571,0.00394211528256023,1.2927918519893498,0.3,0.7517542353084032,0.7324440800167529
LV021,raw,Selection,mll,266.1965581380083,559.2107736958731,0.9962133176204497,0.30295844648210657,2.950438027874768,0.3,0.8762427800082528,0.6954237130747879
LV021,raw,Matching,mll,269.70915163674226,566.235960693341,0.9947510443803672,0.00026888581560876326,1.2667425112453405,0.3,0.7285826625209421,0.7315275725781532
LV022,raw,Averaging,mll,423.66399960868125,874.145656637219,0.9757606751682663,0.00010666250630308767,0.8585511800335148,0.3,0.8363537641624893,0.10012319765838117
LV022,raw,Selection,mll,427.3341577099902,881.4859728398369,0.9678936774108663,0.03379841943257119,0.7839349895487288,0.3,0.7958731274382952,0.10089880058863342
LV022,raw,Matching,mll,427.2884817951266,881.3946210101096,0.9678965195591783,0.0003574628826164731,0.7850166311050064,0.3,0.7953742427098959,0.10249710735963377
LV023,raw,Averaging,mll,676.5174002607316,1379.8524579413197,0.6909872712271841,0.01188664774759323,0.8280559285568401,0.3,1.5862893889213527,0.1003978357772557
LV023,raw,Selection,mll,593.6295083533515,1214.0766741265595,0.915862491240404,0.3726920673684349,0.9030267461522596,0.3,0.7336260580614881,0.10684240408516439
LV023,raw,Matching,mll,632.9196319183689,1292.6569212565942,0.8377719732088627,0.2529646170494219,0.7770784256213897,0.3,0.6693399750202307,0.10565282634046744
LV024,raw,Averaging,mll,787.389255876972,1601.5961691738005,0.7114869049149677,0.0026159456306939937,0.8122892428674435,0.3,2.9967558163589807,0.1558424627947819
LV024,raw,Selection,mll,749.1233619241814,1525.0643812682192,0.8282671381174588,0.36994588696015707,0.9364744020958448,0.3,1.2234084352560064,0.10069173015321681
LV024,raw,Matching,mll,772.2378231768887,1571.2933037736339,0.7523256692184364,0.09372599397256762,0.8923637527918218,0.3,2.2191737963500007,0.10081298697938294
LV025,raw,Averaging,mll,366.5178167957347,759.8532910113258,0.9566997136263241,0.0017848870331117627,0.8646154364372792,0.3,0.7685729777905509,0.10192544611073462
LV025,raw,Selection,mll,365.25525658825984,757.3281705963761,0.9647295277837151,0.10035380362295584,0.8579939297151846,0.3,0.7332479688334795,0.10023015550918714
LV025,raw,Matching,mll,365.1162931953902,757.0502438106369,0.9638064077544384,0.008603990897321568,0.8660693405965222,0.3,0.7367760583331907,0.10057042535173827
SV103,raw,Averaging,mll,366.69711187671714,760.2118811732907,0.9810601776486657,0.8638681080800922,0.595427790591694,0.3,0.8992643145195259,1.4080600725528818
SV103,raw,Selection,mll,367.071830660374,760.9613187406045,0.9808742402001837,0.7279533871365815,0.5757151864626829,0.3,0.8486110142215819,1.5439194275390546
SV103,raw,Matching,mll,360.66423936896604,748.1461361577885,0.9841114256304726,0.5929395285353726,2.9252104657818876,0.3,0.8605034609321199,0.9255785403759723
SV110,raw,Averaging,mll,205.92138679406372,438.66043100798385,0.9957665606466494,0.888350680923077,0.8739692138411609,0.3,0.7261792739568265,1.3353465757078617
SV110,raw,Selection,mll,201.18992209321635,429.1975016062891,0.9965773657781697,0.5632492208786487,2.974127129150592,0.3,0.7802960303630132,1.0045648495151551
SV110,raw,Matching,mll,200.638347709318,428.0943528384924,0.9968895925018534,0.7975680168091321,2.9843837228292336,0.3,0.834589072073033,1.0063422744524764
SV111,raw,Averaging,mll,388.2622743457642,803.3422061113848,0.9799330646570945,0.8777422055279769,1.0628804420704294,0.3,1.148333340396618,2.1043211067005143
SV111,raw,Selection,mll,376.7293179922958,780.2762934044481,0.9822562804862657,0.6145831507933569,2.5754580689609345,0.3,1.637632660777694,2.0866682400307313
SV111,raw,Matching,mll,379.4880920297403,785.7938414793371,0.9817007524203663,0.8884605053313753,2.9676199175868305,0.3,1.7802946459202378,1.9593458085557633
SV113,raw,Averaging,mll,257.018485970782,540.8546293614205,0.991114774945611,0.9271276206089512,1.5982630904350315,0.3,0.9485847944407388,1.0547692753064872
SV113,raw,Selection,mll,238.5283838472358,503.874425114328,0.995556873049751,0.82497939598635,1.2148055492720888,0.3,1.202382620092589,1.7546659788974304
SV113,raw,Matching,mll,243.0887911911277,512.9952398021119,0.9942211069022449,0.9389514360826942,2.1174170193517328,0.3,1.2013752842144645,1.2810583238646251
SV119,raw,Averaging,mll,239.38384208434812,505.58534158855264,0.9957935290710318,0.41865450414342786,1.4803479602105711,0.3,0.6924030994769165,0.9371378682804931
SV119,raw,Selection,mll,244.8943289015493,516.606315222955,0.9921996524323137,0.6109213821287461,0.3285569317383214,0.3,0.8798996994235947,1.0655581907049707
SV119,raw,Matching,mll,238.71500237894963,504.24766217775567,0.9953498034876449,0.2728245019797109,2.9973018344732276,0.3,0.6938497067543904,0.7819001099523414
SV201,raw,Averaging,mll,290.4646319871713,607.746921394199,0.9884846934623799,0.6525704826460923,2.9166167100285896,0.3,0.8764179059726757,1.1028100882221186
SV201,raw,Selection,mll,295.37252361852654,617.5627046569095,0.9870424867636347,0.5460872339732479,2.7891976140053245,0.3,0.7393609534190332,1.0269889939912684
SV201,raw,Matching,mll,294.5892484867548,615.996154393366,0.9873739619136725,0.7329089318344792,2.949595548126603,0.3,0.7891113666540394,1.035863729906104
SV202,raw,Averaging,mll,242.78310218263528,512.383861785127,0.9908411022984652,0.0018291897109488035,2.9811532516048875,0.3,0.827138967037114,0.9432059310772344
SV202,raw,Selection,mll,242.77061922246662,512.3588958647897,0.990742209494491,0.19304036053018547,2.9636098110982894,0.3,0.8151967874093851,0.9273243652047835
SV202,raw,Matching,mll,242.76994208541467,512.3575415906857,0.9907813192771537,0.00024396595226335995,2.9858692340502806,0.3,0.81859384542463,0.942792394225996
SV203,raw,Averaging,mll,173.97008586868716,374.75782915723073,0.9923692984288913,0.9556457138188895,2.9572498734274033,0.3,1.291775329188566,1.9415811827622622
SV203,raw,Selection,mll,173.9965546181408,374.810766656138,0.9925974151777393,0.8935523305510091,2.945506907668611,0.3,1.3425479607356494,2.0000916012698218
SV203,raw,Matching,mll,173.8987754899751,374.6152083998066,0.9926088572179931,0.999852467855315,2.9678421005222697,0.3,1.3115273099396525,1.954270828078767
SV204,raw,Averaging,mll,280.74071306614104,588.2990835521385,0.9858400565675156,0.9444218633266223,2.991632261596227,0.3,1.3087459629472689,1.8695318791774878
SV204,raw,Selection,mll,280.903181189801,588.6240197994584,0.9858699717845354,0.7625561339528452,2.8974411421980224,0.3,1.2779690438442108,1.8623190430127066
SV204,raw,Matching,mll,280.9661853525396,588.7500281249356,0.9859884021690969,0.9999472701023375,2.9500869868935973,0.3,1.2531914418215824,1.773009941371814
SV205,raw,Averaging,mll,237.53746369095023,501.89258480175687,0.995399713354916,0.27856591418133175,2.9223079962413316,0.3,0.8374621640595433,0.9980533140181678
SV205,raw,Selection,mll,237.6700997350378,502.157856889932,0.9950788986992511,0.43759404520659195,2.718969140891615,0.3,0.7672778364664469,1.054690069698743
SV205,raw,Matching,mll,237.20194955707655,501.2215565340095,0.995307648393154,0.1322282383338356,2.9510649187740516,0.3,0.785560866022555,0.9959825561229184
SV206,raw,Averaging,mll,470.3364596712842,967.4905767624249,0.9678908409069382,0.19586301606940132,0.7564021279825766,0.3,1.068894694422743,2.2158856958227093
SV206,raw,Selection,mll,469.54042197445835,965.8985013687732,0.9680202303598953,0.3810519569916127,0.8574044823926638,0.3,1.0882689385541593,2.257926987339088
SV206,raw,Matching,mll,469.28891352297535,965.3954844658072,0.9678379268947425,0.24033240562234245,1.1762744947235813,0.3,0.9445467001397859,1.6241869639247823
SV207,raw,Averaging,mll,203.34659780768374,433.5108530352239,0.9946527058010332,0.060892226595710724,2.9878140966012836,0.3,0.8747853363617448,0.9153091919867387
SV207,raw,Selection,mll,203.96798723886735,434.7536318975911,0.99467201716844,0.14944320331105632,2.9973223002577183,0.3,0.8769754927197867,0.9338180460799729
SV207,raw,Matching,mll,204.07861059396896,434.9748786077943,0.9945766604484695,0.0025109439934887395,2.8120601830283065,0.3,0.851016206279177,0.9392674487436701
SV208,raw,Averaging,mll,232.7330176194576,492.2836926587716,0.9963049714133362,0.8571206721516506,1.8835948871760835,0.3,0.8573502763854136,1.2153866380856837
SV208,raw,Selection,mll,235.27576121521545,497.3691798502873,0.9954755219962489,0.7238399102711787,1.6622117334797917,0.3,0.7121181663377103,1.1366789456973332
SV208,raw,Matching,mll,234.86644126433055,496.5505399485175,0.9956893820269437,0.9282783643341628,2.472019101001891,0.3,0.8661091797175052,1.07415595459688
SV209,raw,Averaging,mll,253.91155456749874,534.6407665548539,0.9942355708646275,0.8765543502157632,2.4314238052139103,0.3,1.12335705041059,1.6054712150893797
SV209,raw,Selection,mll,246.8066137343772,520.4308848886109,0.9941116758927964,0.727655487195462,1.769672633159044,0.3,1.1199377744473196,1.6900379614422845
SV209,raw,Matching,mll,250.35069660292893,527.5190506257143,0.9932769855201423,0.9425924933190303,1.982934468757086,0.3,1.3129386490027715,1.844261442535772
SV210,raw,Averaging,mll,144.81517654431656,316.4480105084895,0.9955307201296747,0.9479976983884668,2.798434846524608,0.3,0.8890732880841397,1.611005731111945
SV210,raw,Selection,mll,145.46789752331978,317.75345246649596,0.9952830514865918,0.8335781432662446,2.607470291644172,0.3,0.9785889703028278,1.6272536047654282
SV210,raw,Matching,mll,145.22102942297596,317.2597162658083,0.9953807659429349,0.9998229356055347,2.9780885184656976,0.3,1.0075641124159538,1.7539148451480484
SV211,raw,Averaging,mll,198.8441194612692,424.5058963423948,0.9970889180779535,0.46386679966493627,2.9668963302787112,0.3,0.7803879976640581,1.1033418514670905
SV211,raw,Selection,mll,211.62302478782277,450.06370699550195,0.9934427437651496,0.6881847581166486,0.41268426870802216,0.3,0.7312059676132723,1.8909574600103751
SV211,raw,Matching,mll,200.87623224326802,428.57012190639244,0.9962139192755685,0.42588898935102143,2.7765083911530857,0.3,0.6963698073223857,0.9461755883265317
SV212,raw,Averaging,mll,172.9021823446497,372.6220221091558,0.996990110253858,0.21369071754126648,2.9750714868639645,0.3,0.8144513588493721,0.9544545970463293
SV212,raw,Selection,mll,171.9956157708037,370.8088889614638,0.9968185024891222,0.39770566896831344,2.941229892195385,0.3,0.7289426686714349,0.9123893235200001
SV212,raw,Matching,mll,173.38042539863852,373.57850821713345,0.9957344499872532,0.10015111729697293,2.9708419599770024,0.3,0.666169713442199,0.87165767722671
SV213,raw,Averaging,mll,216.8798463572041,460.5773501342646,0.9954755810583651,0.9017886341888325,2.983884546837402,0.3,0.8649132582771991,1.026319428244755
SV213,raw,Selection,mll,218.36999961069995,463.5576566412563,0.9947288409353325,0.7830705096630638,2.992446665425828,0.3,0.7651501993083114,0.9229657885442011
SV213,raw,Matching,mll,218.50078743788214,463.8192322956207,0.9948545260322036,0.9783803217002939,2.9974688158301253,0.3,0.8021636888108529,0.9668168783973186
SV214,raw,Averaging,mll,126.67029938987595,280.15825619960833,0.9974337241749135,0.25202211176133504,2.534451487070006,0.3,0.6705658573100054,0.9975398259373963
SV214,raw,Selection,mll,126.79944067375246,280.4165387673613,0.9974914785128687,0.3956575693660312,2.70167709308681,0.3,0.6429588018950335,1.0256122630856086
SV214,raw,Matching,mll,126.69563841798586,280.2089342558281,0.9975374820968435,0.04770013367562638,2.245653899200177,0.3,0.6283214573936673,1.0558924807573606
SV215,raw,Averaging,mll,310.57473611673777,647.967129653332,0.9901870744333947,0.8717362793160907,0.741301308770122,0.3,2.2573782439820724,1.8892077713143383
SV215,raw,Selection,mll,307.97596385340506,642.7695851266666,0.9926571966712433,0.7505052071664089,0.781878398737211,0.3,0.9994636117510807,1.1369788533847525
SV215,raw,Matching,mll,304.290960455888,635.3995783316325,0.9933008444500306,0.7694034482857012,2.6005660492073677,0.3,0.9823393876730626,0.8124241506924085
SV216,raw,Averaging,mll,222.463954789902,471.7455669996604,0.9936484617474002,0.7811523355752734,0.60670255854621,0.3,0.6253524652024922,1.262517004398774
SV216,raw,Selection,mll,226.67610258254803,480.16986258495245,0.9922581290685925,0.7397510740837684,0.5163971468463968,0.3,0.7150758704589557,1.4162797634109725
SV216,raw,Matching,mll,213.57607488009307,453.96980718004255,0.996004221501116,0.5587930501607601,2.8583253666161976,0.3,0.749965002558899,0.9303897553340321
LV001,visible,Averaging,mll,81.0955434694205,184.35614111947473,0.9916877818182653,0.41153354852794594,2.827666616119355,0.3,1.1110539793510728,0.8747035457988505
LV001,visible,Selection,mll,81.87688108970528,185.91881636004427,0.9906215533529212,0.4583439021625871,2.951037476649893,0.3,0.9316015590797451,0.8856703975378032
LV001,visible,Matching,mll,81.71389383765069,185.5928418559351,0.9910763376765767,0.29092932980285313,2.9886100017480457,0.3,0.9693201326281287,0.8752279686441048
LV002,visible,Averaging,mll,195.95279855683216,413.4982479197353,0.8148978923984602,0.7198276915166936,0.7689504930689564,0.3,2.9849826700952913,0.2223028360927499
LV002,visible,Selection,mll,185.15314061694673,391.89893203996445,0.8616814940886364,0.5195382984810185,1.4906204802588714,0.3,2.9323386442228374,1.3890643878916735
LV002,visible,Matching,mll,188.355328780303,398.303308366677,0.8524490927114277,0.7154909784163926,0.8801486838866717,0.3,2.9307870406973136,0.11794377867753096
LV003,visible,Averaging,mll,133.54641153499313,292.5311185446758,0.9945528427109628,0.9507645457924059,2.9066337644648352,0.3,0.8653651953886171,0.978974399585563
LV003,visible,Selection,mll,129.7691469681382,284.97658941096586,0.9938658015384771,0.7323376049871819,2.5768037875998973,0.3,0.790350342460498,0.9066128265205319
LV003,visible,Matching,mll,132.07372820866345,289.58575189201645,0.9941708622225038,0.9797140783031465,2.6849108826551524,0.3,0.9109370031277428,1.0049298867135983
LV005,visible,Averaging,mll,197.71884971418282,420.2397361245364,0.9651516401732498,0.5053016490405557,0.8796783391441224,0.3,2.641445735539089,0.11900776577872418
LV005,visible,Selection,mll,184.27738326279956,393.3568032217699,0.992215580424753,0.5138591353636858,2.940955172299823,0.3,1.035055534319954,0.7100555444188956
LV005,visible,Matching,mll,189.8795082034096,404.56105310299,0.9806424053329049,0.6475908277024663,1.3780271950516,0.3,0.9248564201738708,0.6392272433401798
LV007,visible,Averaging,mll,277.5508730215081,581.9194034628727,0.9958010819363244,0.7629063500208118,0.6301506509740175,0.3,0.7497713469278989,1.6254273259189953
LV007,visible,Selection,mll,277.8111840153289,582.4400254505142,0.9957079226129122,0.658311667490242,0.5748736390730693,0.3,0.817385253104445,2.021195226611174
LV007,visible,Matching,mll,279.28368499669415,585.3850274132448,0.9956696666062463,0.6162902724464959,2.2082319111866107,0.3,0.858386917677695,1.1782496778849127
LV008,visible,Averaging,mll,43.099396062466596,106.74198587313424,0.9926805809643793,0.5279132970698349,0.3116160644664626,0.3,1.1252039186107343,1.1875746933124391
LV008,visible,Selection,mll,43.770452820113526,108.0840993884281,0.9913887425460794,0.5196298324429901,0.28695759518804065,0.3,1.34009569717965,1.3086605323477105
LV008,visible,Matching,mll,43.6070301230967,107.75725399439445,0.9911706898048356,0.17403923340338578,2.990420458181247,0.3,0.6941164856181545,0.755919873619814
LV009,visible,Averaging,mll,94.26016273114712,213.322362158465,0.9970290124011854,0.0408739795829165,2.6680724907075715,0.3,0.8873824712325117,0.9044341136413655
LV009,visible,Selection,mll,94.26784313878608,213.33772297374293,0.9972232312297108,0.16404465918544242,2.7109028850539936,0.3,0.900852538694511,0.9208204835059625
LV009,visible,Matching,mll,93.87179148137585,212.54561965892248,0.9973245628501654,0.015263629419780182,2.924665470630139,0.3,0.9131959784088819,0.9032107043205992
LV011,visible,Averaging,mll,115.0501020462934,253.41598656302764,0.9757039851684792,0.04955697622843138,0.8125907509120395,0.3,1.122710870898268,2.9920371611108747
LV011,visible,Selection,mll,113.45594304166195,250.22766855376474,0.981165469933919,0.1922873957946983,0.9576926034992757,0.3,1.225859652455669,2.9963280003585915
LV011,visible,Matching,mll,113.00827150746701,249.33232548537487,0.9843755521522216,0.06322362005748518,0.9625844042265028,0.3,1.2077634262670631,2.992965522254212
LV015,visible,Averaging,mll,236.19455451251068,499.0365279872026,0.9902585484003213,0.006561181860517771,2.9844594240698483,0.3,0.7394268196419004,1.030031421943316
LV015,visible,Selection,mll,236.20927657559776,499.06597211337674,0.9902683930975906,0.23823128340584565,2.9906640447616586,0.3,0.7407724851661532,1.0337458900560221
LV015,visible,Matching,mll,236.2343150439965,499.11604905017424,0.9902889299020222,0.0005443987134310474,2.996648886935749,0.3,0.7456661597557428,1.0245880761429822
LV016,visible,Averaging,mll,38.90559987543982,96.31109100401672,0.9572358414260186,0.025067133192984797,1.1454839129380139,0.3,0.676078654440595,0.695958905383369
LV016,visible,Selection,mll,38.680266410690514,95.86042407451811,0.957949018491426,0.0903545830872641,1.661042791017125,0.3,0.7277583755606851,0.6959740946406509
LV016,visible,Matching,mll,38.92256978397515,96.34503082108738,0.9569953178129358,0.0006846888724940119,1.1432630911683432,0.3,0.6882113342942581,0.70561380430498
LV017,visible,Averaging,mll,129.3635155944053,285.544688608667,0.9973256091959908,0.015135996990946919,2.9558187951663513,0.3,0.7343671278564962,1.0097152800684197
LV017,visible,Selection,mll,129.288249652415,285.3941567246864,0.9973237706089254,0.2104570572683527,2.962530157055586,0.3,0.7336174088179734,1.0090280927731934
LV017,visible,Matching,mll,129.2450110158976,285.3076794516516,0.997320783415285,0.00036876084223076244,2.9855532669007,0.3,0.7368039322103038,1.0035184759926554
LV018,visible,Averaging,mll,175.38675086579457,377.59115915144554,0.9958359884494771,0.8577743667142663,1.8923951116482516,0.3,0.6463231114147674,1.082782215649459
LV018,visible,Selection,mll,177.7978107588528,382.413278937562,0.9951644918555482,0.6395091016435832,1.9120889707171742,0.3,0.5937565742998886,1.0736045458941115
LV018,visible,Matching,mll,177.14231833293474,381.1022940857259,0.9956609215880967,0.851741794207632,2.1948453667993464,0.3,0.696073978952897,1.0659530464383662
LV019,visible,Averaging,mll,170.89904115156656,368.53152608619826,0.9963663473654455,0.990972189389763,2.0434202149934233,0.3,0.8667544241599449,0.9698498518558902
LV019,visible,Selection,mll,170.4449905330747,367.62342484921453,0.9966684956538159,0.8824216334431463,2.1634209137659286,0.3,0.9413024628935646,1.0169214894363796
LV019,visible,Matching,mll,170.5106853369751,367.7548144570153,0.9965455479559598,0.999638090808024,2.787530253375105,0.3,0.9168317038912859,0.8923825123851726
LV020,visible,Averaging,mll,408.48962191520707,843.7969012502706,0.9714848853846142,0.8952010572740019,1.5985347341617877,0.3,1.5106728167769565,2.822667904307124
LV020,visible,Selection,mll,407.77429118078066,842.3662397814178,0.971978213097762,0.5923408297338945,2.621030906123973,0.3,1.8821175125347243,2.9968183218655295
LV020,visible,Matching,mll,410.43666139146865,847.6909802027938,0.9708067880256961,0.8713264327708353,1.9141591605122072,0.3,1.7173264667658685,2.9614170718130586
LV021,visible,Averaging,mll,138.5052763483675,303.0989238894156,0.9968257777908094,0.03262542921388886,2.8315244035682636,0.3,0.8173052579219147,0.8996258857008277
LV021,visible,Selection,mll,138.58707181871443,303.26251483010947,0.9968900773086825,0.20120346602633385,2.8402408850120153,0.3,0.8234486517299043,0.9194445637906824
LV021,visible,Matching,mll,138.5319210306013,303.1522132538832,0.9968353700753665,0.004023315911749246,2.7546346710413268,0.3,0.8062800625938419,0.9133155637400487
LV022,visible,Averaging,mll,133.6132666771533,291.101363594248,0.989245518302335,0.0010681310373880579,2.9478414009732536,0.3,0.8951862186892077,0.7361315597377673
LV022,visible,Selection,mll,133.6202676241521,291.11536548824563,0.9892617308027181,0.14286518828896486,2.9287838166593025,0.3,0.8982288533992303,0.7386692993516253
LV022,visible,Matching,mll,133.87549310168103,291.6258164433035,0.9887959176267289,0.00014711848590082816,2.6960467145953406,0.3,0.8677349108916672,0.730803905996066
LV023,visible,Averaging,mll,180.33327871673734,382.8316116141084,0.9166998177276378,0.8696262664823377,0.8504862582287975,0.3,2.318882679197107,0.14895677439892752
LV023,visible,Selection,mll,178.49749212422958,379.1600384290929,0.925945893126327,0.6940496393544715,1.3116278642249788,0.3,2.5264967654132042,1.0484944523921664
LV023,visible,Matching,mll,177.41186713533534,376.9887884513044,0.928539124071469,0.799164566560707,1.0954714880045338,0.3,2.2914637845279535,0.8549305651236309
LV024,visible,Averaging,mll,479.06927660803524,982.1836219136871,0.6555978583340429,0.33861166381283225,0.8451464467097952,0.3,1.7167150851409494,2.919123290765706
LV024,visible,Selection,mll,469.8721835219171,963.7894357414509,0.6936792185300238,0.4033321898159428,1.5513015105140189,0.3,2.2352555850621116,2.9887391477487717
LV024,visible,Matching,mll,472.41626039879617,968.877589495209,0.6819572916753379,0.4655752270852064,0.9886609747078268,0.3,2.0007291886365994,2.9995459832473435
LV025,visible,Averaging,mll,128.30674811405277,280.12443935522407,0.9879149854168005,0.003146711129765037,0.9537927691994363,0.3,0.8059317088116144,0.699373217957718
LV025,visible,Selection,mll,128.26633691481658,280.0436169567517,0.9880363123345355,0.22909398502429487,1.209681161574636,0.3,0.8462912035490815,0.7241573302815233
LV025,visible,Matching,mll,128.28336474219623,280.077672611511,0.9880949778990532,0.0005114651139839601,0.9077572317777801,0.3,0.8048530144969676,0.6934593022260382
SV103,visible,Averaging,mll,343.87536187227505,714.4841675276152,0.9838777689871452,0.6118406456453644,1.7794350976928006,0.3,0.8282187251636243,1.0993456752192572
SV103,visible,Selection,mll,350.4732813406009,727.680006464267,0.9801011217903464,0.7079393299693243,0.6453482865256234,0.3,0.6852935330539826,1.3692901745506292
SV103,visible,Matching,mll,341.7917402817944,710.3169243466539,0.9839416037256096,0.5874511044631646,2.9803879733922867,0.3,0.8617324042970561,1.0165477173310602
SV110,visible,Averaging,mll,205.92138679406372,438.66043100798385,0.9957665606466494,0.888350680923077,0.8739692138411609,0.3,0.7261792739568265,1.3353465757078617
SV110,visible,Selection,mll,201.18992209321635,429.1975016062891,0.9965773657781697,0.5632492208786487,2.974127129150592,0.3,0.7802960303630132,1.0045648495151551
SV110,visible,Matching,mll,200.638347709318,428.0943528384924,0.9968895925018534,0.7975680168091321,2.9843837228292336,0.3,0.834589072073033,1.0063422744524764
SV111,visible,Averaging,mll,347.1021594734831,720.9377627300313,0.9827696631564469,0.8285422141276086,2.5177922581730527,0.3,1.2884517483056248,1.8827987572097258
SV111,visible,Selection,mll,343.44258776708256,713.6186193172302,0.9827447852270178,0.598200302833529,2.964850396817593,0.3,1.3826661748453706,1.8697556570247227
SV111,visible,Matching,mll,345.15876621861673,717.0509762202986,0.982420796291089,0.8807123713196608,2.9441241083970784,0.3,1.390943729961924,1.849628662742291
SV113,visible,Averaging,mll,198.29537103045942,423.2381610231001,0.9958815842578119,0.9880270982829831,2.986371389302931,0.3,0.9593978136602188,1.1825771604192494
SV113,visible,Selection,mll,195.09816719295048,416.8437533480822,0.9958476891945302,0.7497926923581948,2.5263424446880163,0.3,1.0200559832896519,1.250479870650057
SV113,visible,Matching,mll,197.31726596748587,421.28195089715297,0.9954156332015179,0.9753874328560198,2.561962440150255,0.3,1.2501274743377748,1.5523668522972405
SV119,visible,Averaging,mll,224.9623843009164,476.65821238489787,0.9958231878609335,0.4566987516293478,1.665881586056713,0.3,0.6758395583679023,0.9479173563503377
SV119,visible,Selection,mll,231.75681212531984,490.24706803370475,0.9920029956134943,0.6250179967507421,0.3264833821991864,0.3,0.8274117250636693,1.17088569167879
SV119,visible,Matching,mll,223.5709223878324,473.87528855872995,0.9962384439624122,0.24653405635839637,2.947494763530651,0.3,0.7712866738640166,0.9113951826884313
SV201,visible,Averaging,mll,290.4646319871713,607.746921394199,0.9884846934623799,0.6525704826460923,2.9166167100285896,0.3,0.8764179059726757,1.1028100882221186
SV201,visible,Selection,mll,295.37252361852654,617.5627046569095,0.9870424867636347,0.5460872339732479,2.7891976140053245,0.3,0.7393609534190332,1.0269889939912684
SV201,visible,Matching,mll,294.5892484867548,615.996154393366,0.9873739619136725,0.7329089318344792,2.949595548126603,0.3,0.7891113666540394,1.035863729906104
SV202,visible,Averaging,mll,242.78310218263528,512.383861785127,0.9908411022984652,0.0018291897109488035,2.9811532516048875,0.3,0.827138967037114,0.9432059310772344
SV202,visible,Selection,mll,242.77061922246662,512.3588958647897,0.990742209494491,0.19304036053018547,2.9636098110982894,0.3,0.8151967874093851,0.9273243652047835
SV202,visible,Matching,mll,242.76994208541467,512.3575415906857,0.9907813192771537,0.00024396595226335995,2.9858692340502806,0.3,0.81859384542463,0.942792394225996
SV203,visible,Averaging,mll,173.97008586868716,374.75782915723073,0.9923692984288913,0.9556457138188895,2.9572498734274033,0.3,1.291775329188566,1.9415811827622622
SV203,visible,Selection,mll,173.9965546181408,374.810766656138,0.9925974151777393,0.8935523305510091,2.945506907668611,0.3,1.3425479607356494,2.0000916012698218
SV203,visible,Matching,mll,173.8987754899751,374.6152083998066,0.9926088572179931,0.999852467855315,2.9678421005222697,0.3,1.3115273099396525,1.954270828078767
SV204,visible,Averaging,mll,280.74071306614104,588.2990835521385,0.9858400565675156,0.9444218633266223,2.991632261596227,0.3,1.3087459629472689,1.8695318791774878
SV204,visible,Selection,mll,280.903181189801,588.6240197994584,0.9858699717845354,0.7625561339528452,2.8974411421980224,0.3,1.2779690438442108,1.8623190430127066
SV204,visible,Matching,mll,280.9661853525396,588.7500281249356,0.9859884021690969,0.9999472701023375,2.9500869868935973,0.3,1.2531914418215824,1.773009941371814
SV205,visible,Averaging,mll,237.53746369095023,501.89258480175687,0.995399713354916,0.27856591418133175,2.9223079962413316,0.3,0.8374621640595433,0.9980533140181678
SV205,visible,Selection,mll,237.6700997350378,502.157856889932,0.9950788986992511,0.43759404520659195,2.718969140891615,0.3,0.7672778364664469,1.054690069698743
SV205,visible,Matching,mll,237.20194955707655,501.2215565340095,0.995307648393154,0.1322282383338356,2.9510649187740516,0.3,0.785560866022555,0.9959825561229184
SV206,visible,Averaging,mll,470.3364596712842,967.4905767624249,0.9678908409069382,0.19586301606940132,0.7564021279825766,0.3,1.068894694422743,2.2158856958227093
SV206,visible,Selection,mll,469.54042197445835,965.8985013687732,0.9680202303598953,0.3810519569916127,0.8574044823926638,0.3,1.0882689385541593,2.257926987339088
SV206,visible,Matching,mll,469.28891352297535,965.3954844658072,0.9678379268947425,0.24033240562234245,1.1762744947235813,0.3,0.9445467001397859,1.6241869639247823
SV207,visible,Averaging,mll,203.34659780768374,433.5108530352239,0.9946527058010332,0.060892226595710724,2.9878140966012836,0.3,0.8747853363617448,0.9153091919867387
SV207,visible,Selection,mll,203.96798723886735,434.7536318975911,0.99467201716844,0.14944320331105632,2.9973223002577183,0.3,0.8769754927197867,0.9338180460799729
SV207,visible,Matching,mll,204.07861059396896,434.9748786077943,0.9945766604484695,0.0025109439934887395,2.8120601830283065,0.3,0.851016206279177,0.9392674487436701
SV208,visible,Averaging,mll,232.7330176194576,492.2836926587716,0.9963049714133362,0.8571206721516506,1.8835948871760835,0.3,0.8573502763854136,1.2153866380856837
SV208,visible,Selection,mll,235.27576121521545,497.3691798502873,0.9954755219962489,0.7238399102711787,1.6622117334797917,0.3,0.7121181663377103,1.1366789456973332
SV208,visible,Matching,mll,234.86644126433055,496.5505399485175,0.9956893820269437,0.9282783643341628,2.472019101001891,0.3,0.8661091797175052,1.07415595459688
SV209,visible,Averaging,mll,253.91155456749874,534.6407665548539,0.9942355708646275,0.8765543502157632,2.4314238052139103,0.3,1.12335705041059,1.6054712150893797
SV209,visible,Selection,mll,246.8066137343772,520.4308848886109,0.9941116758927964,0.727655487195462,1.769672633159044,0.3,1.1199377744473196,1.6900379614422845
SV209,visible,Matching,mll,250.35069660292893,527.5190506257143,0.9932769855201423,0.9425924933190303,1.982934468757086,0.3,1.3129386490027715,1.844261442535772
SV210,visible,Averaging,mll,144.81517654431656,316.4480105084895,0.9955307201296747,0.9479976983884668,2.798434846524608,0.3,0.8890732880841397,1.611005731111945
SV210,visible,Selection,mll,145.46789752331978,317.75345246649596,0.9952830514865918,0.8335781432662446,2.607470291644172,0.3,0.9785889703028278,1.6272536047654282
SV210,visible,Matching,mll,145.22102942297596,317.2597162658083,0.9953807659429349,0.9998229356055347,2.9780885184656976,0.3,1.0075641124159538,1.7539148451480484
SV211,visible,Averaging,mll,198.8441194612692,424.5058963423948,0.9970889180779535,0.46386679966493627,2.9668963302787112,0.3,0.7803879976640581,1.1033418514670905
SV211,visible,Selection,mll,211.62302478782277,450.06370699550195,0.9934427437651496,0.6881847581166486,0.41268426870802216,0.3,0.7312059676132723,1.8909574600103751
SV211,visible,Matching,mll,200.87623224326802,428.57012190639244,0.9962139192755685,0.42588898935102143,2.7765083911530857,0.3,0.6963698073223857,0.9461755883265317
SV212,visible,Averaging,mll,172.9021823446497,372.6220221091558,0.996990110253858,0.21369071754126648,2.9750714868639645,0.3,0.8144513588493721,0.9544545970463293
SV212,visible,Selection,mll,171.9956157708037,370.8088889614638,0.9968185024891222,0.39770566896831344,2.941229892195385,0.3,0.7289426686714349,0.9123893235200001
SV212,visible,Matching,mll,173.38042539863852,373.57850821713345,0.9957344499872532,0.10015111729697293,2.9708419599770024,0.3,0.666169713442199,0.87165767722671
SV213,visible,Averaging,mll,216.8798463572041,460.5773501342646,0.9954755810583651,0.9017886341888325,2.983884546837402,0.3,0.8649132582771991,1.026319428244755
SV213,visible,Selection,mll,218.36999961069995,463.5576566412563,0.9947288409353325,0.7830705096630638,2.992446665425828,0.3,0.7651501993083114,0.9229657885442011
SV213,visible,Matching,mll,218.50078743788214,463.8192322956207,0.9948545260322036,0.9783803217002939,2.9974688158301253,0.3,0.8021636888108529,0.9668168783973186
SV214,visible,Averaging,mll,126.67029938987595,280.15825619960833,0.9974337241749135,0.25202211176133504,2.534451487070006,0.3,0.6705658573100054,0.9975398259373963
SV214,visible,Selection,mll,126.79944067375246,280.4165387673613,0.9974914785128687,0.3956575693660312,2.70167709308681,0.3,0.6429588018950335,1.0256122630856086
SV214,visible,Matching,mll,126.69563841798586,280.2089342558281,0.9975374820968435,0.04770013367562638,2.245653899200177,0.3,0.6283214573936673,1.0558924807573606
SV215,visible,Averaging,mll,290.38536917151373,607.5041821260926,0.9930052744417239,0.8831241830419961,0.6817439620131409,0.3,1.89599636731882,2.547356702667739
SV215,visible,Selection,mll,287.1322149030504,600.9978735891659,0.9944357649912905,0.6812631165244322,1.2411003634223337,0.3,0.9210761868318423,1.1423693827963455
SV215,visible,Matching,mll,285.74883679853895,598.231117380143,0.9942831130951901,0.8170918794428625,2.515249105248328,0.3,0.9355389896196412,0.8247557874800546
SV216,visible,Averaging,mll,222.463954789902,471.7455669996604,0.9936484617474002,0.7811523355752734,0.60670255854621,0.3,0.6253524652024922,1.262517004398774
SV216,visible,Selection,mll,226.67610258254803,480.16986258495245,0.9922581290685925,0.7397510740837684,0.5163971468463968,0.3,0.7150758704589557,1.4162797634109725
SV216,visible,Matching,mll,213.57607488009307,453.96980718004255,0.996004221501116,0.5587930501607601,2.8583253666161976,0.3,0.749965002558899,0.9303897553340321
LV001,invisible,Averaging,mll,220.88821466201782,467.0953129461264,0.8471309725181202,3.831113956025758e-05,0.8522703760033059,0.3,0.5062552526460349,0.10550528865925672
LV001,invisible,Selection,mll,214.84039518355888,454.99967398920853,0.8622893579917653,0.18417496988038176,0.8562583360865417,0.3,0.5068915192525644,0.10160955463584403
LV001,invisible,Matching,mll,219.49760456185243,464.3140927457956,0.8483795296191056,0.0033732549364474482,0.8528377552561408,0.3,0.5081111610858227,0.1012466129664597
LV002,invisible,Averaging,mll,337.1033972845027,699.7610401911879,0.8040610837160437,0.9645288179917826,0.8641619405409058,0.3,1.458397919372917,0.10180446703197121
LV002,invisible,Selection,mll,311.9040770742917,649.3623997707659,0.8561165380411557,0.8485635600977812,1.0018033001786113,0.3,1.1586897914027896,0.1001810251395751
LV002,invisible,Matching,mll,283.045032904909,591.6443114320006,0.955545426735684,0.9624680326066125,2.5939711168537,0.3,1.1635620402300095,0.10006342847776532
LV003,invisible,Averaging,mll,86.15038325833763,194.18984921136115,0.8647370408876933,0.002943124387205878,0.8510868320557773,0.3,0.4948447500480994,0.10543815178790727
LV003,invisible,Selection,mll,70.10889842918651,162.10687955305892,0.8898347576883132,0.21057416222117456,0.8553401716847782,0.3,0.5028627551763565,0.1000533869326934
LV003,invisible,Matching,mll,76.19297549518302,174.27503368505194,0.8646721169231988,0.038785497940313704,0.8441504177624937,0.3,0.503166373585221,0.10106478495527765
LV005,invisible,Averaging,mll,172.39143765964724,367.8934846121851,0.7956696866173154,0.1657258252845318,0.8187931457581057,0.3,0.7598734239332678,0.1006501452948847
LV005,invisible,Selection,mll,144.41052935469438,311.93166800227937,0.9394491300397606,0.3505156023369828,0.8392482024991682,0.3,0.6686873758629303,0.10132647716218292
LV005,invisible,Matching,mll,149.3366598237482,321.783928940387,0.9255868152112467,0.17764938478232348,0.8612461992556141,0.3,0.6448826873925516,0.10029678870874376
LV008,invisible,Averaging,mll,247.3532537833194,520.5897055817692,0.8671499686119628,0.001480697874340158,0.8560944731651993,0.3,0.5367102605496495,0.1014868107877044
LV008,invisible,Selection,mll,245.57088958358668,517.0249771823038,0.8774428728929593,0.13263614491494186,0.8558192107758478,0.3,0.5339532859987413,0.10255265468280977
LV008,invisible,Matching,mll,248.33864546284198,522.5604889408144,0.8673399237887573,0.008471940643934396,0.8527337921791676,0.3,0.531990978990275,0.10114750426003999
LV009,invisible,Averaging,mll,142.40574614871895,307.9221015903285,0.9064618343907753,0.001982309340925377,0.8640111774288634,0.3,0.550918985421493,0.10070055310407232
LV009,invisible,Selection,mll,142.29663328807123,307.7038758690331,0.9033535361946382,0.08628985904497,0.8493367462802967,0.3,0.5604167790910979,0.10450865332033243
LV009,invisible,Matching,mll,141.92738569925496,306.9653806914005,0.9028595775689857,0.005402095458085746,0.858018370482347,0.3,0.5675646323423569,0.1016389750646498
LV011,invisible,Averaging,mll,322.03371412916476,668.7290996752552,0.6338837002501353,2.5162462754794577e-05,0.8463563076863863,0.3,2.9361059382812167,0.10406108586055605
LV011,invisible,Selection,mll,324.8365015507816,674.3346745184888,0.6338481147570151,0.2877926861386421,0.8236299937590063,0.3,1.703966108710588,0.10704202155319546
LV011,invisible,Matching,mll,321.48437980562164,667.6304310281689,0.6358869960790348,8.424936146358529e-05,0.8551514714548973,0.3,2.854963451150388,0.13944740234208758
LV012,invisible,Averaging,mll,316.50852240950985,659.8347022388762,0.850550540239845,0.007619864031524587,0.848410478648203,0.3,0.5012282669576045,0.10197376455145032
LV012,invisible,Selection,mll,272.49290330898816,571.8034640378328,0.8776968129445077,0.2659865580469331,0.8554641340042205,0.3,0.5495692598905354,0.10083840226216462
LV012,invisible,Matching,mll,308.6885955970055,644.1948486138674,0.8197929533477911,0.05606210969661662,0.8215241740614901,0.3,0.5240526094926782,0.14211698526812933
LV013,invisible,Averaging,mll,389.8879712841797,806.5935999882158,0.8556872412065782,0.007183462918242258,0.8484716197147995,0.3,0.5649903536325174,0.10615180382989726
LV013,invisible,Selection,mll,365.96997276906836,758.7576029579932,0.8804318405736996,0.20881350169805304,0.8562071427520219,0.3,0.5783182475806263,0.10076719234209562
LV013,invisible,Matching,mll,378.5427953588821,783.9032481376206,0.8650844789292433,0.029451019532280975,0.8484486966601031,0.3,0.5401505444916069,0.10566098785331546
LV015,invisible,Averaging,mll,6.7527625864488705,27.610967271362387,0.880837864909286,0.7189975839336742,0.8063994900200375,0.3,0.5939191798185164,0.11914418472077172
LV015,invisible,Selection,mll,8.63209512114033,31.369632340745305,0.7817460481024993,0.08068194672861186,0.9111349371698757,0.3,0.7064650210942546,0.47175998849449097
LV015,invisible,Matching,mll,8.649432951566554,31.404308001597755,0.7812413087284853,0.0003916911622733834,0.8848960608905383,0.3,0.7146155530645425,0.46438607832157275
LV016,invisible,Averaging,mll,358.6200722305098,743.5236763103779,0.8507103720985558,0.00019100965661450017,0.8573835952558604,0.3,0.5150477895129579,0.1005352083019052
LV016,invisible,Selection,mll,355.82212421741286,737.9277802841841,0.860981537810658,0.22056601693396202,0.8517749457556509,0.3,0.5150325156403942,0.10161347929661906
LV016,invisible,Matching,mll,358.85562810605217,743.9947880614627,0.8524741637909222,0.005596660005755045,0.8600799067869285,0.3,0.511788159505194,0.10023706091413208
LV019,invisible,Averaging,mll,10.011709607369232,31.35627259096333,0.5037187954390994,0.9186828413261425,0.8515906239875174,0.3,0.7654726510669194,0.1007952743173794
LV019,invisible,Selection,mll,8.778479604140012,28.889812584504888,0.5733374431741514,0.7589113505647513,1.0039832136015598,0.3,0.6962845612838534,0.10200485607747643
LV019,invisible,Matching,mll,8.877656013900305,29.088165404025474,0.5692915340841178,0.9095233388854959,1.0048913537724118,0.3,0.709382256650374,0.10092819974156031
LV021,invisible,Averaging,mll,53.39293618602862,126.43649191500145,0.8690070165408507,0.0004247046429788864,0.8551482412897148,0.3,0.5929061805885176,0.10103671148995376
LV021,invisible,Selection,mll,52.440641381102154,124.53190230514852,0.8852281338342368,0.14624172006624997,0.8554994647221762,0.3,0.5803972743770386,0.10028170508875486
LV021,invisible,Matching,mll,53.24056988274326,126.13175930843073,0.8735881969919855,0.009445702253759725,0.8543761480394713,0.3,0.5785396844964975,0.10053275597113112
LV022,invisible,Averaging,mll,224.2890428890632,472.78644245382407,0.8731093591954943,0.00011283117056940148,0.8592886524256224,0.3,0.5722012217696688,0.10006402521350098
LV022,invisible,Selection,mll,224.12282350036094,472.4540036764195,0.8746700990945889,0.1071337135027755,0.853800705416953,0.3,0.5800343947491908,0.10012479788510553
LV022,invisible,Matching,mll,225.4052967715291,475.01895021875583,0.8702056140927307,0.002550579195464208,0.8528991983951448,0.3,0.5664079500948032,0.10197301817113592
LV023,invisible,Averaging,mll,441.2683160416603,907.8555157054113,0.6179346572953615,0.01418399188615459,0.8431461051977948,0.3,0.9297012521547103,0.10020942973086176
LV023,invisible,Selection,mll,368.75511719667674,762.8291180154442,0.8726124130597352,0.30562940469533434,0.8509654297090342,0.3,0.599949871939377,0.1002936068820209
LV023,invisible,Matching,mll,389.3989115672951,804.116706756681,0.8364186278452459,0.09580298618640448,0.8423109454139508,0.3,0.5766028365077979,0.10230755154779418
LV024,invisible,Averaging,mll,179.817349043881,383.67976678537866,0.8775432259853799,0.001876821064125497,0.8560567683522776,0.3,0.526667003522308,0.10016231291303757
LV024,invisible,Selection,mll,167.89850872242496,359.8420861424666,0.8928672642442227,0.23667839494869272,0.8556994145571722,0.3,0.5227958166262494,0.10286441694264264
LV024,invisible,Matching,mll,173.99511870970002,372.0353061170167,0.8751720708352979,0.015289773751899818,0.8475257997220499,0.3,0.5266635727477588,0.10036892745579395
LV025,invisible,Averaging,mll,170.1809476748532,364.87809618994856,0.8620355202344873,6.068110397013338e-05,0.8502178893917594,0.3,0.5233356344567172,0.10069499071338225
LV025,invisible,Selection,mll,167.30900037104183,359.13420158232583,0.8767450034906241,0.22068351081158108,0.855444245861566,0.3,0.5216405188334258,0.1012281000598307
LV025,invisible,Matching,mll,170.03300516975108,364.5822111797443,0.8624469725137132,0.0013240244734501717,0.8526787160764012,0.3,0.5075416000878745,0.10152224708332455
SV103,invisible,Averaging,mll,4.765455143308548,20.86376366284196,0.7487486994655057,0.0004983587503979773,0.8235163646012851,0.3,0.7333458355489548,0.10316338221314753
SV103,invisible,Selection,mll,4.345786424318998,20.02442622486286,0.8130477114316271,0.4525469955942159,0.7184100899256028,0.3,0.6582875714879127,0.10081813413486973
SV103,invisible,Matching,mll,4.640043936120339,20.612941248465543,0.7936364029245662,0.27347011521041525,0.8019080438070406,0.3,0.6613627241029547,0.10437513553037114
SV111,invisible,Averaging,mll,8.38811895437093,28.109091284966723,0.5532444959682544,0.010288785396922654,0.8415196667829667,0.3,0.45124022455001095,0.1000417735064787
SV111,invisible,Selection,mll,7.144743579387734,25.622340535000333,0.5790672613859458,0.16052523267737376,0.8635981392268917,0.3,0.4558182806284419,0.10138750396953046
SV111,invisible,Matching,mll,7.620075137039671,26.57300365030421,0.5577109611169103,0.027990275927867615,0.8460975697557632,0.3,0.452912484157804,0.1004399521072814
SV113,invisible,Averaging,mll,13.175580569974953,40.45660323841455,0.851143942267255,0.009325673777055527,0.8570519250303152,0.3,0.58328312696168,0.10341558221460263
SV113,invisible,Selection,mll,12.227518646265878,38.560479390996406,0.8707740645623376,0.19108725978150673,0.856795524729933,0.3,0.5974524262219543,0.10074934976122825
SV113,invisible,Matching,mll,12.388020502916255,38.88148310429716,0.8622702711703157,0.07663852759179059,0.847584179066691,0.3,0.5920174375821954,0.10098287507615168
SV119,invisible,Averaging,mll,5.510685324155057,22.35422402453498,0.8637400379723816,0.4550452177046198,0.7319275333798333,0.3,0.72117476722774,0.10107742844319002
SV119,invisible,Selection,mll,5.01623126475967,21.365315905744204,0.9099165126593749,0.561317906920651,0.702970400451267,0.3,0.5869138880770067,0.10004621290398744
SV119,invisible,Matching,mll,5.189718273508948,21.71228992324276,0.9001715395606216,0.6376239506999877,0.7602846240207137,0.3,0.6289447671520986,0.10099220959722892
SV215,invisible,Averaging,mll,5.877257039094689,23.08736745441424,0.7978683172387916,0.09346509152151924,0.852365783987152,0.3,0.5071496854511773,0.1009636825384165
SV215,invisible,Selection,mll,3.8575738158800057,19.048001007984876,0.8900946648332625,0.24796469380689004,0.844641495777997,0.3,0.5286386689776859,0.10023273281032001
SV215,invisible,Matching,mll,4.458665949567388,20.25018527535964,0.8586280620714272,0.053929840460036,0.8392330461975449,0.3,0.5027351053856115,0.10033685143961764
LV001,5,Averaging,mll,98.87433065932132,220.17186958382663,0.9907247338137611,0.38112901738038735,2.665950141107835,0.3,1.142806339494183,0.8396554940833791
LV001,5,Selection,mll,101.54245363780225,225.5081155407885,0.9881848838366382,0.45834699499131093,0.5714130464935305,0.3,0.8118254765864596,0.8615415819742912
LV001,5,Matching,mll,99.5803889702162,221.5839862056164,0.9903590942866823,0.27547282242923604,2.5990150493409754,0.3,0.8978016879584894,0.7641905423660582
LV002,5,Averaging,mll,168.0782802071169,358.5797686794178,0.8253798599865719,0.892531689905587,0.8242075219780364,0.3,1.7946509615495925,0.10484812485774261
LV002,5,Selection,mll,152.77246179574752,327.968131856679,0.8992123073637679,0.7277171432897778,1.023485827510928,0.3,1.2109698110398346,0.1000594433773513
LV002,5,Matching,mll,157.2614638944641,336.9461360541122,0.8750119761828955,0.8787138507949543,0.8968068219382201,0.3,1.2712771250076178,0.10084847823231052
LV003,5,Averaging,mll,120.44090860157678,263.30502546833753,0.9414277358377481,0.624153529201204,0.771975147931524,0.3,2.2573105036598244,0.11006847493540116
LV003,5,Selection,mll,107.4592780905425,237.341764446269,0.9819269419950228,0.5584978985377751,1.7213271073174274,0.3,0.9799727515542647,0.541275618931312
LV003,5,Matching,mll,109.70900630728255,241.8412208797491,0.9758703611563568,0.7547966991264322,1.0136344347272213,0.3,1.160102539804833,0.1667235340366181
LV005,5,Averaging,mll,119.4147113736974,261.2526310125788,0.8984683078631849,0.3804868358673167,0.7624985915935957,0.3,1.1334708160683524,0.10116050020385771
LV005,5,Selection,mll,101.56306963795339,225.54934754109078,0.9956774609589769,0.4454092473521122,0.888869279006283,0.3,0.8469722310429917,0.10617233685497156
LV005,5,Matching,mll,104.53406618818856,231.49134064156112,0.9827714857184099,0.4642937387821051,0.8761710840052005,0.3,0.8459976450198007,0.10099701559205349
LV007,5,Averaging,mll,88.71119280064448,199.84559386647297,0.9950151589216725,0.6997403029293391,0.5743335855342612,0.3,0.7800492527508889,1.6435474733035431
LV007,5,Selection,mll,88.95832331732719,200.33985489983837,0.9945557740882752,0.6396915888776691,0.6077529029865139,0.3,0.752214307886923,1.649179130390977
LV007,5,Matching,mll,87.39007236445732,197.20335299409865,0.9960206834038118,0.4992211659462751,2.991521403277415,0.3,0.9491842454788783,1.1350124038725597
LV008,5,Averaging,mll,107.9569082669107,238.3370247990054,0.9899287435503642,0.08935317663367524,0.8163727181737255,0.3,0.8795235808001981,0.1008454788411695
LV008,5,Selection,mll,108.40981697135719,239.24284220789838,0.990824638169928,0.11473712292834999,0.9997499810904735,0.3,0.9629817921397256,0.251680032812652
LV008,5,Matching,mll,108.18670375005546,238.79661576529492,0.9900893266402713,0.024809512159426856,0.8163894885171414,0.3,0.8766123849919054,0.1489780367985765
LV009,5,Averaging,mll,89.86117701313765,202.1455622914593,0.991632116195274,0.05602560895378968,0.8144702431979922,0.3,0.8199528096020293,0.37803170444031886
LV009,5,Selection,mll,88.31144207032014,199.04609240582428,0.992733467799318,0.004361211881990347,1.9904064516873325,0.3,0.9608585689893208,0.6191266148758409
LV009,5,Matching,mll,90.11390502214448,202.65101830947296,0.9898089631826457,0.0010270556850156595,0.8831271179697004,0.3,0.8895090793361043,0.43891610979539825
LV011,5,Averaging,mll,181.82036586323147,386.0639399916469,0.7984885831128338,0.0012095229059380002,0.8707922045422511,0.3,2.9909277722231398,1.5660466065137433
LV011,5,Selection,mll,164.21655535764557,350.8563189804751,0.9160503937951608,0.35879418817146225,2.121838735357115,0.3,2.999785676197747,1.4258399944552476
LV011,5,Matching,mll,172.5592047990955,367.541617863375,0.8614910082191025,0.05466782239686402,1.178571103736718,0.3,2.9948088475679917,1.4944188107711973
LV012,5,Averaging,mll,118.49789851147338,259.41900528813073,0.803838277017751,0.047611577179930295,0.8377751367308308,0.3,0.518602136254013,0.10357468389893791
LV012,5,Selection,mll,88.61211031182447,199.64742888883293,0.8774201331645183,0.26083828166708833,0.8523969136691896,0.3,0.5399112583529908,0.10016950733182871
LV012,5,Matching,mll,98.34769318077409,219.11859462673218,0.8438879684390349,0.05138783692321035,0.8442111772177118,0.3,0.5297124407303091,0.10027104593299585
LV013,5,Averaging,mll,137.16505010043105,296.75330846604606,0.837573955921522,0.021802977836459136,0.8562511331805209,0.3,0.5981961418464541,0.10058642466315293
LV013,5,Selection,mll,123.7831330036709,269.9894742725258,0.882928427598221,0.25956785170448315,0.8548294595118581,0.3,0.5834796266636652,0.10200610533798962
LV013,5,Matching,mll,130.32045697093952,283.064122207063,0.8626998759177182,0.02806825598766992,0.8426297957633103,0.3,0.5618443554544609,0.10237194073835534
LV015,5,Averaging,mll,65.8380345443195,154.099277353823,0.9913331905264083,0.02010055096944878,2.9482202389033167,0.3,0.7147808869359202,0.946915752453146
LV015,5,Selection,mll,65.8978856855503,154.21897963628462,0.991381289067338,0.22299898232931692,2.9492870072436945,0.3,0.7205915653967094,0.9692246420830938
LV015,5,Matching,mll,65.85518861258714,154.13358549035829,0.9911653930240489,0.00036806605955005,2.9884243728912447,0.3,0.6982313651476243,0.9438828416000871
LV016,5,Averaging,mll,176.87663212297787,376.1764725111397,0.9026617761379098,5.9667833302558666e-05,0.8503286646095691,0.3,0.6117566134271565,0.10017709467337624
LV016,5,Selection,mll,176.43313060616407,375.2894694775121,0.9064288878595033,0.014486605550778887,0.8606383522799588,0.3,0.6080362018340361,0.10010998520094061
LV016,5,Matching,mll,176.67165466551637,375.7665175962167,0.9049398279451915,3.596037312895498e-05,0.8557729476467248,0.3,0.6016225373982171,0.10085481476148628
LV017,5,Averaging,mll,40.59823673327766,103.6196817317393,0.9969667197000281,0.02078873540235802,2.9958067881587462,0.3,0.7598741093087857,0.9475632544747832
LV017,5,Selection,mll,40.61125866577814,103.64572559674026,0.9970118538453322,0.21653261633651777,2.955158572639338,0.3,0.760526088652162,0.966956760803448
LV017,5,Matching,mll,40.643121524898135,103.70945131498026,0.9970848861253766,0.0003657097787310796,2.963597835741401,0.3,0.7682949008116758,0.9973390273234315
LV018,5,Averaging,mll,60.549848934965425,143.52290613511485,0.9927401469944,0.9496807646076894,0.7615509632897375,0.3,0.6148671983915455,1.2297347469225683
LV018,5,Selection,mll,61.24970528890066,144.92261884298532,0.9931224813733454,0.6722712398937828,1.4384660291899147,0.3,0.6288303218963612,1.0690082724222196
LV018,5,Matching,mll,60.925247426821215,144.27370311882643,0.9932096065002969,0.8496781412564695,1.974477062683623,0.3,0.6655530881932467,0.9586289481325014
LV019,5,Averaging,mll,48.902752985393555,120.2287142359711,0.9962477196625381,0.9556126740899693,2.4647542030873337,0.3,1.160981298336574,1.4570100968003137
LV019,5,Selection,mll,49.05420689651298,120.53162205820995,0.9960321848646737,0.9112836356573472,2.875773593250298,0.3,1.0292909602285223,1.1477803803117477
LV019,5,Matching,mll,49.10316119396727,120.62953065311852,0.9959763439281926,0.9975850906604087,2.95780190784111,0.3,1.0476598728607294,1.181429491634758
LV020,5,Averaging,mll,118.22880764402564,258.88082355323525,0.978524372402813,0.7686291850818648,2.947267194207084,0.3,1.155725323742825,2.039464547131994
LV020,5,Selection,mll,119.12004394447564,260.66329615413525,0.978045730705945,0.5945558128066785,2.9762030102868584,0.3,1.6177326237916718,2.896494205668494
LV020,5,Matching,mll,119.43476983072833,261.29274792664063,0.9778598793068487,0.8693824163727791,2.943704179354964,0.3,1.3849735476169838,2.570082632609227
LV021,5,Averaging,mll,28.7037027012545,79.83061366769299,0.9983382283496869,0.017240710110499526,2.8623905484938716,0.3,0.7565464359784737,1.0082305769296338
LV021,5,Selection,mll,28.63176241934731,79.68673310387861,0.9982643995706795,0.22534687785893082,2.9490269157878917,0.3,0.742848679814497,0.9906664478491444
LV021,5,Matching,mll,28.650347073334846,79.72390241185369,0.9982124131098543,0.0003544713761470645,2.877936109302627,0.3,0.7372362180804933,0.9790027400912557
LV022,5,Averaging,mll,130.83189734259662,284.0870029503772,0.9860236433181407,0.000438874734752044,0.8595979527380772,0.3,0.8866777332662444,0.12437193058516474
LV022,5,Selection,mll,130.830364516602,284.083937298388,0.9860596086339289,0.04562839135962509,0.8636920180745205,0.3,0.8903061088493074,0.11966666864813291
LV022,5,Matching,mll,130.79643204326263,284.0160723517092,0.9857654156568537,0.00032367261890999476,0.8647418707635801,0.3,0.8671534771676471,0.15629110836326052
LV023,5,Averaging,mll,223.56904354679102,469.561295358766,0.6836003190270568,0.014271752066776897,0.8261568690169425,0.3,1.5411394063121115,0.10024826155251439
LV023,5,Selection,mll,190.17724665224245,402.77770156966886,0.9143301253906697,0.3669029967160537,0.9167198660467684,0.3,0.7477589868229616,0.10065847149715312
LV023,5,Matching,mll,199.86422268724533,422.15165363967463,0.8666921056731478,0.25410190283895234,0.872393950074007,0.3,0.6514865344438803,0.10031217813839687
LV024,5,Averaging,mll,240.84937806084685,504.12196438687766,0.7384649433494712,0.003542835076396797,0.8267672912943089,0.3,2.3193802511485098,0.10361267812903968
LV024,5,Selection,mll,228.57156435434354,479.56633697387105,0.8450344552889439,0.3771732801000509,0.9296230857876516,0.3,1.1106805105388529,0.10079852884042245
LV024,5,Matching,mll,223.0529763882574,468.5291610416988,0.8691843809247074,0.20757746105444075,2.275787989985768,0.3,2.9983748435289614,0.10052050927582289
LV025,5,Averaging,mll,120.13605925550354,262.69532677619105,0.9648928025434483,0.000149053444962488,0.8532096416091502,0.3,0.9433914233016585,0.10034979038576781
LV025,5,Selection,mll,120.1207099027783,262.6646280707406,0.9658117077556119,0.13184480778837943,0.8525662333598445,0.3,0.9342911259947053,0.10167835182395972
LV025,5,Matching,mll,120.1389117435047,262.7010317521934,0.9637138633860196,0.00220669834524423,0.8561295346364566,0.3,0.9621029639737743,0.10145551751318853
SV103,5,Averaging,mll,80.80418415999375,184.0315765851715,0.9937570414277132,0.8487620126007295,0.7873183021691139,0.3,0.6731338259526597,1.2548011307953086
SV103,5,Selection,mll,79.5667037589843,181.5566157831526,0.9944632708573975,0.5491094445767941,2.1270009252454805,0.3,0.6780341055713595,0.9947581368843939
SV103,5,Matching,mll,79.42524723354666,181.27370273227731,0.9949536168588624,0.6830388645776144,2.5034712583964236,0.3,0.7503440834989922,1.0486423816768837
SV110,5,Averaging,mll,54.61175921485187,131.64672669488775,0.9948806543624463,0.6849167678086191,1.3350582329822862,0.3,0.5303580327172837,1.4252520542856555
SV110,5,Selection,mll,55.799563859941756,134.0223359850675,0.9934891707492639,0.5672908348341822,2.3154031652540206,0.3,0.4280373161642519,1.3364770284067211
SV110,5,Matching,mll,55.329191765744255,133.0815917966725,0.9945722196119441,0.844093471087225,2.971005035329852,0.3,0.5977140779696772,1.3390386843380115
SV111,5,Averaging,mll,111.79751767724173,246.01824361966746,0.9787565670223345,0.7759688966273217,2.621841896043618,0.3,1.2413870043779383,1.7868818524133883
SV111,5,Selection,mll,111.12347881981387,244.67016590481174,0.9788905961287386,0.6038570171370232,2.9599379844948985,0.3,1.3911367111265633,1.8897469064790584
SV111,5,Matching,mll,111.79117357157239,246.00555540832877,0.9786352020651929,0.902259316327963,2.9194055466598665,0.3,1.4485621196890721,1.8664954628235306
SV113,5,Averaging,mll,75.70162680056467,173.82646186631334,0.9910192278412073,0.9981403229382297,2.9257351612870495,0.3,0.941389857163221,1.3906795231387945
SV113,5,Selection,mll,75.4475473311813,173.3183029275466,0.9911240315078966,0.7396924954935935,2.5101988089521106,0.3,1.1610412319714953,1.7490110177185283
SV113,5,Matching,mll,75.75285967633931,173.92892761786263,0.9909957049499127,0.9797989109044891,2.6677723001141023,0.3,0.9858388837913868,1.4816550184951196
SV119,5,Averaging,mll,78.15883268667105,178.7408736385261,0.9927251292401842,0.7821943318955448,0.3593278359520394,0.3,0.7768622386609201,1.438682858081078
SV119,5,Selection,mll,78.35772895873163,179.13866618264726,0.9916803087622411,0.6398755297126072,0.3585606112723886,0.3,0.6567461688398243,1.2116025955136756
SV119,5,Matching,mll,74.76889865312057,171.96100557142515,0.9954830864059747,0.30394937483654894,2.5641497283096877,0.3,0.6786814105924751,0.9238617872098853
SV201,5,Averaging,mll,96.98282397773765,216.3888562206593,0.979890014828594,0.8835586457515283,0.5339096007195324,0.3,0.38645880980750413,1.481821346478639
SV201,5,Selection,mll,95.96374314078605,214.3506945467561,0.9806935105500348,0.5244809346833749,2.4820826316081206,0.3,0.29056615807736214,1.366983503643561
SV201,5,Matching,mll,95.91246636413075,214.2481409934455,0.9813063704369934,0.7284052532727512,2.3118739083358744,0.3,0.42225245597002864,1.2715090750695834
SV202,5,Averaging,mll,70.64193057600771,163.70706941719942,0.9888727810143245,0.026722095323488855,2.92606823534959,0.3,0.7565354057648952,0.9311939783211005
SV202,5,Selection,mll,70.65779507914138,163.73879842346676,0.9890225322555799,0.21389595896160193,2.983676893972919,0.3,0.7780557363773065,0.9679843810544032
SV202,5,Matching,mll,70.57624311054212,163.57569448626825,0.98895043059156,0.0003056672529591722,2.966565516263131,0.3,0.7659759016052403,0.9327587102788542
SV203,5,Averaging,mll,56.32247458666128,135.06815743850655,0.9939512504807729,0.9291577423699192,2.8888755806182504,0.3,1.0329610083240577,1.583049500043194
SV203,5,Selection,mll,56.50799016275391,135.43918859069183,0.9938525146584944,0.8625442200610272,2.6280679665824436,0.3,1.1035025111043346,1.8524736587994235
SV203,5,Matching,mll,56.439449718679214,135.30210770254243,0.993881158806115,0.9999590955718307,2.9957594370269134,0.3,1.1821015504616457,1.904824009247316
SV204,5,Averaging,mll,86.11392395759378,194.65105618037157,0.9865972094342004,0.9719832304719306,2.739186712563203,0.3,0.8001916936073069,1.2059850759724033
SV204,5,Selection,mll,86.11749012352162,194.65818851222724,0.9868454542705426,0.886199989794011,2.7979569395030888,0.3,0.8208346247596253,1.2463506472397445
SV204,5,Matching,mll,86.09518489880347,194.61357806279094,0.9866172383952436,0.9997338987985002,2.99775064175605,0.3,0.7677917150146804,1.1705125672974268
SV205,5,Averaging,mll,72.73302488969142,167.88925804456684,0.9948544940582006,0.24955935487339576,2.9913535242515388,0.3,0.800342987641082,1.0307600611763468
SV205,5,Selection,mll,72.9748558323827,168.3729199299494,0.994529733522728,0.42109602306704486,2.9797895977928612,0.3,0.7447629665159861,1.0130912997708106
SV205,5,Matching,mll,73.05754528767417,168.53829884053235,0.9945456841237081,0.09226063308539226,2.9859009006675072,0.3,0.7444526285344651,1.0301973276526435
SV206,5,Averaging,mll,157.46477136303633,337.35275099125664,0.973601564112026,0.1954153901569656,0.6165625848375229,0.3,1.031277921487284,2.630398151301057
SV206,5,Selection,mll,156.8378356469354,336.09887955905475,0.9740228195976729,0.390467739386654,0.7619904743639138,0.3,0.9089806521417892,2.1702310797725013
SV206,5,Matching,mll,156.01900495794615,334.4612181810763,0.9736163654780239,0.23231392357654268,1.914286911402526,0.3,0.9247902069014111,1.5169672555769682
SV207,5,Averaging,mll,59.50057896025691,141.4243661856978,0.993270871675934,0.009574914961441087,2.948924032737642,0.3,0.8811122331356968,0.9168719386462355
SV207,5,Selection,mll,59.3845972967126,141.1924028586092,0.9931950887226296,0.09317854981337821,2.9734460177022797,0.3,0.8636713568906328,0.9015234358105769
SV207,5,Matching,mll,59.571541948654385,141.56629216249277,0.9929852138396073,0.00032762170694205063,2.667057290579126,0.3,0.8141772599170845,0.910597520988932
SV208,5,Averaging,mll,78.98572440984898,180.39465708488197,0.9908520260711307,0.8442440150874583,2.1572116906230727,0.3,0.8507635742192104,1.230216000840421
SV208,5,Selection,mll,79.69980635027999,181.82282096574397,0.9901417485973953,0.7685298992546389,1.18782280172789,0.3,0.5989792224633751,1.3884721494054078
SV208,5,Matching,mll,79.9801396886875,182.383487642559,0.9899767305428113,0.9427244446058015,2.2238385236800484,0.3,0.7974314018041709,1.1185469151839895
SV209,5,Averaging,mll,67.5487195866584,157.5206474385008,0.9936196023132736,0.9475821378206203,0.753155220683948,0.3,0.8753617139394511,1.9337892819309561
SV209,5,Selection,mll,66.27434727105663,154.97190280729725,0.9947819827612494,0.787930251510082,1.4612880565992596,0.3,0.8006195373709831,1.3188033995093698
SV209,5,Matching,mll,66.61343928121101,155.65008682760603,0.9942131937692772,0.968235102757524,0.8441273923746351,0.3,0.9199200964978885,1.8998408362322567
SV210,5,Averaging,mll,60.54777219885561,143.51875266289522,0.992300761197415,0.9678997786237254,2.8374765032586304,0.3,0.8124740976158153,1.2074274123359474
SV210,5,Selection,mll,60.51846628178226,143.4601408287485,0.9921486843253287,0.9147707157053444,2.951817623090214,0.3,0.7880093802358982,1.0891080001577904
SV210,5,Matching,mll,60.51325535882775,143.4497189828395,0.9923629983562056,0.9995858092158151,2.9888242865394687,0.3,0.7683955094119659,1.1690437587132332
SV211,5,Averaging,mll,53.20065688155926,128.8245220283025,0.9971235689531006,0.7368068138214235,0.4390955664202848,0.3,0.5424663202946948,1.541614504524698
SV211,5,Selection,mll,53.55984688565103,129.54290203648605,0.9963125282146656,0.6348087604604205,0.389336011247818,0.3,0.661812112869918,2.0360469251729274
SV211,5,Matching,mll,53.18654662652016,128.7963015182243,0.9982828651862091,0.38933045318710935,2.831441041905635,0.3,0.773679358898603,1.0332455549004027
SV212,5,Averaging,mll,46.14297583171519,114.70915992861437,0.9952859495542843,0.17264996082521994,2.6010982303246366,0.3,0.7952076907030091,0.9102519133715636
SV212,5,Selection,mll,45.82090568137041,114.06501962792481,0.9954716513770397,0.37645152511607555,2.793773071099337,0.3,0.785827610035917,0.9025780914795769
SV212,5,Matching,mll,45.78810782085435,113.99942390689269,0.9953434588221608,0.04528093421405257,2.769812735081374,0.3,0.7507609329665603,0.8810555911437252
SV213,5,Averaging,mll,90.31502639876354,203.05326106271107,0.9871776941904429,0.8952539296288007,2.97644002677277,0.3,0.8975684170948794,1.0408025039520596
SV213,5,Selection,mll,90.36318427096487,203.14957680711373,0.9861726942252697,0.738971221957507,2.967563734039578,0.3,0.7849217830954823,0.8859418618330619
SV213,5,Matching,mll,90.56582860861653,203.55486548241706,0.9862503598748292,0.9655120477157956,2.9873925512852937,0.3,0.8313271417474924,0.9279082163513465
SV214,5,Averaging,mll,25.873316995212047,74.16984225560809,0.997120129309526,0.2647045406941108,2.9289670061415523,0.3,0.7334843220904637,0.9374987874222619
SV214,5,Selection,mll,26.06262092935475,74.54845012389349,0.9973767830404958,0.39424658997441686,2.8538348536315703,0.3,0.7351094416957783,0.9852793954518794
SV214,5,Matching,mll,26.165464062742473,74.75413639066893,0.9972682081891011,0.04686011242102358,2.453030024689417,0.3,0.6993365158729937,0.9962451711029348
SV215,5,Averaging,mll,125.58755229466726,273.5983128545185,0.9788337924381688,0.8050967967382358,0.837900366604244,0.3,2.503605763335949,2.0831995576507802
SV215,5,Selection,mll,125.7767392804374,273.97668682605877,0.9799748081480542,0.5774766695992589,1.857111458649651,0.3,1.098345184056989,1.1011828360866303
SV215,5,Matching,mll,125.2913026519166,273.00581356901716,0.980934751878764,0.8304146961066127,1.5257207597366857,0.3,1.2074876923338147,1.169466009479331
SV216,5,Averaging,mll,94.90579534942182,212.23479896402765,0.9870097524209075,0.7490177018726438,0.644120035903279,0.3,0.6011871561200197,1.2221290168781425
SV216,5,Selection,mll,96.59986580994752,215.62293988507903,0.9853798257913445,0.736050276971144,0.49361322111047995,0.3,0.7348799287349852,1.4225666414687033
SV216,5,Matching,mll,90.18924419515332,202.80169665549064,0.9897188499978108,0.5355424321396247,2.9875746300208594,0.3,0.7008928028784897,0.9164527556262589
LV001,10,Averaging,mll,106.5112013207422,235.4456109066684,0.8365783766079433,2.827674881621115e-05,0.850478973746512,0.3,0.490148651753648,0.1002822715378465
LV001,10,Selection,mll,104.96303496683807,232.34927819886013,0.8492687205766918,0.16237701803528798,0.8587946824806625,0.3,0.48738099802715634,0.1000551028634591
LV001,10,Matching,mll,106.43194427312442,235.28709681143283,0.8381717051081818,6.016340971268197e-05,0.8517744959863816,0.3,0.4941434694904871,0.10015044231438235
LV002,10,Averaging,mll,209.2010603852283,440.82532903564055,0.8363296384601101,0.9549816782251247,0.8448252702600992,0.3,1.4721309350126492,0.10130473452910346
LV002,10,Selection,mll,197.79543283943738,418.01407394405874,0.8831633902992155,0.7911397931796658,1.0293377475317684,0.3,1.1481304869949855,0.1053005640908947
LV002,10,Matching,mll,199.16359767897964,420.75040362314326,0.8808550618892633,0.9316561974775786,1.0012549661556591,0.3,1.1092433266265191,0.10062139457220377
LV003,10,Averaging,mll,133.76693395875952,289.957076182703,0.9234653187219458,0.6783833950906013,0.7804352857406326,0.3,1.639740776509814,0.1198933635224891
LV003,10,Selection,mll,120.98918890571738,264.40158607661874,0.973566620331216,0.6141267406705401,0.8953528408723517,0.3,1.2656329740949177,0.1235393671630769
LV003,10,Matching,mll,122.0952730634923,266.6137543921686,0.9703205179483607,0.7380734576450395,0.9390726314085603,0.3,1.2236056912307474,0.10697430205257029
LV005,10,Averaging,mll,154.13021159306754,330.68363145131906,0.8849284664341556,0.1274866392501812,0.8030302194848776,0.3,2.2919085873831624,0.10102045744925074
LV005,10,Selection,mll,138.43897285196374,299.30115396911145,0.9706503021122665,0.3848112467324272,0.8922140574089336,0.3,0.9596651406252431,0.10447972376308841
LV005,10,Matching,mll,142.6667108092027,307.75662988358937,0.943124118459521,0.44624680561590774,0.8711405618264532,0.3,0.9261739539790309,0.10129759479425235
LV007,10,Averaging,mll,89.7893439159484,202.0018960970808,0.9942170470625431,0.8987191241759337,0.524749271113433,0.3,0.5983151180918173,1.5502983434363544
LV007,10,Selection,mll,90.21708287414395,202.8573740134719,0.9933992073413269,0.8302999797047491,0.4507937942456432,0.3,0.6736321786934019,1.8953536480360618
LV007,10,Matching,mll,90.44109597520168,203.30540021558735,0.9946013156006086,0.6964023010330239,1.7710725212122809,0.3,0.6486002714863058,1.0738021232653203
LV008,10,Averaging,mll,110.55633223150042,243.53587272818484,0.8880048792155268,3.226418555724239e-05,0.8637174605716136,0.3,0.5506708890274077,0.1000286897912383
LV008,10,Selection,mll,111.1169299720757,244.6570682093354,0.8880852789386966,0.13495329494843294,0.8444237286692674,0.3,0.5430839366275655,0.10549055721185432
LV008,10,Matching,mll,111.7464993882185,245.916207041621,0.8804278073081769,0.0036436499899417723,0.8521939078307321,0.3,0.547628096541442,0.10790229868275895
LV009,10,Averaging,mll,117.38690522773217,257.1970187206483,0.9924133936225883,0.009991769172509542,0.8145534424611395,0.3,0.7215650262912553,0.34984619343891554
LV009,10,Selection,mll,117.42827877412248,257.2797658134289,0.992643252635695,0.06458745192923322,0.792603809553319,0.3,0.7547109267761424,0.30515667342253516
LV009,10,Matching,mll,118.2698912166675,258.962990698519,0.9935998585183131,8.913649884990726e-05,0.861086193477617,0.3,0.8774883120141282,0.31479467031008784
LV011,10,Averaging,mll,142.6003785121428,307.6239652894696,0.8130309188605974,0.0004407354986946732,0.8527259531243406,0.3,2.593252730027717,2.9988203544953307
LV011,10,Selection,mll,128.35803805921782,279.1392843836196,0.9081611713771087,0.38344660845142814,2.384342204978554,0.3,2.9775740477189236,1.8113643542358702
LV011,10,Matching,mll,135.8166194652303,294.0564471956446,0.857482913551052,0.00035327903007340965,1.0665203725068138,0.3,2.9978180569466817,2.80115980125079
LV012,10,Averaging,mll,97.90319760583625,218.2296034768565,0.8613918462709714,0.0028810039787607322,0.8681194059936586,0.3,0.5466688142817373,0.10228410805043837
LV012,10,Selection,mll,91.55973363804219,205.54267554126838,0.8618711388200758,0.28020461125990725,0.8457456801081823,0.3,0.5818876455350468,0.10052598608956635
LV012,10,Matching,mll,96.08291642639887,214.58904111798174,0.8475250262559735,0.02600259470194453,0.8508101088652191,0.3,0.5634640453744789,0.106269785482184
LV013,10,Averaging,mll,122.87160094648277,268.1664101581495,0.8723775365129297,0.0003076071990732524,0.8534624065515927,0.3,0.5433857742326152,0.10105432361651259
LV013,10,Selection,mll,121.66060925232068,265.74442676982534,0.8804823291820904,0.13210474025345764,0.855357220290813,0.3,0.5460158265814781,0.10552005316113072
LV013,10,Matching,mll,122.50900544301476,267.4412191512135,0.8698530597640983,0.008430026553643256,0.8506167426678155,0.3,0.5545282090419272,0.10420296850682177
LV015,10,Averaging,mll,102.03439514093753,226.49199854705907,0.9809233274950497,0.08909489226315814,2.9771258632737143,0.3,0.8199982883357715,0.9385032875824676
LV015,10,Selection,mll,102.34146525933161,227.10613878384723,0.9807067835401551,0.20868518272108003,2.886918349926175,0.3,0.8045805860474355,0.9399242209367665
LV015,10,Matching,mll,102.31242580856713,227.04805988231826,0.9809611481637042,0.0005848243738850498,2.9750910189979614,0.3,0.8450893801528566,0.9655398476070223
LV016,10,Averaging,mll,87.07284823813072,196.56890474144544,0.8887402037582102,7.138878970734429e-05,0.8490758058249542,0.3,0.5344554847227152,0.1012783448283139
LV016,10,Selection,mll,86.94703179587776,196.31727185693953,0.8917181977289906,0.06148507003008043,0.8538960947741931,0.3,0.5324572249213275,0.10197511078156479
LV016,10,Matching,mll,86.70510581517412,195.83341989553224,0.8912320620541402,0.0011709076752592245,0.8559754202678478,0.3,0.5378728852049343,0.10111790034661619
LV017,10,Averaging,mll,58.64282916835036,139.70886660188472,0.9930198050868352,0.05098790170681133,2.853473335116662,0.3,0.6160712048353794,1.1862909949932179
LV017,10,Selection,mll,58.04133989560325,138.5058880563905,0.9926820196479877,0.14837636680611271,2.994464053611944,0.3,0.47769726505549887,1.3080033560655098
LV017,10,Matching,mll,58.531963086355965,139.48713443789592,0.9931910480187179,0.0003677931059702303,2.9956063893439344,0.3,0.6849382560390869,1.0958065821507075
LV018,10,Averaging,mll,63.845563653927364,150.11433557303872,0.9957997760500397,0.7627981983935295,2.9060188279432797,0.3,0.7792354924882747,1.1314160111843292
LV018,10,Selection,mll,65.04173499919239,152.50667826356877,0.9944526326287797,0.6040787299257423,2.628407006479467,0.3,0.6750633739207877,1.0263744797346062
LV018,10,Matching,mll,64.7860018880382,151.9952120412604,0.9946925400159107,0.8645087220931732,2.853731020148271,0.3,0.6981910454110022,1.0203335229277075
LV019,10,Averaging,mll,58.61762471170451,139.65845768859302,0.9932531509363361,0.9968485561214595,2.115178814631879,0.3,0.8446460429072339,1.127343974173039
LV019,10,Selection,mll,58.370831787501515,139.16487184018703,0.9930520933468582,0.82134183072508,2.189220684459336,0.3,0.8948312125681699,1.142208710773971
LV019,10,Matching,mll,58.980339902331565,140.38388806984713,0.9920995016806062,0.9878495795087219,2.4893734459479866,0.3,0.8069903760823552,0.9503187275817112
LV020,10,Averaging,mll,193.65011037555587,409.7234290162957,0.9094262188900619,0.9925837543169388,2.3312151716595615,0.3,1.1069050137307561,1.34555933514154
LV020,10,Selection,mll,193.19666074832548,408.81652976183494,0.9102834641092292,0.9010289690015574,2.9851544245987114,0.3,1.2881533173089184,1.3793089070954783
LV020,10,Matching,mll,189.96543421939265,402.35407670396927,0.9173533774298741,0.8554698586983409,2.8525673700045737,0.3,2.0998772020434795,2.98089293264471
LV021,10,Averaging,mll,86.70474166329632,195.83269159177664,0.9891510992579158,0.16517405495062393,2.2473952971579862,0.3,0.7592179396116594,0.8079938657173541
LV021,10,Selection,mll,86.92447323000695,196.2721547251979,0.9890793882274489,0.3375050738644056,2.6963931779407013,0.3,0.824353921849381,0.8633349080746329
LV021,10,Matching,mll,86.81172891408673,196.04666609335746,0.9891004491689422,0.021280213360464796,2.9619151578598073,0.3,0.8125990598770123,0.8313673687264973
LV022,10,Averaging,mll,122.41393096253998,267.25107019026393,0.9808638525994069,7.791322157484475e-05,0.8602637416778243,0.3,0.8816044524088223,0.10737414772062334
LV022,10,Selection,mll,122.34443535152161,267.1120789682272,0.981249518905101,0.05971326880866476,0.8643263112658278,0.3,0.8844719347190062,0.10353870855482522
LV022,10,Matching,mll,122.38295077638494,267.18910981795386,0.9810910558695478,0.0002836963679873143,0.8597058687158229,0.3,0.8831148262300751,0.10225424938793688
LV023,10,Averaging,mll,257.47864227397156,537.3804928131271,0.610485688560351,0.0004985142145273218,0.8457927649170494,0.3,1.8811683135967836,0.10529986012987831
LV023,10,Selection,mll,236.2757740077756,494.97475628073516,0.8291839772853217,0.3769841000837218,0.8924238293656563,0.3,0.8228436463035561,0.10004127915758694
LV023,10,Matching,mll,247.12802340902232,516.6792550832287,0.7640273128722062,0.2785584636352,0.8643323206723361,0.3,0.7871994392136605,0.10041844907280957
LV024,10,Averaging,mll,258.7506061331909,539.9244205315658,0.860379859101554,0.002899674489370157,2.9980726370039794,0.3,2.9596176246357304,0.10160483419962317
LV024,10,Selection,mll,269.06570822532944,560.5546247158429,0.7845215505183882,0.36727349669136033,0.9160861304201876,0.3,1.131919574777297,0.10056181427559642
LV024,10,Matching,mll,259.993392741372,542.4099937479281,0.844215325283143,0.04621329705044113,2.1316370216311604,0.3,2.9741494324594586,0.11325513301619065
LV025,10,Averaging,mll,118.15134433936251,258.725896943909,0.9569149462045223,0.00016478035462157148,0.8544390517302677,0.3,0.7415583173557647,0.10121642327114026
LV025,10,Selection,mll,118.05150921937062,258.5262267039252,0.9590396780766207,0.07210697116104266,0.8546197045896113,0.3,0.7333889712459349,0.10203810700709873
LV025,10,Matching,mll,118.17944008007899,258.78208842534195,0.9575628988284876,0.0032524240006886044,0.8503503337003813,0.3,0.7354677263932627,0.10015567687153813
SV103,10,Averaging,mll,155.3015274731561,333.0262632114962,0.9557067248778445,0.7496583116783931,1.4241568063936834,0.3,0.6976707373501414,1.0739218868522256
SV103,10,Selection,mll,158.0275349706643,338.4782782065126,0.9524646601483447,0.6726165445240467,0.9175652632292188,0.3,0.6053729518135839,1.074066399647176
SV103,10,Matching,mll,154.44354377047011,331.3102958061242,0.9568400853649923,0.6944827936521664,2.960933657275709,0.3,0.8477633242633036,0.9853442343216622
SV110,10,Averaging,mll,87.6225403610896,197.6682889873632,0.9831048285141848,0.7390012577745079,2.9978113441527285,0.3,0.9392059100514701,1.034743832174504
SV110,10,Selection,mll,89.13030346644629,200.6838151980766,0.9814761484910798,0.5552819588894484,2.977138635069411,0.3,0.813669058302178,0.9970074632854623
SV110,10,Matching,mll,88.99039368587813,200.40399563694027,0.9817991082612549,0.7696516409649972,2.995324956762395,0.3,0.8589060520129638,1.0456555758947037
SV111,10,Averaging,mll,108.32650098755768,239.07621024029936,0.9812961541646495,0.8271623891650279,2.1918636104838485,0.3,0.8644161337511855,2.133543262555822
SV111,10,Selection,mll,108.50427549924395,239.4317592636719,0.9809613431504537,0.5833104214306789,2.3634544023631414,0.3,0.6549445841784656,1.9990322064937698
SV111,10,Matching,mll,108.34405006875974,239.1113084027035,0.9811725804270485,0.8838673160570858,2.082507595990373,0.3,0.5917280260907033,1.8627298334779083
SV113,10,Averaging,mll,69.99701666312603,162.41724159143607,0.9912684385745442,0.9536514387740288,2.8551307556524073,0.3,1.4030795443243138,1.8000050380021286
SV113,10,Selection,mll,68.63294987071569,159.68910800661538,0.9909661716887008,0.843189628770976,1.711751280694962,0.3,1.2593623838075774,1.9124140450607205
SV113,10,Matching,mll,69.65060294980617,161.72441416479634,0.990241093530531,0.978199922963287,2.7215464521101977,0.3,1.608520279921067,2.0277472352365575
SV119,10,Averaging,mll,66.4852310051266,155.3936702754372,0.9942331221670485,0.35864571388222405,2.7906002232979423,0.3,0.7887384154494218,1.0129528621293855
SV119,10,Selection,mll,66.38029847049228,155.18380520616856,0.9938226811875113,0.442569024565399,2.993205894299983,0.3,0.7254525588453605,0.9222015152851843
SV119,10,Matching,mll,66.61587237390499,155.65495301299399,0.9937850180745234,0.22204307662310765,2.9115095120097,0.3,0.7204934368505005,0.9283934226315557
SV201,10,Averaging,mll,70.47858286980643,163.38037400479686,0.9940854425834768,0.6976599737771924,2.966093668761987,0.3,0.7936943310434486,1.0258713551113838
SV201,10,Selection,mll,71.70416433007017,165.83153692532434,0.9924653603144524,0.5495307040241101,2.727588197201637,0.3,0.6753636130680836,0.9090160426028059
SV201,10,Matching,mll,71.44320576187548,165.30961978893495,0.9930767233856373,0.7273919982529593,2.9467436348780356,0.3,0.7197104326114812,0.9340603924552958
SV202,10,Averaging,mll,82.00843691125759,186.44008208769918,0.9747192016286663,0.003919155300654134,2.9822915350838675,0.3,0.8284171527051748,1.0078949259949177
SV202,10,Selection,mll,81.93087181152049,186.28495188822498,0.9748557496753364,0.2834270460573845,2.993464025195098,0.3,0.8393271599154251,0.9963928384588988
SV202,10,Matching,mll,81.91074089104427,186.24469004727254,0.9748645391587651,0.00027986440545089346,2.994846660302579,0.3,0.8390308235805503,0.9959986826923134
SV203,10,Averaging,mll,68.4110798259915,159.245367917167,0.9856259737201936,0.9579937265456345,2.9741820063343996,0.3,1.1827366129635064,1.6601811953091408
SV203,10,Selection,mll,68.52677447573407,159.47675721665215,0.9855762216359422,0.7691714928862677,2.949828449083978,0.3,1.328576923970407,1.9800531898160147
SV203,10,Matching,mll,68.28610014328717,158.99540855175835,0.9860379639804686,0.9992580177223677,2.9685183458652253,0.3,1.6670371906370913,2.7514350755550128
SV204,10,Averaging,mll,112.01696341496495,246.4571350951139,0.9617449381806287,0.998672284298372,2.8274035772558803,0.3,1.476021261557391,2.8417937510916005
SV204,10,Selection,mll,112.51092429898549,247.44505686315497,0.961124229224867,0.8680974788716161,2.20772266041522,0.3,1.2901912238151778,2.440436520113015
SV204,10,Matching,mll,111.97858412296023,246.38037651110446,0.9615807530332704,0.9986970711857432,2.9573815582979464,0.3,1.7165148573674194,2.9758252466053183
SV205,10,Averaging,mll,84.83567394999632,192.09455616517664,0.9871266920559645,0.25746108965867615,2.948183540974999,0.3,0.9408410168199779,0.9808374017534922
SV205,10,Selection,mll,89.36346155775284,201.1501313806897,0.9828208181891346,0.23009134259040193,1.558797767858518,0.3,0.7992730571990522,1.0170575746969936
SV205,10,Matching,mll,84.94502440532003,192.31325707582405,0.986427275703106,0.17365892709860992,2.958916530194144,0.3,0.8563583278917704,0.9753156006560864
SV206,10,Averaging,mll,148.14225464562273,318.70771755642943,0.9575040724825403,0.13217184951974342,0.750356357227036,0.3,1.0400741132066575,2.514985320902464
SV206,10,Selection,mll,146.49082184300713,315.4048519511982,0.9588053009138983,0.3858933030792624,0.9898415595997581,0.3,0.8865696233003533,1.8315318188628646
SV206,10,Matching,mll,146.4498560503935,315.32292036597096,0.9597692920828188,0.14590988223685336,1.016516506576151,0.3,0.8669386919880238,1.7641359448483525
SV207,10,Averaging,mll,48.49159947316491,119.40640721151381,0.9963256455878627,0.09325480383665483,2.9064152131270213,0.3,0.7915196593488867,0.9938732859919345
SV207,10,Selection,mll,48.75147151991197,119.92615130500793,0.9962864417813974,0.27388129138458495,2.8094847498948323,0.3,0.8003050146418624,1.032717481318075
SV207,10,Matching,mll,48.59893878940133,119.62108584398665,0.996263630612402,0.02058707998683123,2.987844086315054,0.3,0.7734746679973282,0.9668003190338258
SV208,10,Averaging,mll,95.04504552876904,212.51329932272208,0.99001292401407,0.9689267309820817,2.217159329940055,0.3,0.7918030260459898,0.9634646466798292
SV208,10,Selection,mll,95.17046992370264,212.76414811258928,0.9897531334979963,0.9096249064707375,2.439954842293125,0.3,0.8126188904067151,0.9638802952576471
SV208,10,Matching,mll,95.09520794993408,212.61362416505216,0.9901576644445076,0.9642080824049285,2.7310698479313524,0.3,0.8700845284330708,0.9914081808630251
SV209,10,Averaging,mll,121.74732057139852,265.917849407981,0.9756399430846387,0.8659991736394186,2.957429973652291,0.3,1.2790333191257537,1.65113753844139
SV209,10,Selection,mll,120.74541759464321,263.9140434544704,0.975235623664583,0.6787245925002,2.988255148756408,0.3,1.1334683608232579,1.3769567970654928
SV209,10,Matching,mll,121.49951320122663,265.42223466763727,0.9750537043429417,0.9575410014601777,2.9004099593947066,0.3,1.511225343330082,1.903638795009304
SV210,10,Averaging,mll,48.41637695373066,119.25596217264531,0.989760613016293,0.9991501941689703,2.9950212942370076,0.3,0.740019141769653,2.300351247528826
SV210,10,Selection,mll,48.30003777329616,119.02328381177631,0.9899328982486673,0.8774127092639885,1.4461598407582548,0.3,0.5946757749600884,1.9763426168791998
SV210,10,Matching,mll,48.40308034756176,119.22936896030751,0.9899592800865301,0.9998044222702703,2.964959082218317,0.3,0.7492117772194636,2.236209543686635
SV211,10,Averaging,mll,77.99887905327978,178.42096637174356,0.9902105234980523,0.5480138540851734,2.9427258102254523,0.3,0.7420703977506017,0.9777468054821566
SV211,10,Selection,mll,84.85485000017664,192.13290826553728,0.9844779135855682,0.6399212591922789,0.4862785531422672,0.3,0.5755682535672325,1.1436009626087085
SV211,10,Matching,mll,78.62132883985103,179.66586594488606,0.9897664269386004,0.41488191194972157,2.9947686591699796,0.3,0.7042171493327086,0.927793223864479
SV212,10,Averaging,mll,51.902191981272665,126.22759222772932,0.9951817930030451,0.25475796559304553,2.995662598608491,0.3,0.7870889849973745,0.9873706078554428
SV212,10,Selection,mll,52.07214935143894,126.56750696806186,0.9947445164513203,0.4122157057340596,2.9850450417014116,0.3,0.7051065597804026,0.9526349695964479
SV212,10,Matching,mll,52.194552444968295,126.81231315512058,0.9943895635130586,0.08445831699256229,2.945974299016244,0.3,0.6678016339221925,0.9116470543934794
SV213,10,Averaging,mll,84.86887349191868,192.16095524902136,0.9899402632062809,0.831126064096829,2.9274392553294697,0.3,0.8519629846366318,1.2080354173280579
SV213,10,Selection,mll,85.77960663665502,193.98242153849404,0.9892308952730557,0.6541791708282048,2.868838193491087,0.3,0.7874442283917902,1.2031750734361062
SV213,10,Matching,mll,85.66365392628032,193.75051611774464,0.9892769067651636,0.9655371188289085,2.9707125720612426,0.3,0.7828943072940695,1.1156802223910744
SV214,10,Averaging,mll,38.76024402558592,99.94369631635583,0.9977445788995049,0.16745551270127654,2.9904715240330555,0.3,0.6907789017878873,1.0955249686993258
SV214,10,Selection,mll,51.98231885594073,126.38784597706545,0.957856492723225,0.88903067280865,0.1433588962499694,0.3,0.4937744109684221,1.1918386098649785
SV214,10,Matching,mll,38.29564371433581,99.01449569385561,0.9975762093567453,0.028979405349065953,2.8184048837111,0.3,0.2949491926523604,1.4270099188795031
SV215,10,Averaging,mll,76.21863722195693,174.86048270909785,0.9921846802880324,0.9493229791214448,0.6795880980717222,0.3,1.0353041394019156,1.2078860032700687
SV215,10,Selection,mll,74.95307676200804,172.32936178920008,0.9938149958009339,0.8062793651778304,0.8106268192558653,0.3,0.7858098455864075,1.1023017128877999
SV215,10,Matching,mll,74.70164890951168,171.82650608420735,0.9937758765159613,0.9068256637493884,1.0277488840843767,0.3,0.7453875831768713,0.9595591201521442
SV216,10,Averaging,mll,73.04487829920156,168.51296486358711,0.9939600205974489,0.8521212474477178,0.6279277136009217,0.3,0.6180894819392856,1.225793803824427
SV216,10,Selection,mll,74.78092673422535,171.9850617336347,0.9924948748788195,0.7719669055870347,0.5262610388075554,0.3,0.6270949616806074,1.4174856707053585
SV216,10,Matching,mll,71.01867399872924,164.46055626264248,0.9958166812329015,0.6019059227018656,2.6135702877651794,0.3,0.7128526011183638,0.9324585969118716
LV001,15,Averaging,mll,99.52833991917049,221.47988810352498,0.8537891923490787,0.00011332567085347733,0.8732424862171048,0.3,0.5310742852361151,0.10021143468478326
LV001,15,Selection,mll,101.26746714582853,224.95814255684107,0.8543414225744048,0.20410191011424833,0.846135801519646,0.3,0.5108046978326501,0.10780158464577759
LV001,15,Matching,mll,101.87443818909459,226.17208464337318,0.8471293691359807,0.0012089300115343063,0.8528913471057907,0.3,0.5069492051953972,0.10159616299780953
LV002,15,Averaging,mll,167.03880707099196,356.5008224071679,0.8678774250156833,0.9553212222248627,0.8703288423426699,0.3,2.363736203954995,0.10724608722029502
LV002,15,Selection,mll,156.40442087506491,335.2320500153138,0.922438787455081,0.8081069551061615,1.0590155001097952,0.3,1.1685801614996236,0.1003294890057869
LV002,15,Matching,mll,159.5608120565882,341.54483237836035,0.9060793311486814,0.9485410902115148,0.9316510742934251,0.3,1.20121446049839,0.10164610125415195
LV003,15,Averaging,mll,120.03879885316964,262.5008059715233,0.9487174256507052,0.6196351194161113,1.5303476733472563,0.3,2.5858332900587055,0.14525177149550025
LV003,15,Selection,mll,109.01527856115035,240.4537653874847,0.973796266786972,0.49572076120967395,0.891317103652104,0.3,1.0141697413612454,0.1003139713759792
LV003,15,Matching,mll,112.6003465886073,247.6239014423986,0.9617245609077872,0.6445211345706353,0.7839471192301465,0.3,0.8957951322071295,0.10192907585972526
LV005,15,Averaging,mll,128.20838697913985,278.83998222346366,0.9393966036818837,0.3543671886770363,0.7573278174192276,0.3,1.6828922731178955,0.10093278113775074
LV005,15,Selection,mll,118.4499164119843,259.3230410891526,0.993197959585232,0.43529221271169405,0.8958971652322796,0.3,1.1248750193289863,0.14909361520624995
LV005,15,Matching,mll,118.83353242044232,260.09027310606865,0.9882902132135264,0.4768631915854188,1.5857570287270122,0.3,1.1704522732600118,0.37608366645056424
LV007,15,Averaging,mll,95.69739078814044,213.81798984146488,0.9944858299441116,0.6753873818780667,0.7051851833083351,0.3,0.9017839556717473,1.9617123174712578
LV007,15,Selection,mll,95.26802813180532,212.95926452879465,0.9950470920032813,0.5381560601552677,0.6352174184122578,0.3,0.9708336767302692,2.560946929270128
LV007,15,Matching,mll,95.17455269808227,212.77231366134853,0.99442519157702,0.6474022873529858,0.5631312089082156,0.3,1.0423170695540385,2.854227494012287
LV008,15,Averaging,mll,119.29823748747827,261.0196832401405,0.8559064221540754,3.751019117466735e-05,0.8624952475813678,0.3,0.5507871433482406,0.10005959221178512
LV008,15,Selection,mll,119.85078895552479,262.12478617623356,0.8557498261182155,0.1180583372782639,0.8478028757693133,0.3,0.5545555921976693,0.10156082317947267
LV008,15,Matching,mll,120.60478111632241,263.6327704978288,0.8530345603712909,0.0014407618934822103,0.8496130657936,0.3,0.5337086013645863,0.10354409564765917
LV009,15,Averaging,mll,124.01969201783965,270.46259230086326,0.9714132466296799,0.004453043747862108,0.8683749684144821,0.3,1.0559934959211752,0.102234269906979
LV009,15,Selection,mll,124.05174272150103,270.52669370818603,0.9712394954723941,0.11696733836547915,0.8686786635657905,0.3,1.0412512509443708,0.11904493242862586
LV009,15,Matching,mll,124.14800432094069,270.71921690706534,0.9708778146777512,0.003261699150093802,0.8513695173383129,0.3,1.0384187236698004,0.10084723931130934
LV011,15,Averaging,mll,153.85977156940632,330.1427514039966,0.9201666945111221,0.026688041897229012,1.6641826692210269,0.3,2.9972637094328265,1.1657122523549452
LV011,15,Selection,mll,155.35695804924092,333.1371243636658,0.9105867557348949,0.2893377717182862,1.2230847266501552,0.3,2.8148173053529804,0.5432344325665331
LV011,15,Matching,mll,163.17963367566335,348.7824756165107,0.8531313087409388,0.08062788839287786,0.8661242113248456,0.3,2.9958298100555742,0.12165681480304856
LV012,15,Averaging,mll,91.10537719042779,204.63396264603958,0.8588478255808316,7.067928413786447e-05,0.8445149913180029,0.3,0.49050225357494254,0.100058915055535
LV012,15,Selection,mll,87.55248156524452,197.52817139567304,0.8725777048990505,0.18360267907691843,0.8569659176456256,0.3,0.48449738650135704,0.10036848398444648
LV012,15,Matching,mll,90.23216101183971,202.88753028886342,0.8594665440663996,0.004587896758263621,0.8528271559134524,0.3,0.48688936220297047,0.10228652049776961
LV013,15,Averaging,mll,125.26513270971193,272.95347368460784,0.8562132243713003,0.00026735992071231834,0.8486960915351538,0.3,0.5511113255031438,0.10028633825816098
LV013,15,Selection,mll,120.60483614387549,263.632880552935,0.8660482083266862,0.23106806446929654,0.8558555734593627,0.3,0.5783581953465609,0.10089279187696341
LV013,15,Matching,mll,125.1380926960181,272.6993936572202,0.8503784356754225,0.030455413136703403,0.8427221539790574,0.3,0.5388543947500818,0.10644454323455897
LV015,15,Averaging,mll,88.56288743303597,199.54898313125594,0.9892169067314913,0.13720758950973608,2.996477637456573,0.3,0.8477654702593385,0.8799444443902938
LV015,15,Selection,mll,89.48655810153276,201.39632446824953,0.9885501347582317,0.19210049191551176,2.9855804337243383,0.3,0.8656630675422946,0.9481171952228576
LV015,15,Matching,mll,89.31522812592432,201.05366451703264,0.9886145474724439,0.0014727498453277563,2.9374244324664716,0.3,0.8358037664374883,0.9604111365523776
LV016,15,Averaging,mll,166.11870962400053,354.66062751318503,0.8171439449820501,5.928549080548562e-05,0.8499681654620885,0.3,0.5340662951932511,0.10726360709197526
LV016,15,Selection,mll,114.67975761678767,251.78272349875934,0.9718537469272848,0.18832329878377937,2.99787495932516,0.3,0.7845573952492424,0.10025539603812554
LV016,15,Matching,mll,165.98658445736498,354.39637717991394,0.8210731102072473,0.0023722762198777154,0.8521052758875209,0.3,0.5301520460896199,0.1048857889680313
LV017,15,Averaging,mll,29.45214443771711,81.3274971406182,0.9977458558283034,0.011170151373552933,2.9898417735610345,0.3,0.7149246592928477,0.9948910268210762
LV017,15,Selection,mll,29.52141045648352,81.46602917815103,0.9977238275221331,0.2401014357493652,2.925757081705303,0.3,0.708101903590894,1.0064550112410462
LV017,15,Matching,mll,29.456898037922365,81.33700434102872,0.9976684616463332,0.0003671972885422996,2.974434729340012,0.3,0.7066722592326983,0.9857769018135846
LV018,15,Averaging,mll,48.466302005151405,119.3558122754868,0.9959254803385943,0.7514284769188823,1.9906218904563606,0.3,0.4744812698363973,1.28344495420686
LV018,15,Selection,mll,48.80775358430364,120.03871543379127,0.9955630112684952,0.5486230328882744,2.7586843553054465,0.3,0.36296363083229977,1.3507402925325886
LV018,15,Matching,mll,48.61407867031927,119.65136560582253,0.9959764762989478,0.8503345659781085,2.933043403103283,0.3,0.3568001052019071,1.3758599656507982
LV019,15,Averaging,mll,74.90114490889697,172.22549808297794,0.9869150849435537,0.9853220396076658,1.104966738895527,0.3,1.162526138461935,0.9046856146314675
LV019,15,Selection,mll,73.3276447269215,169.078497719027,0.9874002773474531,0.8132841431011641,2.2897107402553303,0.3,0.8595780670295496,0.673739156279481
LV019,15,Matching,mll,73.48544664663561,169.39410155845522,0.9881068217016507,0.977784894193966,2.9329706228505814,0.3,0.9774923868714667,0.7159560119080054
LV020,15,Averaging,mll,97.75156881590813,217.92634589700026,0.9864776372035865,0.8632828308797152,1.7819788319569472,0.3,1.608180088063336,2.920827203262375
LV020,15,Selection,mll,98.06627481464147,218.55575789446695,0.9859531766003509,0.6159571218661226,1.8741922856796167,0.3,1.6866504699102076,2.979817522205359
LV020,15,Matching,mll,98.70686416183817,219.83693658886034,0.9848565878296648,0.8653656338236617,1.401619967497681,0.3,1.4524117770412512,2.967555085620874
LV021,15,Averaging,mll,106.303860633502,235.030929532188,0.9804915842509684,0.0010585837195513565,0.8596117042211046,0.3,0.8829212262768859,0.10470238563730605
LV021,15,Selection,mll,106.3987157411955,235.220639747575,0.9800812161657704,0.026165587141495198,0.8466572131449829,0.3,0.8888689813059176,0.10597660246623139
LV021,15,Matching,mll,106.31128897250133,235.04578621018666,0.980316361921025,7.615842340366908e-05,0.8553674442349845,0.3,0.8807677891212913,0.10780940742721692
LV022,15,Averaging,mll,164.39497691355308,351.21316209229013,0.9252933832004135,9.231918659820844e-05,0.8532203883182055,0.3,0.6461657764558044,0.10013182443334043
LV022,15,Selection,mll,164.29764085553578,351.0184899762555,0.926013714191781,0.009417504464988628,0.8574702659170247,0.3,0.6500211793096952,0.10009881721213516
LV022,15,Matching,mll,164.41494598873695,351.25310024265787,0.9251700465183055,0.00018213198246250315,0.8543725970825725,0.3,0.6456828395791548,0.1021891572424042
LV023,15,Averaging,mll,193.99742819779058,410.41806466076514,0.7522856287253172,0.0416692295132457,0.8247353624357349,0.3,1.3094575652887508,0.10143070466352777
LV023,15,Selection,mll,165.83926272427732,354.1017337137386,0.9380626682100778,0.38790991596969704,0.8884628915022673,0.3,0.7439903178971898,0.10003867819182265
LV023,15,Matching,mll,171.61084010741936,365.6448884800227,0.9117646731743173,0.3464630311043077,0.8891226072163784,0.3,0.7014992457576965,0.1004882334983801
LV024,15,Averaging,mll,258.9608154684764,540.3448392021369,0.772602468890974,7.0136548633169e-05,0.9641357136295391,0.3,2.185561513767987,0.10740346929848076
LV024,15,Selection,mll,252.90857438922984,528.2403570436437,0.8372798507569299,0.37433080999961127,0.8917571058643762,0.3,1.1222815387011136,0.1016465626768201
LV024,15,Matching,mll,258.95279354272685,540.3287953506377,0.7683474913978311,0.20488773873172028,0.8652358750892866,0.3,1.8171499776398803,0.10103028861256455
LV025,15,Averaging,mll,121.57928640751774,265.58178108021946,0.9461461985368598,0.0009173225025756771,0.8566375814418623,0.3,0.6184845096241732,0.10065197075309967
LV025,15,Selection,mll,121.05200585220298,264.52721996958996,0.9485159955211463,0.06251481256276373,0.8603241986840752,0.3,0.6108311069877603,0.10124890553117444
LV025,15,Matching,mll,121.21973992517263,264.86268811552924,0.9467063383591761,0.0031321556063174188,0.8534188573934514,0.3,0.6130914051095958,0.10034389017335141
SV103,15,Averaging,mll,123.27957197604397,268.9823522172719,0.9789753793411361,0.5543628944170806,0.8703706901351641,0.3,0.8197818334090502,1.0801590683758344
SV103,15,Selection,mll,122.35376853453238,267.13074533424873,0.9792776216510226,0.5096944013650743,0.47046645751233085,0.3,1.7409183643043107,2.6764089669747904
SV103,15,Matching,mll,121.6942644560006,265.8117371771852,0.9815828692815972,0.41800873226007257,2.4127539258123485,0.3,0.8667276598177486,0.8893954759700226
SV110,15,Averaging,mll,55.674343257532335,133.77189478024866,0.9953951574019376,0.9387810498463217,0.6217452941211558,0.3,0.795660068093131,1.3719198537059987
SV110,15,Selection,mll,55.103842415512915,132.63089309620983,0.9962537057806626,0.7639594524432035,0.7864707342330757,0.3,0.6833454237434562,1.26816201498123
SV110,15,Matching,mll,53.83950043650604,130.1022091381961,0.9970746628364329,0.7811546516599681,2.1014857889115577,0.3,0.7552138147116936,0.9792876175235464
SV111,15,Averaging,mll,150.8425606456786,324.10832955654115,0.9614987569060631,0.84157071818711,0.9055016774847577,0.3,2.316175207829411,2.464280488601804
SV111,15,Selection,mll,145.9492382237154,314.3216847126148,0.9724282993961753,0.5869927331961405,2.966493016354025,0.3,1.4078286736343653,1.190525056513087
SV111,15,Matching,mll,147.9733116644378,318.3698315940596,0.9681878602767786,0.861793646417222,1.7552083905786875,0.3,1.4083359886350768,1.284748369070446
SV113,15,Averaging,mll,91.60071596699247,205.62464019916894,0.9851076963045325,0.9487574797876391,0.6870908561987418,0.3,2.6047922517839406,1.5046843200089175
SV113,15,Selection,mll,85.2358011271963,192.8948105195766,0.9947799026457497,0.6912090839922297,1.796339650517968,0.3,0.8692269398375301,0.7981692015973673
SV113,15,Matching,mll,87.60493558735408,197.63307943989216,0.9910969813930952,0.9264627723004112,1.0299709100180319,0.3,1.107996393901199,0.9150182426529907
SV119,15,Averaging,mll,92.78009339504689,207.98339505527778,0.9920257943237069,0.5933557237695014,0.34782312562448026,0.3,2.3913655217917107,1.1734869055292603
SV119,15,Selection,mll,93.95870436974175,210.3406170046675,0.990343027993947,0.5765463101616467,0.35041573937242115,0.3,1.3206911647586075,0.962419235834449
SV119,15,Matching,mll,93.22955409190583,208.88231644899565,0.99213428458147,0.25071077220225657,2.555610254361811,0.3,0.7403732660718503,0.7854805349248369
SV201,15,Averaging,mll,121.89927306336962,266.22175439192324,0.9662974126295607,0.6312736145526224,2.9927794869086672,0.3,1.02483093855285,1.187893153315124
SV201,15,Selection,mll,124.62860891897888,271.68042610314177,0.9631496187740016,0.543769401662245,2.9941075990354817,0.3,0.8387199746316744,1.050021545287841
SV201,15,Matching,mll,124.12605387125602,270.67531600769604,0.9637317293098782,0.7156918140567821,2.986066863692828,0.3,0.9182909730430345,1.0648145064161825
SV202,15,Averaging,mll,88.98046219218752,200.38413264955904,0.988021312956627,0.013087500394890492,2.934037427597305,0.3,0.8361405192905516,0.8982369833651559
SV202,15,Selection,mll,88.98799601565631,200.39920029649662,0.9880582539248075,0.14398157299558972,2.9909651434309947,0.3,0.8493049255952295,0.9105252469723526
SV202,15,Matching,mll,89.06414752642266,200.55150331802932,0.9879159647760278,0.001437088371311853,2.8461119021229573,0.3,0.8106065093923427,0.8938177008652526
SV203,15,Averaging,mll,48.96636845310641,120.35594517139681,0.9944812346477218,0.9601747704097152,2.6066043784403568,0.3,1.0068122037920149,1.6748314940201563
SV203,15,Selection,mll,48.97576313919204,120.37473454356807,0.9944622366066994,0.8446555016424739,2.923186759589301,0.3,1.1475033187197676,1.8592765650836092
SV203,15,Matching,mll,49.28555852354339,120.99432531227077,0.9941071772420556,0.9987156450347009,2.9664673062947204,0.3,1.0212583992824762,1.5377874091349395
SV204,15,Averaging,mll,81.2348236284773,184.8928555221386,0.9885233249817792,0.9569882739366592,2.306967161768908,0.3,1.0677851186167917,1.6353583279246804
SV204,15,Selection,mll,80.9798791654107,184.3829665960054,0.9883280027417385,0.8440377822904832,1.8793146632326188,0.3,0.967210635231907,1.5359591615128827
SV204,15,Matching,mll,81.69254689593117,185.80830205704635,0.9880698848579794,0.9980807000597497,2.8605795381377117,0.3,1.186068078354509,1.6017574349487922
SV205,15,Averaging,mll,76.17861455566468,174.78043737651336,0.993493845190909,0.18707145036388645,2.9031312727169047,0.3,0.39078410295566224,1.3627662586049347
SV205,15,Selection,mll,77.9565702966775,178.336348858539,0.9917452402707794,0.5189929790702146,0.26004133383769934,0.3,0.5222706019755714,1.9932663488161675
SV205,15,Matching,mll,76.61779905257055,175.6588063703251,0.9932955660489358,0.1507405556985936,2.9394100286149207,0.3,0.5207505107296704,1.2315604671148719
SV206,15,Averaging,mll,161.92908707136118,346.28138240790634,0.9609717067365553,0.28049214406543727,0.6713123098663756,0.3,1.411676833235761,2.5774747254608767
SV206,15,Selection,mll,164.88075113700572,352.1847105391954,0.9395806575253558,0.23635460356094093,0.9268311436949987,0.3,1.0111608857770116,1.615752822652207
SV206,15,Matching,mll,162.3401904350771,347.10358913533815,0.9605864797932964,0.3845217724291702,1.1530230965681676,0.3,0.9673760968294245,1.3821726552007387
SV207,15,Averaging,mll,93.31546867244086,209.05414561006572,0.9814889957449164,0.040876246549602924,2.906714271564873,0.3,0.8911916746332086,0.8734274975368995
SV207,15,Selection,mll,93.99541889559478,210.41404605637356,0.9811485895780482,0.10758275841963205,2.5150459994941388,0.3,0.8608203869668929,0.9077382075324858
SV207,15,Matching,mll,93.52673706138238,209.47668238794876,0.9814156934879744,0.006745662062668551,2.874456774514747,0.3,0.8914715269755984,0.8981933097709031
SV208,15,Averaging,mll,57.822235748910884,138.06767976300577,0.9963017791910526,0.8017490515759744,1.76306542911787,0.3,0.8406109529430216,1.2055580153013756
SV208,15,Selection,mll,59.1105139374185,140.644236140021,0.9947920376225724,0.6441132925463495,1.976146575175507,0.3,0.752909422670935,1.056027041714984
SV208,15,Matching,mll,58.79241673302336,140.00804173123072,0.9952512570430369,0.8627958943937379,2.315385551672113,0.3,0.8382531317170242,1.0742665863418184
SV209,15,Averaging,mll,62.60988277370279,147.6429738125896,0.9961278115210237,0.9161739152422798,1.4916220400163904,0.3,1.3362794780557015,2.1361734358977222
SV209,15,Selection,mll,58.88155231134824,140.18631288788046,0.9971466718373921,0.7056011953091711,1.9113419871660835,0.3,1.1719115540330072,1.6485706858717066
SV209,15,Matching,mll,60.70044767327218,143.82410361172836,0.9950252880592925,0.897384740823615,2.2053724317300127,0.3,1.3703767929382697,1.8595545951454295
SV210,15,Averaging,mll,32.72304941425155,87.86930709368708,0.9960686180853018,0.9538216960206788,2.9203729751001677,0.3,0.8515993767666854,1.233284577278307
SV210,15,Selection,mll,32.61758697643677,87.65838221805753,0.9960081346922305,0.7874813754385172,2.69584742479066,0.3,0.886279046079008,1.1873403681907855
SV210,15,Matching,mll,32.75452648876176,87.93226124270751,0.9961357707800408,0.9997327715495498,2.995046444759026,0.3,0.8563511063001035,1.2017061593746605
SV211,15,Averaging,mll,68.55451740397064,159.53224307312527,0.9917122851168808,0.7626048179465272,0.5422931429698156,0.3,0.5398692149211687,1.2906301636067619
SV211,15,Selection,mll,69.94668298642077,162.31657423802554,0.9906577453506893,0.7358951347145368,0.41800992816138005,0.3,0.6862227403533728,1.8343753807055192
SV211,15,Matching,mll,68.36632208441848,159.15585243402097,0.9934385655686846,0.5228681144734973,1.651277104638608,0.3,0.6084240109090707,1.022847991146062
SV212,15,Averaging,mll,73.08981780137847,168.60284386794095,0.9916194238431074,0.20348030492426386,2.7658614287876326,0.3,0.7364223410553844,0.9876108982479728
SV212,15,Selection,mll,72.90061235957576,168.22443298433552,0.9915133969999287,0.3945528815647021,2.9420508898573514,0.3,0.7091062940093689,0.9448207964867411
SV212,15,Matching,mll,73.19966891864236,168.82254610246872,0.991113679447461,0.05978627710808202,2.567353447778293,0.3,0.6540263677465193,0.9396404802609706
SV213,15,Averaging,mll,41.366130686370326,105.15546963792464,0.9979453699557113,0.9393806971424932,2.6569898511226264,0.3,0.7924721814428808,1.0035699277839054
SV213,15,Selection,mll,41.56081090663031,105.5448300784446,0.9976561877975609,0.8542266154432099,2.886814099862324,0.3,0.7634516663151819,0.91933534459936
SV213,15,Matching,mll,41.56970374707603,105.56261575933605,0.9975542512516308,0.9977125017306273,2.5255673454702445,0.3,0.7360442324400647,0.9216943152628119
SV214,15,Averaging,mll,60.45673994915239,143.3366881634888,0.9946710618423439,0.30353844807023983,2.986428377925179,0.3,0.47720726348332343,1.1476420099029248
SV214,15,Selection,mll,70.91888869397911,164.26098565314223,0.9498907432295389,0.49750706200365435,2.9926514188989346,0.3,0.4230707199121485,1.1600156742275658
SV214,15,Matching,mll,60.303394045980674,143.02999635714534,0.994864879179983,0.05659022547245649,2.297548415136793,0.3,0.3580787096113085,1.322244523849183
SV215,15,Averaging,mll,107.16906623455804,236.7613407343001,0.9835378098322285,0.8479802524073932,0.7233299199702689,0.3,2.574567421192174,1.2215370769290916
SV215,15,Selection,mll,104.09333391540879,230.60987609600159,0.992355934761566,0.765258360844683,0.7900731732703192,0.3,1.0625494702549112,0.9862533252639178
SV215,15,Matching,mll,104.04771313901578,230.51863454321557,0.9912401426351634,0.8407391494517458,1.0154178248848769,0.3,0.9673352705223598,0.8634093055227352
SV216,15,Averaging,mll,54.39797924631954,131.21916675782307,0.9957592401459593,0.8379790656750646,0.5272649495013757,0.3,0.6913037107715867,1.3222977436970704
SV216,15,Selection,mll,54.957748080550374,132.33870442628475,0.9936076544327211,0.6941395412051894,0.5808680329066809,0.3,0.5587530441626011,1.135184491316822
SV216,15,Matching,mll,52.133118443935025,126.68944515305404,0.9980929137628783,0.5331810870488993,2.6446377058101525,0.3,0.7863304936798117,0.9892519218143072
