subject_id,location,strategy,fit_type,error,bic,r2,pcommon,sigma_v,sigma_a,sigma_p,mu_p
LV001,raw,Averaging,mll,750.0775697937629,1526.9727970073823,0.6568289265471934,0.0005759006261415559,0.8471839156707158,0.6,1.1303677906791332,0.10014064721460565
LV001,raw,Selection,mll,738.532126646794,1503.8819107134445,0.7014866569013909,0.30336099799126526,0.8371653398009464,0.6,0.9252592528359177,0.10001703115091291
LV001,raw,Matching,mll,772.8052928690745,1572.4282431580054,0.5811669135207637,0.09921502840236973,0.7867153592377539,0.6,1.0413664464084624,0.19813921152551028
LV002,raw,Averaging,mll,858.8367226011767,1744.4911026222098,0.5799120352533533,0.8667706220963669,0.7772218008374705,0.6,2.9626718628524573,0.1518582451484323
LV002,raw,Selection,mll,816.302190739181,1659.4220388982185,0.700671187397604,0.7311429680024873,1.0491377199118872,0.6,2.839662154974258,0.11497862606205109
LV002,raw,Matching,mll,827.4805075033726,1681.7786724266016,0.6706630728018131,0.8744785489588436,0.9653168284464276,0.6,2.8378104830568045,0.15499127289394662
LV003,raw,Averaging,mll,785.4198352179944,1597.6573278558453,0.797388333439541,0.6461724964685457,1.0318208379465408,0.6,2.791496993992373,0.40901991761711615
LV003,raw,Selection,mll,758.3384311127976,1543.4945196454516,0.8632660132313825,0.6021154789245856,1.7753613425943167,0.6,1.9462678542834881,0.6226029182036806
LV003,raw,Matching,mll,775.2825289520537,1577.3827153239638,0.8218291456184036,0.6396377434440121,0.9327643063916833,0.6,2.8845838000432305,0.2078884568124858
LV005,raw,Averaging,mll,858.4027935072029,1743.6232444342622,0.754088808735706,0.006252145596425141,0.9154094749242132,0.6,2.285643017119093,0.10151918040852788
LV005,raw,Selection,mll,840.9113006103184,1708.6402586404934,0.7997403911464911,0.44426575661408874,0.8302243002492816,0.6,1.3512520339713876,0.10208286242918323
LV005,raw,Matching,mll,846.4628387619124,1719.7433349436812,0.7883524560221606,0.38412146418979226,0.8972943759152672,0.6,1.8949592624430025,0.10155742729796864
LV007,raw,Averaging,mll,549.6104219782533,1126.038501376363,0.9369296992413355,0.5521442125746058,2.985698276118297,0.6,1.152648415121485,1.269949749026708
LV007,raw,Selection,mll,562.3992987249569,1151.6162548697703,0.9170867948738609,0.5480015991299937,2.977009846646598,0.6,1.0191344790245564,1.1971945471251928
LV007,raw,Matching,mll,559.8074414254129,1146.4325402706822,0.9206558727223035,0.6685008809611537,2.9529194858286303,0.6,1.0355237886159379,1.188602375663694
LV008,raw,Averaging,mll,676.1472939847254,1379.1122453893072,0.6387851992591203,0.0006263811522658492,0.8559267044476784,0.6,0.9556009699214243,0.10043494155750238
LV008,raw,Selection,mll,670.2453234973384,1367.3083044145333,0.6768471565701542,0.25699721608697784,0.8491207229340082,0.6,0.8592408455793885,0.10016628687282599
LV008,raw,Matching,mll,675.9196977136362,1378.6570528471289,0.6394693787707969,0.0019284669866894422,0.8565954222020173,0.6,0.9516830372174359,0.10020384370545815
LV009,raw,Averaging,mll,716.6451935652992,1460.108044550455,0.8876065790573551,0.002759208743400055,0.8705993648271558,0.6,1.2286767595175836,0.23846985907500604
LV009,raw,Selection,mll,697.2392554483004,1421.2961683164572,0.910099041895324,0.3168906371678533,2.9982970943552814,0.6,1.1454907869944748,0.5880107006291986
LV009,raw,Matching,mll,717.2002417969084,1461.2181410136732,0.8868157328642711,0.002734513730212628,0.8619100245383767,0.6,1.2737205769397313,0.161778967496954
LV011,raw,Averaging,mll,818.4991500272777,1663.8159574744118,0.6726445194392547,0.006022463077553929,0.8403926783647919,0.6,2.9927357461571966,1.0850292944690634
LV011,raw,Selection,mll,804.1067491776982,1635.031155775253,0.7273611213056542,0.27385324751755946,0.9188254174723666,0.6,2.9925611213496257,0.10543497080199314
LV011,raw,Matching,mll,770.9206135482739,1568.6588845164042,0.8363788864691379,0.06837527881088104,2.8802132256786446,0.6,2.9985770169725146,1.1871294211090668
LV012,raw,Averaging,mll,821.3098397782761,1669.4373369764087,0.38707553219975877,0.0007643501343903676,0.8542336435574714,0.6,0.951786999620895,0.1000805276657677
LV012,raw,Selection,mll,795.0225322795973,1616.862721979051,0.4679284556144072,0.3882890227509449,0.8578693147475236,0.6,0.8192256100225294,0.10063955960679072
LV012,raw,Matching,mll,820.0719601680039,1666.9615777558643,0.3897727003990995,0.015441592745783434,0.8568839019171006,0.6,0.9371536103801029,0.10057124717695476
LV013,raw,Averaging,mll,912.0622140996335,1850.9420856191234,0.36147763088760254,0.00013354787916643987,0.8623568796727132,0.6,1.0074740544285496,0.10011506032288905
LV013,raw,Selection,mll,897.0804392760965,1820.9785359720495,0.4277965775768521,0.3130653711968117,0.8559253322556293,0.6,0.9238676644855391,0.10010860433626555
LV013,raw,Matching,mll,914.1323411905205,1855.0823398008974,0.363292684382845,0.012588822783315303,0.8541940239583107,0.6,0.9474943578390703,0.10060960765148699
LV015,raw,Averaging,mll,550.3279124311655,1127.4734822821874,0.9186055029756907,0.001556321927540574,2.9979626315840395,0.6,0.9101983383574843,1.0099793691005174
LV015,raw,Selection,mll,549.9384401535507,1126.6945377269578,0.9175061609048161,0.2359655757100786,2.997873944868326,0.6,0.8939237138296346,1.0148446953926225
LV015,raw,Matching,mll,550.0356665761913,1126.888990572239,0.9175992937442923,2.744438905155351e-05,2.993054658628595,0.6,0.8984940683740105,1.0082845360244637
LV016,raw,Averaging,mll,900.2269831973086,1827.2716238144737,0.4241911766134753,0.0001140291431939535,0.855795759888926,0.6,0.9153683615773385,0.10027396233624764
LV016,raw,Selection,mll,891.9181260566163,1810.653909533089,0.4776927837997177,0.28099803177952204,0.8474907531425511,0.6,0.8698279382792781,0.10021020177265041
LV016,raw,Matching,mll,900.3561858109971,1827.5300290418506,0.4225220135235831,0.0012345165072594625,0.8557967806821115,0.6,0.924599227958847,0.10061483027600544
LV017,raw,Averaging,mll,545.1890990122334,1117.1958554443233,0.9202822733074874,0.0009299094312422904,2.995416322523882,0.6,0.8451828776290854,1.0425020928167166
LV017,raw,Selection,mll,545.3168617822294,1117.4513809843152,0.9185066710358074,0.23583981747853788,2.996598889958483,0.6,0.8376497315395166,1.0185508856794026
LV017,raw,Matching,mll,545.201437042856,1117.2205315055685,0.9199779190760351,0.00033132817155022225,2.995950945718985,0.6,0.8401593986925184,1.0467600475721024
LV018,raw,Averaging,mll,550.1737110489478,1127.165079517752,0.9243321998325882,0.7775368476927238,2.8254326117280804,0.6,0.956137097445141,1.3540157820383145
LV018,raw,Selection,mll,557.2485442014756,1141.3147458228077,0.9158236185027646,0.9713555804759028,2.574905831116434,0.6,0.9656319880634594,1.35340337003643
LV018,raw,Matching,mll,557.2637854402076,1141.3452283002716,0.9156911263524852,0.9861524371157888,2.3931311734851253,0.6,0.9593758919097977,1.3667836499035817
LV019,raw,Averaging,mll,688.0939811127141,1403.0056196452847,0.8369270473200457,0.9998142594643071,0.7596503441956659,0.6,1.5770918294661844,2.816109333339674
LV019,raw,Selection,mll,674.8212167527518,1376.46009092536,0.8572980699795838,0.799981167336329,2.2776701120570135,0.6,1.1778004619327669,1.20922710991886
LV019,raw,Matching,mll,673.3958435484016,1373.6093445166596,0.8616730341841363,0.9985485631556814,2.1273691369462724,0.6,1.276889481051045,1.3792086718481424
LV020,raw,Averaging,mll,795.3198188236993,1617.457295067255,0.8411859924854412,0.9999039546304617,0.7122965436210055,0.6,1.3259515222430038,2.9863496755278947
LV020,raw,Selection,mll,774.7993672255521,1576.4163918709608,0.8740452807873039,0.8279615859676891,2.576935365652946,0.6,1.4668341677137051,2.0795480719598647
LV020,raw,Matching,mll,775.3432116179589,1577.5040806557743,0.8737106260383212,0.9975657173590845,2.0903107589108143,0.6,1.3280036157393107,1.8936813062700932
LV021,raw,Averaging,mll,750.5430594625218,1527.9037763449,0.8742378454097248,0.005401588082483335,2.990993616773102,0.6,1.0817030608620937,0.7860848406756452
LV021,raw,Selection,mll,750.4548877736768,1527.72743296721,0.8744033086212246,0.00044538751149657686,2.9935603717008337,0.6,1.075007306470572,0.7957844711589941
LV021,raw,Matching,mll,750.5229629162,1527.8635832522564,0.8747894893848802,0.0003476454888390296,2.998572746926577,0.6,1.078520565137233,0.799649483089157
LV022,raw,Averaging,mll,710.4991722180839,1447.8160018560243,0.8331453299365302,0.00019065278540039506,0.862490002149179,0.6,1.2078578027376348,0.10045790752522803
LV022,raw,Selection,mll,710.3843615637393,1447.586380547335,0.831028506423571,0.13255497753549367,0.8622011321918978,0.6,1.174072587709275,0.10064446859299139
LV022,raw,Matching,mll,710.8305302928813,1448.4787180056192,0.8304575771583501,0.0019359928174104365,0.8567312680344542,0.6,1.1822941175323054,0.10071684291809208
LV023,raw,Averaging,mll,1034.6094300518253,2096.036517523507,0.4305968144130894,0.001699300630354081,0.8505180486058563,0.6,2.4525420262807414,0.10163641075440284
LV023,raw,Selection,mll,1015.8589624759295,2058.5355823717155,0.5042467346234507,0.37387674446999786,0.824883100576009,0.6,1.3253517548092402,0.10039040068943057
LV023,raw,Matching,mll,1030.3419361815631,2087.5015297829827,0.4454586478270831,0.17203094557808654,0.859580156933362,0.6,1.924267722607167,0.10061206435219114
LV024,raw,Averaging,mll,1145.8374714374022,2318.492600294661,0.40245929510062706,5.218234782993934e-05,0.8476883802310823,0.6,2.489479541349729,0.10179043334869543
LV024,raw,Selection,mll,1131.4090291183793,2289.635715656615,0.4658279938202542,0.3436435200632347,0.8403027465349527,0.6,1.6463731960513615,0.10071036730221701
LV024,raw,Matching,mll,1123.773890692364,2274.3654388045843,0.5087934525750921,0.39067698624972075,1.1183287858024915,0.6,1.9387956817773693,0.10426559348389666
LV025,raw,Averaging,mll,750.6899679549628,1528.197593329782,0.7321293303632272,0.00028546473784587926,0.8557373109826805,0.6,1.2069764848009756,0.10231122924886227
LV025,raw,Selection,mll,751.9707014086484,1530.7590602371533,0.7346745130734018,0.2372565249250385,0.851700590761666,0.6,1.2083380140957354,0.1016606204180549
LV025,raw,Matching,mll,750.9212624520962,1528.660182324049,0.7338192554975478,0.0003696880787946462,0.8542928302638727,0.6,1.2812615815693882,0.10039397220401995
SV103,raw,Averaging,mll,722.3850610403122,1471.5877795004808,0.8960007927442215,0.5183470968854945,2.9957627198726136,0.6,1.1352096405508505,1.1758184152385278
SV103,raw,Selection,mll,728.6763086191218,1484.1702746581,0.8716860549028377,0.5114874351903873,2.5344245128605984,0.6,0.9164446455152341,1.0419903773202357
SV103,raw,Matching,mll,726.2609932654767,1479.33964395081,0.8773547840410338,0.6314026449222888,2.938268918919363,0.6,0.9834175020378986,1.0057274987439728
SV110,raw,Averaging,mll,586.1346715341936,1199.0870004882436,0.9159817177257923,0.729378023709872,2.9989916934973113,0.6,1.0517125444710307,1.2764891863195655
SV110,raw,Selection,mll,594.3293486664238,1215.476354752704,0.9041271875357887,0.9770018838481258,2.996939387086828,0.6,1.0258361712372401,1.2799571576152964
SV110,raw,Matching,mll,596.2383812069033,1219.2944198336631,0.9033450601612001,0.9859243014800219,2.0736788244700506,0.6,0.9824166417235863,1.328077250138686
SV111,raw,Averaging,mll,800.365090168378,1627.5478377566124,0.8442351651986812,0.9545510905080113,0.7354970245495766,0.6,1.4071817638774224,2.985768472756399
SV111,raw,Selection,mll,778.7320205941136,1584.2816986080836,0.8741415734118348,0.714176420481881,2.280267343129982,0.6,1.6872319257929655,2.225765916340293
SV111,raw,Matching,mll,780.9246754476167,1588.6670083150898,0.8761325424739327,0.9628903196935396,2.0492448857120458,0.6,1.55226844454047,2.1578949152136655
SV113,raw,Averaging,mll,667.7283322026858,1362.274321825228,0.8401507074134266,0.9700374954482239,0.698061691959957,0.6,1.6684647794424827,2.919491807452931
SV113,raw,Selection,mll,642.8048364926134,1312.4273304050832,0.8839783423524804,0.7852365819515496,1.8923084144509639,0.6,1.4858895967579433,1.7589375607936435
SV113,raw,Matching,mll,645.4410003211153,1317.699658062087,0.8845803748302843,0.9720094670151546,2.31421717079476,0.6,1.3565108381993793,1.4652686302288338
SV119,raw,Averaging,mll,601.0364398872784,1228.8905371944134,0.9288316386435186,0.27100700892868523,2.9870157005198954,0.6,1.0258562703790335,1.050222078589234
SV119,raw,Selection,mll,610.3159447173034,1247.4495468544633,0.9172010189596858,0.45023026073948424,2.4352247654698598,0.6,0.9151735293412759,1.126434075407777
SV119,raw,Matching,mll,605.0307597337985,1236.8791768874535,0.9232939031519114,0.16256366878724782,2.9888294864822442,0.6,0.9805538360032054,1.0823830753130332
SV201,raw,Averaging,mll,482.91112220378426,992.639901827425,0.9481033410045431,0.6803619885293652,2.992037030613518,0.6,0.995064557550101,1.2338395553702175
SV201,raw,Selection,mll,496.08987279717627,1018.997403014209,0.9307562573127706,0.9788000939157044,2.8729932547786805,0.6,0.8890765214452915,1.1347598193703041
SV201,raw,Matching,mll,494.31382107844297,1015.4452995767424,0.9342279626605128,0.8581505512526367,2.728396530014506,0.6,0.9034638305835841,1.1918525276562244
SV202,raw,Averaging,mll,629.3155240042461,1285.4487054283486,0.912769801190747,0.001176146295070497,2.9950039608134857,0.6,0.8795483307003533,1.0293932927181868
SV202,raw,Selection,mll,629.4111983901173,1285.640054200091,0.9125179900074781,0.2337579572256896,2.98909470622672,0.6,0.8785154090182897,1.0274006333247527
SV202,raw,Matching,mll,629.5391943181469,1285.8960460561502,0.9110216013201846,0.0008385245987472352,2.976450594580019,0.6,0.8706489992703613,1.0132718809174246
SV203,raw,Averaging,mll,550.5306927604418,1127.87904294074,0.8650365058962226,0.9997182451547963,0.7258540304811495,0.6,1.4382217174941236,2.9644526660152732
SV203,raw,Selection,mll,523.8815668081867,1074.5807910362298,0.8955875079519136,0.942677393452896,2.7124934785714347,0.6,1.1549043744910283,1.6317208681535138
SV203,raw,Matching,mll,523.2617671534066,1073.3411917266696,0.8956745454937846,0.998225147273247,2.5883910838259894,0.6,1.0078214515578292,1.3991004917238066
SV204,raw,Averaging,mll,680.4824790179107,1387.7826154556778,0.849929308864374,0.9998113482243668,0.6861600645410034,0.6,1.2082588739168996,2.9550643542647035
SV204,raw,Selection,mll,657.6165240909858,1342.050705601828,0.8793480593274626,0.8302239316336161,2.622685392030866,0.6,1.0635682173551808,1.5991581575919955
SV204,raw,Matching,mll,657.7809648066481,1342.3795870331526,0.8791167763542223,0.9978969965155375,2.4905552026164655,0.6,0.9553896148910342,1.4402011466487898
SV205,raw,Averaging,mll,516.3431857267742,1059.5040288734049,0.956015113676202,0.2108666690004413,2.995313233600184,0.6,0.9227411901294891,1.055747043263554
SV205,raw,Selection,mll,517.2475413679774,1061.3127401558113,0.9520849097592308,0.44174739599615237,2.997837476370509,0.6,0.8425974714767279,1.0696770715652024
SV205,raw,Matching,mll,518.0767126573504,1062.9710827345573,0.9515338806378884,0.1314949384213355,2.982096097499412,0.6,0.8304705101874926,1.0899954421403577
SV206,raw,Averaging,mll,725.828094238859,1478.4738458975744,0.9226632500311519,0.5998870148099333,0.7012549047093394,0.6,1.0390547314203373,2.1628007493770203
SV206,raw,Selection,mll,724.4249315588975,1475.6675205376514,0.9251272759690141,0.5365561613703798,1.1678798467174096,0.6,0.9011994839772364,1.6474423585706905
SV206,raw,Matching,mll,724.3320599142731,1475.4817772484028,0.9247841937227581,0.4444999177638578,1.0647237416165465,0.6,0.8899075009515971,1.616710086509226
SV207,raw,Averaging,mll,603.4128868630917,1233.6434311460398,0.9036756995235111,0.005636709273441216,2.99639531149725,0.6,0.931217696049717,0.9771101178527658
SV207,raw,Selection,mll,603.37436820317,1233.5663938261964,0.9037335449187157,0.2987424005684369,2.9981967817921484,0.6,0.9342155324950456,0.9703072118904171
SV207,raw,Matching,mll,603.3734741006544,1233.5646056211654,0.9037069312079198,0.0010341321661345407,2.997825706190925,0.6,0.9363594077403278,0.96565011943714
SV208,raw,Averaging,mll,735.461238471622,1497.7401343631004,0.8368012655751403,0.9957825449221376,0.6262111676864461,0.6,1.3402682183759056,2.838674299100783
SV208,raw,Selection,mll,713.7112381770269,1454.2401337739102,0.8728578476197968,0.8548245539858275,2.7540759095522747,0.6,1.103278335723963,1.3523993498134577
SV208,raw,Matching,mll,714.0439874858837,1454.9056323916238,0.8721308213573641,0.9968883304760681,2.299429150732614,0.6,1.0445878029261673,1.339069576779186
SV209,raw,Averaging,mll,603.997911069563,1234.8134795589824,0.8629063426808747,0.958025828959313,0.6382224741464909,0.6,1.3317789960080086,2.9942832979458527
SV209,raw,Selection,mll,577.6375201429951,1182.0926977058466,0.9055569127525649,0.7421707129302902,2.379025750440575,0.6,1.366028827652227,1.9762538793491384
SV209,raw,Matching,mll,580.5542419504862,1187.926141320829,0.9059030251800964,0.9791714873219338,1.6785751822200903,0.6,1.152570376938466,1.8053443050242344
SV210,raw,Averaging,mll,531.4666953184117,1089.7510480566798,0.9026076392554007,0.911756625736836,2.67324564582226,0.6,0.8717321541430294,1.402704383465575
SV210,raw,Selection,mll,533.0352930147061,1092.8882434492687,0.902808521892865,0.8009886986763027,2.377672205547998,0.6,0.834899145685295,1.4202388929768452
SV210,raw,Matching,mll,532.4216852174595,1091.6610278547755,0.9031038171982746,0.9980527721945909,2.5893815204302686,0.6,0.8413907330589873,1.3964941850130015
SV211,raw,Averaging,mll,471.25702162439757,969.3317006686516,0.9603210670764285,0.45473777029264406,2.979080128538833,0.6,0.9592959850837013,1.156445280045962
SV211,raw,Selection,mll,499.3347281277091,1025.4871136752747,0.9184696229637344,0.4152124482818773,2.151734655421945,0.6,0.8238095372767474,1.2834477300379452
SV211,raw,Matching,mll,480.97442733682675,988.76651209351,0.9485005733879738,0.43382148772475726,2.906974802728017,0.6,0.8975325648908026,1.1030229484783955
SV212,raw,Averaging,mll,547.2849369514179,1121.3875313226922,0.9381657015811381,0.004651758610882381,2.984995455982907,0.6,0.8900169953593584,1.0760641358289953
SV212,raw,Selection,mll,547.2874132527882,1121.3924839254328,0.9377890139008539,0.36671383049117895,2.9719355232148494,0.6,0.8740843878931146,1.0872219933040108
SV212,raw,Matching,mll,547.2000569911648,1121.2177714021861,0.9380017177415673,0.007359352755405283,2.985780690248147,0.6,0.8889672826151596,1.0703335994845191
SV213,raw,Averaging,mll,580.0118463487847,1186.841350117426,0.8741352227227874,0.9995963136445584,0.615207882400852,0.6,1.3210759767614442,2.988644904432045
SV213,raw,Selection,mll,550.4086158030827,1127.634889026022,0.9142566453243172,0.7758146311009337,2.9108196519278997,0.6,1.0986314939712933,1.3845204769668096
SV213,raw,Matching,mll,550.9379958631978,1128.693649146252,0.9139794754710978,0.9968162029263475,2.5260148150868815,0.6,1.0542808691883505,1.3906503949828244
SV214,raw,Averaging,mll,526.7309362248849,1080.2795298696262,0.9402309264840403,0.044512029436574195,2.959375518699601,0.6,0.8595545560096589,1.0788590522428587
SV214,raw,Selection,mll,526.997563021845,1080.8127834635466,0.9403947063144018,0.35377283218708894,2.9952719129038905,0.6,0.8617065417572208,1.0830878723278097
SV214,raw,Matching,mll,527.0263863876748,1080.8704301952062,0.9403683141284963,0.0015695808770163871,2.991337916261844,0.6,0.8626914300482285,1.0815072199541622
SV215,raw,Averaging,mll,648.9050680486172,1324.6277935170908,0.8996631275394347,0.8367819600651885,0.9747253346043633,0.6,2.1404128114160117,2.282083482477049
SV215,raw,Selection,mll,642.5230821752124,1311.8638217702812,0.9122156834858411,0.7875801671518016,0.8915045195695503,0.6,2.2581690551091156,2.6108731682906825
SV215,raw,Matching,mll,642.5850146241125,1311.9876866680816,0.9123174569708684,0.9140299194877376,1.0840182717911575,0.6,1.6194022208329224,1.6244992381550483
SV216,raw,Averaging,mll,517.7941766423825,1062.4060107046214,0.9470678848826448,0.5605111436059367,2.9344228519289333,0.6,0.9716169069370302,1.167889114043905
SV216,raw,Selection,mll,529.0253775245098,1084.8684124688762,0.9303208624919878,0.517931279374952,2.8423517101877844,0.6,0.8357165847486344,1.0530949505625993
SV216,raw,Matching,mll,527.4180148604194,1081.6536871406952,0.9345783302203784,0.6260214894318228,2.9838465693658196,0.6,0.9133728786024112,1.127778603742567
LV001,visible,Averaging,mll,152.48846718716547,327.14198855496466,0.9554202677684579,0.41765797936585974,2.9860493160386814,0.6,1.1782422114297593,0.9470460049276852
LV001,visible,Selection,mll,154.94974495802308,332.06454409667987,0.9514217917074077,0.24065175655223775,0.41081708217121415,0.6,2.3668716917762826,2.672153194126066
LV001,visible,Matching,mll,154.2602830376498,330.6856202559333,0.9474648301245274,0.32271031478767426,2.989638453568944,0.6,1.0741482959227222,0.973561754528772
LV002,visible,Averaging,mll,272.9122658594348,567.4171825249406,0.5882277779561287,0.5464771420290766,0.8163098645946736,0.6,2.9323606594939227,2.775188502471152
LV002,visible,Selection,mll,265.80343633451986,553.1995234751107,0.6727752674481668,0.6345326442305882,0.9386683910757552,0.6,2.9768076165093564,2.610573958236438
LV002,visible,Matching,mll,266.94251883733483,555.4776884807407,0.6672568533658516,0.7509974474410241,1.0054050139538786,0.6,2.989573611911303,2.8076048164418936
LV003,visible,Averaging,mll,414.8004579850256,855.0392114447408,0.8716704040838574,0.9968799688684529,0.661707385842188,0.6,1.2917817809852945,2.9300389614166553
LV003,visible,Selection,mll,402.4951195360092,830.428534546708,0.9000655504885541,0.8142793428269187,1.9876174366893002,0.6,1.02212231675929,1.5129628784665086
LV003,visible,Matching,mll,403.63525020750603,832.7087958897016,0.900138286820642,0.9863535794338699,1.921346959082839,0.6,0.9838462998535288,1.4931268198515362
LV005,visible,Averaging,mll,467.46274360722003,959.7275239106108,0.8167987786532797,0.5122371667753416,0.7803112092634283,0.6,2.988799670747,1.321975766167596
LV005,visible,Selection,mll,458.24492578086574,941.2918882579022,0.8630846641923923,0.6450141207549266,0.928092804359532,0.6,2.2813803386514286,1.212628069528232
LV005,visible,Matching,mll,460.89575297291447,946.5935426419996,0.8533605978628958,0.6774446506339429,1.0463232755192076,0.6,2.425660045601289,1.426839816943476
LV007,visible,Averaging,mll,549.6104219782533,1126.038501376363,0.9369296992413355,0.5521442125746058,2.985698276118297,0.6,1.152648415121485,1.269949749026708
LV007,visible,Selection,mll,562.3992987249569,1151.6162548697703,0.9170867948738609,0.5480015991299937,2.977009846646598,0.6,1.0191344790245564,1.1971945471251928
LV007,visible,Matching,mll,559.8074414254129,1146.4325402706822,0.9206558727223035,0.6685008809611537,2.9529194858286303,0.6,1.0355237886159379,1.188602375663694
LV008,visible,Averaging,mll,101.06864770802444,222.68048916424993,0.9503029180236376,0.26345010431503757,2.9869992063218436,0.6,0.9634819245948258,0.9099779239751322
LV008,visible,Selection,mll,113.76713562848269,248.07746500516643,0.825912151720749,0.9152879165030327,0.6131972864911931,0.6,0.8885461114489672,0.9199303274750342
LV008,visible,Matching,mll,101.9753623285171,224.49391840523523,0.946735693624942,0.10345731544088725,2.9801926065825795,0.6,0.9106851635665365,0.9253075786001702
LV009,visible,Averaging,mll,397.445230635666,819.6924979675027,0.9009202686930579,0.008144928775103802,2.976895342154571,0.6,0.9681845797247827,0.9324733070997936
LV009,visible,Selection,mll,397.4840886418344,819.7702139798395,0.9006874655205074,0.21996973792095043,2.979358369637889,0.6,0.9647854979083275,0.9324164559273675
LV009,visible,Matching,mll,397.7648724128323,820.3317815218353,0.8989208155463978,0.01482773268954242,2.979656406150197,0.6,0.9485798911793331,0.9206375039682323
LV011,visible,Averaging,mll,270.2775092558832,563.8708009822072,0.8381506443221437,0.620197934059875,0.8382656215413903,0.6,1.4700527754096935,2.9906639322071986
LV011,visible,Selection,mll,263.5685748682473,550.4529322069354,0.8806980088513379,0.09124581848870783,1.166622544375521,0.6,1.5819520903124396,2.982531105640259
LV011,visible,Matching,mll,254.5091167551089,532.3340159806586,0.9249770066440114,0.24627121465929142,2.98370114067844,0.6,2.353192965255152,2.9393089275925544
LV015,visible,Averaging,mll,513.8015859609103,1054.250590884002,0.9179181957339401,0.0012457951217229605,2.996249733502638,0.6,0.8628115152658374,1.024236766074708
LV015,visible,Selection,mll,513.7903572248267,1054.2281334118347,0.9179948299278147,0.23625160997451763,2.997960946809308,0.6,0.8619777585322872,1.028582650627246
LV015,visible,Matching,mll,513.9616777414844,1054.5707744451502,0.9179649685654669,0.0027040373471520092,2.994433873105854,0.6,0.8620495110569105,1.0285106356266813
LV016,visible,Averaging,mll,67.37519992046327,153.25029109406364,0.9041906984167477,0.018020068340999573,2.9846480355567975,0.6,1.0861730065831876,0.7792492838808066
LV016,visible,Selection,mll,67.35514803483153,153.21018732280015,0.9019195877093271,0.006049483789330402,2.9976776797279974,0.6,1.045746235695936,0.7785680711988868
LV016,visible,Matching,mll,67.3511270050522,153.2021452632415,0.9026021632410729,0.000633863065333572,2.9981199400756076,0.6,1.056037738530228,0.7870316795881074
LV017,visible,Averaging,mll,545.1890990122334,1117.1958554443233,0.9202822733074874,0.0009299094312422904,2.995416322523882,0.6,0.8451828776290854,1.0425020928167166
LV017,visible,Selection,mll,545.3168617822294,1117.4513809843152,0.9185066710358074,0.23583981747853788,2.996598889958483,0.6,0.8376497315395166,1.0185508856794026
LV017,visible,Matching,mll,545.201437042856,1117.2205315055685,0.9199779190760351,0.00033132817155022225,2.995950945718985,0.6,0.8401593986925184,1.0467600475721024
LV018,visible,Averaging,mll,550.1737110489478,1127.165079517752,0.9243321998325882,0.7775368476927238,2.8254326117280804,0.6,0.956137097445141,1.3540157820383145
LV018,visible,Selection,mll,557.2485442014756,1141.3147458228077,0.9158236185027646,0.9713555804759028,2.574905831116434,0.6,0.9656319880634594,1.35340337003643
LV018,visible,Matching,mll,557.2637854402076,1141.3452283002716,0.9156911263524852,0.9861524371157888,2.3931311734851253,0.6,0.9593758919097977,1.3667836499035817
LV019,visible,Averaging,mll,668.1220415183304,1362.9775268197259,0.8351464110001117,0.9998198782813094,0.7824280690916756,0.6,1.5565382736796074,2.5742770465745366
LV019,visible,Selection,mll,654.1870097477425,1335.10746327855,0.8608121818872928,0.8682977641793153,2.394844334971081,0.6,1.2176563669321623,1.3568008088133539
LV019,visible,Matching,mll,654.5893867060237,1335.9122171951124,0.85974879369198,0.9980307343515248,2.0472250987344878,0.6,1.186588612436945,1.3658267548436511
LV020,visible,Averaging,mll,795.3198188236993,1617.457295067255,0.8411859924854412,0.9999039546304617,0.7122965436210055,0.6,1.3259515222430038,2.9863496755278947
LV020,visible,Selection,mll,774.7993672255521,1576.4163918709608,0.8740452807873039,0.8279615859676891,2.576935365652946,0.6,1.4668341677137051,2.0795480719598647
LV020,visible,Matching,mll,775.3432116179589,1577.5040806557743,0.8737106260383212,0.9975657173590845,2.0903107589108143,0.6,1.3280036157393107,1.8936813062700932
LV021,visible,Averaging,mll,536.9313633806725,1099.9510979540255,0.8984536977779447,0.007987957380685714,2.9941236043389567,0.6,0.9311111424188271,0.9917758250499317
LV021,visible,Selection,mll,537.0511872330562,1100.190745658793,0.8961666271706771,0.15526637569245838,2.9972124046257638,0.6,0.9188902927748701,0.9647593786089025
LV021,visible,Matching,mll,536.8344213154567,1099.757213823594,0.8974033818945416,0.001119653413686839,2.99639404233269,0.6,0.9229264155451083,0.9793933451482281
LV022,visible,Averaging,mll,311.2566304116583,646.3880910632581,0.9166822743538307,0.00011157710329025419,2.997572435318325,0.6,1.0130105952616806,0.8124443088874226
LV022,visible,Selection,mll,311.3014531381648,646.4777365162711,0.9163834536769452,0.0006782912835744238,2.9749477567030653,0.6,1.008663827755616,0.8118343686850943
LV022,visible,Matching,mll,311.2388056221864,646.3524414843143,0.916110238592233,0.00017382653369807895,2.9972583674685085,0.6,1.0084290919968273,0.8067881652518923
LV023,visible,Averaging,mll,303.2856882410623,628.7364306627583,0.6757148556689277,0.7254263460238549,0.8136816873816484,0.6,2.994260020487753,2.988834757437186
LV023,visible,Selection,mll,297.95887700008404,618.0828081808017,0.7384667531259761,0.7469387318323596,0.9479930555144676,0.6,2.8617557940735248,2.8522160052443373
LV023,visible,Matching,mll,298.80085516337556,619.7667645073848,0.7294132327384426,0.8388620985898452,0.9470733022368082,0.6,2.9438772617658815,2.7521848993438844
LV024,visible,Averaging,mll,721.8037226414344,1467.6525139804855,0.23166491867993,0.6534732240728444,1.9918573175053889,0.6,2.3847266144937747,2.2798044862874915
LV024,visible,Selection,mll,726.3451590838097,1476.735386865236,0.19488717099861463,0.6649465222320998,0.9688829679467759,0.6,2.6834614083330153,2.9968258296068324
LV024,visible,Matching,mll,720.8846863350018,1465.8144413676202,0.2377023697697117,0.813564974855716,1.6368482032827132,0.6,2.9549393980190652,2.993442350848173
LV025,visible,Averaging,mll,282.44618496556893,588.4033130582565,0.9065413493104051,0.0023346850261269252,2.590031445642207,0.6,1.1027997583889024,0.7641268507167261
LV025,visible,Selection,mll,282.00755605012205,587.5260552273627,0.9107565523241951,0.15758195883774334,2.9812348100771375,0.6,1.16792767619517,0.8002015629232468
LV025,visible,Matching,mll,285.17004479942636,593.8510327259713,0.8929866591929464,0.0022471971734120996,0.9484435017770901,0.6,0.927934475215594,0.7426910795406114
SV103,visible,Averaging,mll,695.907400579631,1418.548244942327,0.8962063473047797,0.6094461262747536,2.9791983210341866,0.6,1.0128399874755654,1.1837817261831127
SV103,visible,Selection,mll,703.2503360594212,1433.2341159019074,0.8735525091686572,0.5281923860067251,2.9739924830642686,0.6,0.8797696114127674,1.0285545507857343
SV103,visible,Matching,mll,702.9408096079951,1432.6150629990552,0.8776926469631317,0.6507896024439483,2.9504029453222733,0.6,0.97532171539651,1.0933181532895244
SV110,visible,Averaging,mll,586.1346715341936,1199.0870004882436,0.9159817177257923,0.729378023709872,2.9989916934973113,0.6,1.0517125444710307,1.2764891863195655
SV110,visible,Selection,mll,594.3293486664238,1215.476354752704,0.9041271875357887,0.9770018838481258,2.996939387086828,0.6,1.0258361712372401,1.2799571576152964
SV110,visible,Matching,mll,596.2383812069033,1219.2944198336631,0.9033450601612001,0.9859243014800219,2.0736788244700506,0.6,0.9824166417235863,1.328077250138686
SV111,visible,Averaging,mll,763.0448205674587,1552.8230849179824,0.8459083182137843,0.9904605561464823,0.7038602028395774,0.6,1.3413509738315375,2.9988761904154893
SV111,visible,Selection,mll,741.0200329123297,1508.7735096077245,0.8772830590009846,0.7231128707200887,2.9181609941116546,0.6,1.400769302688639,1.8951584527415186
SV111,visible,Matching,mll,743.4283627748763,1513.5901693328176,0.8771150054951316,0.9844170170718693,2.1832293542141104,0.6,1.3596389940193383,1.9200542393218722
SV113,visible,Averaging,mll,599.0937390552681,1224.8348970727175,0.8630697635882362,0.9995363862273031,0.7180243142984315,0.6,1.42248311864592,2.983135715708021
SV113,visible,Selection,mll,581.4894244873483,1189.6262679368779,0.8865383740213989,0.8106002108693936,2.2432424170810172,0.6,1.3475995396944938,1.920187296696802
SV113,visible,Matching,mll,581.3996951629804,1189.446809288142,0.887800029118309,0.9864670871889737,2.391117954919414,0.6,1.2033041498206611,1.573137557559035
SV119,visible,Averaging,mll,575.2389369121164,1177.2113176072978,0.9275142066532289,0.24872281744816124,2.997696841090121,0.6,0.9967048306490269,1.081731166752243
SV119,visible,Selection,mll,582.8513122329522,1192.4360682489694,0.9182932749626866,0.22427232588008644,2.9363740145133335,0.6,1.0091457781974775,1.1562118467166396
SV119,visible,Matching,mll,580.6374114109047,1188.0082666048745,0.920178022793684,0.07124052793691205,2.9944330177704135,0.6,0.978204395875589,1.1088868856532013
SV201,visible,Averaging,mll,482.91112220378426,992.639901827425,0.9481033410045431,0.6803619885293652,2.992037030613518,0.6,0.995064557550101,1.2338395553702175
SV201,visible,Selection,mll,496.08987279717627,1018.997403014209,0.9307562573127706,0.9788000939157044,2.8729932547786805,0.6,0.8890765214452915,1.1347598193703041
SV201,visible,Matching,mll,494.31382107844297,1015.4452995767424,0.9342279626605128,0.8581505512526367,2.728396530014506,0.6,0.9034638305835841,1.1918525276562244
SV202,visible,Averaging,mll,629.3155240042461,1285.4487054283486,0.912769801190747,0.001176146295070497,2.9950039608134857,0.6,0.8795483307003533,1.0293932927181868
SV202,visible,Selection,mll,629.4111983901173,1285.640054200091,0.9125179900074781,0.2337579572256896,2.98909470622672,0.6,0.8785154090182897,1.0274006333247527
SV202,visible,Matching,mll,629.5391943181469,1285.8960460561502,0.9110216013201846,0.0008385245987472352,2.976450594580019,0.6,0.8706489992703613,1.0132718809174246
SV203,visible,Averaging,mll,550.5306927604418,1127.87904294074,0.8650365058962226,0.9997182451547963,0.7258540304811495,0.6,1.4382217174941236,2.9644526660152732
SV203,visible,Selection,mll,523.8815668081867,1074.5807910362298,0.8955875079519136,0.942677393452896,2.7124934785714347,0.6,1.1549043744910283,1.6317208681535138
SV203,visible,Matching,mll,523.2617671534066,1073.3411917266696,0.8956745454937846,0.998225147273247,2.5883910838259894,0.6,1.0078214515578292,1.3991004917238066
SV204,visible,Averaging,mll,680.4824790179107,1387.7826154556778,0.849929308864374,0.9998113482243668,0.6861600645410034,0.6,1.2082588739168996,2.9550643542647035
SV204,visible,Selection,mll,657.6165240909858,1342.050705601828,0.8793480593274626,0.8302239316336161,2.622685392030866,0.6,1.0635682173551808,1.5991581575919955
SV204,visible,Matching,mll,657.7809648066481,1342.3795870331526,0.8791167763542223,0.9978969965155375,2.4905552026164655,0.6,0.9553896148910342,1.4402011466487898
SV205,visible,Averaging,mll,516.3431857267742,1059.5040288734049,0.956015113676202,0.2108666690004413,2.995313233600184,0.6,0.9227411901294891,1.055747043263554
SV205,visible,Selection,mll,517.2475413679774,1061.3127401558113,0.9520849097592308,0.44174739599615237,2.997837476370509,0.6,0.8425974714767279,1.0696770715652024
SV205,visible,Matching,mll,518.0767126573504,1062.9710827345573,0.9515338806378884,0.1314949384213355,2.982096097499412,0.6,0.8304705101874926,1.0899954421403577
SV206,visible,Averaging,mll,725.828094238859,1478.4738458975744,0.9226632500311519,0.5998870148099333,0.7012549047093394,0.6,1.0390547314203373,2.1628007493770203
SV206,visible,Selection,mll,724.4249315588975,1475.6675205376514,0.9251272759690141,0.5365561613703798,1.1678798467174096,0.6,0.9011994839772364,1.6474423585706905
SV206,visible,Matching,mll,724.3320599142731,1475.4817772484028,0.9247841937227581,0.4444999177638578,1.0647237416165465,0.6,0.8899075009515971,1.616710086509226
SV207,visible,Averaging,mll,603.4128868630917,1233.6434311460398,0.9036756995235111,0.005636709273441216,2.99639531149725,0.6,0.931217696049717,0.9771101178527658
SV207,visible,Selection,mll,603.37436820317,1233.5663938261964,0.9037335449187157,0.2987424005684369,2.9981967817921484,0.6,0.9342155324950456,0.9703072118904171
SV207,visible,Matching,mll,603.3734741006544,1233.5646056211654,0.9037069312079198,0.0010341321661345407,2.997825706190925,0.6,0.9363594077403278,0.96565011943714
SV208,visible,Averaging,mll,735.461238471622,1497.7401343631004,0.8368012655751403,0.9957825449221376,0.6262111676864461,0.6,1.3402682183759056,2.838674299100783
SV208,visible,Selection,mll,713.7112381770269,1454.2401337739102,0.8728578476197968,0.8548245539858275,2.7540759095522747,0.6,1.103278335723963,1.3523993498134577
SV208,visible,Matching,mll,714.0439874858837,1454.9056323916238,0.8721308213573641,0.9968883304760681,2.299429150732614,0.6,1.0445878029261673,1.339069576779186
SV209,visible,Averaging,mll,603.997911069563,1234.8134795589824,0.8629063426808747,0.958025828959313,0.6382224741464909,0.6,1.3317789960080086,2.9942832979458527
SV209,visible,Selection,mll,577.6375201429951,1182.0926977058466,0.9055569127525649,0.7421707129302902,2.379025750440575,0.6,1.366028827652227,1.9762538793491384
SV209,visible,Matching,mll,580.5542419504862,1187.926141320829,0.9059030251800964,0.9791714873219338,1.6785751822200903,0.6,1.152570376938466,1.8053443050242344
SV210,visible,Averaging,mll,531.4666953184117,1089.7510480566798,0.9026076392554007,0.911756625736836,2.67324564582226,0.6,0.8717321541430294,1.402704383465575
SV210,visible,Selection,mll,533.0352930147061,1092.8882434492687,0.902808521892865,0.8009886986763027,2.377672205547998,0.6,0.834899145685295,1.4202388929768452
SV210,visible,Matching,mll,532.4216852174595,1091.6610278547755,0.9031038171982746,0.9980527721945909,2.5893815204302686,0.6,0.8413907330589873,1.3964941850130015
SV211,visible,Averaging,mll,471.25702162439757,969.3317006686516,0.9603210670764285,0.45473777029264406,2.979080128538833,0.6,0.9592959850837013,1.156445280045962
SV211,visible,Selection,mll,499.3347281277091,1025.4871136752747,0.9184696229637344,0.4152124482818773,2.151734655421945,0.6,0.8238095372767474,1.2834477300379452
SV211,visible,Matching,mll,480.97442733682675,988.76651209351,0.9485005733879738,0.43382148772475726,2.906974802728017,0.6,0.8975325648908026,1.1030229484783955
SV212,visible,Averaging,mll,547.2849369514179,1121.3875313226922,0.9381657015811381,0.004651758610882381,2.984995455982907,0.6,0.8900169953593584,1.0760641358289953
SV212,visible,Selection,mll,547.2874132527882,1121.3924839254328,0.9377890139008539,0.36671383049117895,2.9719355232148494,0.6,0.8740843878931146,1.0872219933040108
SV212,visible,Matching,mll,547.2000569911648,1121.2177714021861,0.9380017177415673,0.007359352755405283,2.985780690248147,0.6,0.8889672826151596,1.0703335994845191
SV213,visible,Averaging,mll,580.0118463487847,1186.841350117426,0.8741352227227874,0.9995963136445584,0.615207882400852,0.6,1.3210759767614442,2.988644904432045
SV213,visible,Selection,mll,550.4086158030827,1127.634889026022,0.9142566453243172,0.7758146311009337,2.9108196519278997,0.6,1.0986314939712933,1.3845204769668096
SV213,visible,Matching,mll,550.9379958631978,1128.693649146252,0.9139794754710978,0.9968162029263475,2.5260148150868815,0.6,1.0542808691883505,1.3906503949828244
SV214,visible,Averaging,mll,526.7309362248849,1080.2795298696262,0.9402309264840403,0.044512029436574195,2.959375518699601,0.6,0.8595545560096589,1.0788590522428587
SV214,visible,Selection,mll,526.997563021845,1080.8127834635466,0.9403947063144018,0.35377283218708894,2.9952719129038905,0.6,0.8617065417572208,1.0830878723278097
SV214,visible,Matching,mll,527.0263863876748,1080.8704301952062,0.9403683141284963,0.0015695808770163871,2.991337916261844,0.6,0.8626914300482285,1.0815072199541622
SV215,visible,Averaging,mll,621.5105801953747,1269.7546041738144,0.9007138330039758,0.9257501066516218,0.8349396519763467,0.6,2.532513997614569,2.9846039832656626
SV215,visible,Selection,mll,605.6706087987619,1238.0746613805889,0.9267791844530622,0.6626928843661779,2.9640961924852447,0.6,1.2098417513070767,1.0048125788667444
SV215,visible,Matching,mll,609.3924796290603,1245.5184030411856,0.9209532128339162,0.8914364770908934,2.922272569406859,0.6,1.2112628846651856,0.9708280237925058
SV216,visible,Averaging,mll,517.7941766423825,1062.4060107046214,0.9470678848826448,0.5605111436059367,2.9344228519289333,0.6,0.9716169069370302,1.167889114043905
SV216,visible,Selection,mll,529.0253775245098,1084.8684124688762,0.9303208624919878,0.517931279374952,2.8423517101877844,0.6,0.8357165847486344,1.0530949505625993
SV216,visible,Matching,mll,527.4180148604194,1081.6536871406952,0.9345783302203784,0.6260214894318228,2.9838465693658196,0.6,0.9133728786024112,1.127778603742567
LV001,invisible,Averaging,mll,536.7535741339041,1098.826031889899,0.41666687434539795,6.240551611481886e-05,0.8465392935641339,0.6,0.7859472161121132,0.10024324184088979
LV001,invisible,Selection,mll,524.7635027830374,1074.8458891881658,0.4757816399911273,0.27753271515745415,0.8515316482220181,0.6,0.7625584447904605,0.1002361230306794
LV001,invisible,Matching,mll,534.9443698525477,1095.2076233271862,0.42120513630358747,0.012540900904357655,0.8558650984262328,0.6,0.7942922912190862,0.1002632774745591
LV002,invisible,Averaging,mll,569.4832948541978,1164.520835330578,0.5348542501724363,0.8963633071343192,0.8024124297336033,0.6,2.967134316285821,0.1278032847728354
LV002,invisible,Selection,mll,519.1969067436413,1063.9480591094652,0.7193320477583683,0.7218962750042323,1.7138515287379796,0.6,1.635823022283757,0.10104892184826396
LV002,invisible,Matching,mll,547.1432609971324,1119.8407676164475,0.6136533013591292,0.9304958720702972,0.9749800463916666,0.6,2.560647854334603,0.1085586126883731
LV003,invisible,Averaging,mll,271.4489730492435,564.7870287931729,0.2891079056040783,0.00018208663169686694,0.852551121333371,0.6,1.0264297714025918,0.10099688399970792
LV003,invisible,Selection,mll,264.5447982341158,550.9786791629175,0.35748322645379327,0.37365936244298126,0.8448998768105587,0.6,0.9839453269201445,0.10004839508515542
LV003,invisible,Matching,mll,270.4577568981287,562.8045964909434,0.3107094053694276,0.06024370590025693,0.8581856093181525,0.6,0.9252134033319631,0.10032860382850904
LV005,invisible,Averaging,mll,366.8523633928702,756.815336078631,0.4787973266329697,0.0072039223079266275,0.8468820197830902,0.6,1.3282629074715346,0.10045967755154739
LV005,invisible,Selection,mll,355.81952168404507,734.7496526609808,0.5594161335249946,0.38704428974414484,0.8204236637328326,0.6,0.9926832835371868,0.1016153297636185
LV005,invisible,Matching,mll,363.30776649225965,749.72614227741,0.4971728550661403,0.20392082581183774,0.8576370091687294,0.6,1.1440204661002429,0.10030375523679885
LV008,invisible,Averaging,mll,537.8832770320155,1101.6497520791613,0.46613324233186626,0.00017061808493505358,0.8550917629742797,0.6,0.8570249422730684,0.10026662896647877
LV008,invisible,Selection,mll,529.6508634755412,1085.1849249662127,0.5162319489717357,0.2802622591175089,0.8473715211506183,0.6,0.8069035771461203,0.10012341061625013
LV008,invisible,Matching,mll,539.9333315036689,1105.7498610224682,0.45636091013089497,0.007025176096643452,0.859536355987541,0.6,0.9154464061724296,0.10065500217015595
LV009,invisible,Averaging,mll,247.22578857807582,517.5621864490423,0.5711954155092254,4.595693415122192e-05,0.853327263358203,0.6,0.9519200403441141,0.10009335998415315
LV009,invisible,Selection,mll,248.20472522923268,519.520059751356,0.5649946986414027,0.01769028706549447,0.843881686720601,0.6,0.9477263926342742,0.10077572857159574
LV009,invisible,Matching,mll,246.58414802646092,516.2789053458125,0.5752729701945642,0.0017241500763708437,0.8604094058222584,0.6,0.9557908668851968,0.10004741600258525
LV011,invisible,Averaging,mll,504.18503209600146,1033.0317356089286,0.4177072009921722,0.00010231805472389244,0.8441125827444663,0.6,2.9279455313308547,0.12294281158468146
LV011,invisible,Selection,mll,501.64939690235224,1027.96046522163,0.433344022271534,0.293647936606658,0.848087872341699,0.6,2.270950855688691,0.10213105806579338
LV011,invisible,Matching,mll,504.0089228459422,1032.6795171088102,0.4185805265071637,7.294889516236697e-05,0.8466980560105957,0.6,2.9441018393664318,0.12646608629666742
LV012,invisible,Averaging,mll,821.3098397782761,1669.4373369764087,0.38707553219975877,0.0007643501343903676,0.8542336435574714,0.6,0.951786999620895,0.1000805276657677
LV012,invisible,Selection,mll,795.0225322795973,1616.862721979051,0.4679284556144072,0.3882890227509449,0.8578693147475236,0.6,0.8192256100225294,0.10063955960679072
LV012,invisible,Matching,mll,820.0719601680039,1666.9615777558643,0.3897727003990995,0.015441592745783434,0.8568839019171006,0.6,0.9371536103801029,0.10057124717695476
LV013,invisible,Averaging,mll,912.0622140996335,1850.9420856191234,0.36147763088760254,0.00013354787916643987,0.8623568796727132,0.6,1.0074740544285496,0.10011506032288905
LV013,invisible,Selection,mll,897.0804392760965,1820.9785359720495,0.4277965775768521,0.3130653711968117,0.8559253322556293,0.6,0.9238676644855391,0.10010860433626555
LV013,invisible,Matching,mll,914.1323411905205,1855.0823398008974,0.363292684382845,0.012588822783315303,0.8541940239583107,0.6,0.9474943578390703,0.10060960765148699
LV015,invisible,Averaging,mll,19.267184121571514,52.63981034160767,0.6897887944422836,0.6936963721847572,2.991537074357424,0.6,1.2136170524499765,0.14734410330970701
LV015,invisible,Selection,mll,22.13045013131953,58.366342361103705,0.5244999803746095,0.14662739613691259,0.5692333705265519,0.6,1.7058992277809428,0.10583561022989278
LV015,invisible,Matching,mll,22.15778311289136,58.42100832424737,0.5245394670920351,0.0003332353820508031,0.5106245661178633,0.6,1.8422572299711741,0.10602571164075188
LV016,invisible,Averaging,mll,811.8214132938654,1649.926358437089,0.34103161763033585,4.1263592245018755e-05,0.8529931787047039,0.6,0.8562783232334474,0.10052663961738002
LV016,invisible,Selection,mll,800.8876684648939,1628.058868779146,0.3961449804550695,0.3108162381495935,0.8497064674651402,0.6,0.8385719363162332,0.10022701273764281
LV016,invisible,Matching,mll,810.7447457407194,1647.773023330797,0.34456229873862576,0.0019981862396864433,0.8571000953726886,0.6,0.8558757293805443,0.10017522775588532
LV019,invisible,Averaging,mll,9.916316277297767,31.1654859308204,0.6973503227269358,0.8671753337702591,0.9178864590368098,0.6,2.4272088236631255,0.10759431258415975
LV019,invisible,Selection,mll,9.386249897714539,30.10535317165394,0.7388957726537388,0.7106166046737392,1.073694417986093,0.6,1.672855200384279,0.11260219183525702
LV019,invisible,Matching,mll,9.518449947262393,30.36975327074965,0.7338534260730663,0.8696893761843498,1.0946113993714899,0.6,2.3171633426452516,0.11132163967188163
LV021,invisible,Averaging,mll,157.86077900858177,335.37217756010773,0.3469235872442322,0.0017237957781114205,0.8564637200757252,0.6,1.0388896085202757,0.10016135348160402
LV021,invisible,Selection,mll,155.9447423620628,331.5401042670698,0.40144723900259194,0.29127907896524274,0.862575347141559,0.6,1.0069182527082012,0.1000779894170446
LV021,invisible,Matching,mll,157.81349645233868,335.27761244762155,0.3475282953203357,0.0004388429726261674,0.857008387307279,0.6,1.0374513983075793,0.10116477580013346
LV022,invisible,Averaging,mll,358.91459331064766,742.037543296993,0.5050814570321416,0.0001742952252789539,0.8664927724665265,0.6,1.0031397161991031,0.10017002242467443
LV022,invisible,Selection,mll,356.1534918352959,736.5153403462895,0.5406038191636597,0.2770097244527058,0.8513785349411479,0.6,0.947110714050203,0.10055472149990537
LV022,invisible,Matching,mll,360.8515031737043,745.9113630231063,0.49556483527875694,0.0002701204349271054,0.8569446158160592,0.6,1.0969090237389636,0.10013412185389434
LV023,invisible,Averaging,mll,696.3668273766884,1418.0525383754677,0.2944358349678988,6.886038141037532e-05,0.848269296189497,0.6,1.5183001342101983,0.10049284979294974
LV023,invisible,Selection,mll,680.1287457978191,1385.576375217729,0.3785818139033379,0.39058059426828023,0.8257420870554705,0.6,1.051588290013975,0.10019422332033105
LV023,invisible,Matching,mll,696.1217584639192,1417.5624005499292,0.2955176395730207,0.0052957764793018945,0.8537025417576241,0.6,1.6089838959364668,0.10066783141388971
LV024,invisible,Averaging,mll,352.793472706799,729.6320141112146,0.47402072037242393,0.0015371864389384124,0.8645996354245401,0.6,0.9470070668839979,0.10013605212679798
LV024,invisible,Selection,mll,319.2778283179378,662.6007253334923,0.6479521018098129,0.0006289692691241091,1.2801478173116148,0.6,1.1016329217873984,0.10025443560821559
LV024,invisible,Matching,mll,352.2966269492595,728.6383225961357,0.48418217274681385,0.016537264701726527,0.8583323633466848,0.6,0.8549011777672153,0.10067744988355422
LV025,invisible,Averaging,mll,448.2160261105101,920.9482530612623,0.36717167709049137,0.0001833793859772068,0.8542466849237544,0.6,1.0229518896092633,0.10025774963046724
LV025,invisible,Selection,mll,439.0832719972621,902.6827448347664,0.44638194627010974,0.30223553269379755,0.8589222576235346,0.6,0.8758596782027073,0.10019602328261919
LV025,invisible,Matching,mll,449.0049733450429,922.526147530328,0.36024835391824417,0.007733557880568536,0.8532441048200755,0.6,1.0995129616700448,0.10051588510780847
SV103,invisible,Averaging,mll,6.817836756440533,24.96852688910593,0.6368544318099818,0.0026614126104722506,0.8635597522358335,0.6,0.9773924007296076,0.10694148078130077
SV103,invisible,Selection,mll,6.822002291889339,24.976857960003542,0.6372774786850922,0.11158809008812,0.8586802999113106,0.6,0.9888168941591265,0.10115514083210386
SV103,invisible,Matching,mll,6.836710949399025,25.006275275022915,0.6340989147639156,0.00032686815319642615,0.8573775006904627,0.6,0.9648150615045895,0.12486573539476274
SV111,invisible,Averaging,mll,14.538244371993153,40.40934212021117,0.38223901183730213,9.834144959816203e-05,0.8497396839288623,0.6,0.9454951191984058,0.1018851036288968
SV111,invisible,Selection,mll,14.044477638572703,39.42180865337027,0.42744522845978783,0.33624774910524197,0.8295496168736348,0.6,0.8373944030506812,0.10015491534117209
SV111,invisible,Matching,mll,14.32854341536448,39.989940206953825,0.3961037076836078,0.059714877521531866,0.8689752307032887,0.6,0.8602156818788711,0.10234592880477429
SV113,invisible,Averaging,mll,29.248211705113317,72.60186550869128,0.49956531325324804,0.0027001754631039393,0.8534846602996744,0.6,0.8414472445151654,0.10158654632432884
SV113,invisible,Selection,mll,28.565794986227967,71.23703207092058,0.552014238567377,0.3129767076013784,0.8525008496619951,0.6,0.7622436697170748,0.1004441975438122
SV113,invisible,Matching,mll,29.085274897704757,72.27599189387416,0.5054480954111573,0.03588450178189945,0.8554357242068342,0.6,0.8093333267087257,0.1006669062532805
SV119,invisible,Averaging,mll,13.384893891479942,38.10264115918475,0.6727089999890377,0.5055917277298868,1.248208779305052,0.6,1.1899663279925017,0.10973480322591016
SV119,invisible,Selection,mll,13.246430886370806,37.82571514896648,0.6731748988399395,0.4817638628404527,0.7837857156425392,0.6,0.9591615337471286,0.10415329707972494
SV119,invisible,Matching,mll,12.988959427120538,37.31077223046594,0.7155396679337002,0.6501545487292948,2.9285421252541335,0.6,0.8948271140121334,0.36395689140579746
SV215,invisible,Averaging,mll,15.234744379718538,41.802342135661945,0.20438953655588954,0.0003098141035856893,0.8477352138632243,0.6,2.971623190957743,0.1011768160711386
SV215,invisible,Selection,mll,15.175344800980891,41.68354297818665,0.21039821643463164,0.2574784526290879,0.8412941995588695,0.6,2.780603001360479,0.10277038762495382
SV215,invisible,Matching,mll,15.212771047166672,41.75839547055821,0.20699927131232676,0.00020294366374385797,0.857712874827489,0.6,2.661748928669648,0.10320751014633753
LV001,5,Averaging,mll,176.3442156767798,375.1116396187436,0.9501379960508207,0.41325840532391434,2.9905007631297087,0.6,1.2402247625482399,0.8872918406623276
LV001,5,Selection,mll,181.34506489141964,385.11333804802325,0.9328694658584773,0.39989966117045767,2.997228686253868,0.6,1.3439336432834734,1.0507139176826374
LV001,5,Matching,mll,178.6037042281162,379.63061672141635,0.9492551541965997,0.07216647575907463,0.455588625017388,0.6,2.9568067065016743,1.6246041944836969
LV002,5,Averaging,mll,229.11831286766545,480.6598340005149,0.6556425631561358,0.7433719293894195,0.8269692993548611,0.6,2.9187173879294104,0.1074306831685149
LV002,5,Selection,mll,217.34460246181544,457.11241318881486,0.7433150543803122,0.6725658297776005,1.0065105725007606,0.6,2.3246525929379773,0.10279567889152312
LV002,5,Matching,mll,216.17174608090104,454.76670042698606,0.759330435449653,0.8318244675365097,1.1706896418197312,0.6,2.965090835434784,0.10192154182712919
LV003,5,Averaging,mll,256.49862457429174,535.4204574137675,0.7920060681906482,0.6838428806545869,0.8413792533241203,0.6,2.989556479427096,0.5796759699792761
LV003,5,Selection,mll,246.68401662888556,515.7912415229551,0.8699451662967012,0.6434896891907326,1.8411689889894485,0.6,1.717222320709638,0.9204862234676827
LV003,5,Matching,mll,251.95464149860902,526.3324912624021,0.8302254260693129,0.7639320740420315,0.9215948960014638,0.6,2.3166730728849894,0.7979186917211317
LV005,5,Averaging,mll,288.3702380896311,599.1636844444462,0.7100891235842165,0.12834402549660184,0.8341460021352496,0.6,1.9038330427135106,0.10175070856919823
LV005,5,Selection,mll,279.1538158201721,580.7308399055282,0.7892044544908733,0.4471750761059944,0.8509995089819992,0.6,1.2435661230145465,0.10053543695351348
LV005,5,Matching,mll,283.5605328223389,589.5442739098619,0.7492111193689476,0.40098337028125314,0.8727926080874954,0.6,1.4411957719646795,0.10196748088634366
LV007,5,Averaging,mll,185.99901716935085,394.4212426038857,0.9266956260854292,0.6715893424793609,0.5258874795074895,0.6,0.9104408278303923,2.335720062115496
LV007,5,Selection,mll,187.2154162190156,396.85404070321516,0.9240431063012263,0.5442399268575884,0.5019331248383422,0.6,0.8668805828530115,2.6707983599773923
LV007,5,Matching,mll,187.86658076188036,398.1563697889447,0.9168494134816317,0.6177791316063801,1.885011295553087,0.6,0.8371247537478981,1.3074126638163592
LV008,5,Averaging,mll,216.849118934707,456.121446134598,0.9022558699620281,0.0005055011412833106,0.8585682588357696,0.6,1.2079025914860386,0.11611199055196965
LV008,5,Selection,mll,216.7340427816448,455.8912938284736,0.8989546903914355,0.13615854489363854,0.8515060033003936,0.6,1.1704974891436655,0.10325095453922455
LV008,5,Matching,mll,216.7178509628595,455.858910190903,0.9009332069454888,0.0005638842834852989,0.8536852008774727,0.6,1.1909199538284057,0.1018315479161987
LV009,5,Averaging,mll,229.02725574179104,480.47771974876605,0.8892119976558008,0.023246902730643594,0.8507922495509258,0.6,1.2089757640782555,0.4764758209611497
LV009,5,Selection,mll,222.19255618771865,466.8083206406213,0.9161298143685094,0.29580899981683295,2.9795477820429586,0.6,1.2069897095677815,0.6689748302766425
LV009,5,Matching,mll,228.8530600278529,480.1293283208898,0.8874966135686431,0.001732145444740949,0.8896865610443495,0.6,1.129242004482515,0.5130547320247553
LV011,5,Averaging,mll,302.81395356244855,628.0511153900811,0.5709050139446161,0.0008283564486473141,0.8292088977034298,0.6,2.9981019549588286,1.8931480563457268
LV011,5,Selection,mll,294.74893413383614,611.9210765328563,0.6610680008076533,0.27806708546745107,0.9856106724092675,0.6,2.9485125067198084,0.10223048865157501
LV011,5,Matching,mll,297.8225313843722,618.0682710339285,0.6237257811473287,0.24641312177951755,0.9217512953372295,0.6,2.985591889944542,0.668408037741668
LV012,5,Averaging,mll,286.79213862318693,596.0074855115579,0.3639342274644338,0.0015628638125926087,0.8443949806161121,0.6,0.9972503302878285,0.10004637171152193
LV012,5,Selection,mll,271.18732263045575,564.7978535260955,0.47514903929731933,0.3777843864582231,0.841027390800316,0.6,0.7727714786607371,0.10162951249233952
LV012,5,Matching,mll,281.44807048152455,585.3193492282331,0.39769200157509443,0.07764584343013355,0.8556727163437282,0.6,0.853244259638452,0.10022769104332738
LV013,5,Averaging,mll,303.35542749618855,629.1340632575611,0.3401103911196077,7.495383209024566e-05,0.8615768621754121,0.6,1.240480571840131,0.10328566482909811
LV013,5,Selection,mll,300.3889475199934,623.2011033051708,0.3807339889005682,0.35697303631545396,0.8412491805519217,0.6,1.2081986508405749,0.10012033040439428
LV013,5,Matching,mll,303.63077133838675,629.6847509419575,0.3383241164432442,0.007958342476678712,0.856990711638535,0.6,1.2241900712650347,0.10061032230495472
LV015,5,Averaging,mll,218.43474062286361,459.2926895109112,0.8733320199090511,0.0013498405192023909,2.991318529527202,0.6,0.8582779709489525,1.0760291556129908
LV015,5,Selection,mll,218.41613679471246,459.2554818546089,0.87349199037739,0.23585504385215278,2.995890360720181,0.6,0.8593233678735792,1.0772920999846018
LV015,5,Matching,mll,218.41061005017633,459.24442836553663,0.8720351036135611,0.00034970573182880704,2.994564301221352,0.6,0.844585238676917,1.0791286864416978
LV016,5,Averaging,mll,309.1082748372662,640.6397579397164,0.534176218539896,0.0013083297725661012,0.8614407734847079,0.6,1.00737249891029,0.10009446938505337
LV016,5,Selection,mll,308.11764479224445,638.6584978496729,0.57754971566579,0.2656392091098952,0.85889319241695,0.6,0.9460080924556138,0.10041390879665855
LV016,5,Matching,mll,309.30157365198227,641.0263555691486,0.5336168250667617,0.0020355720829181956,0.8563698452643645,0.6,0.9612204901872172,0.10007644344866114
LV017,5,Averaging,mll,147.52327661245033,317.46976149008464,0.9451308406257126,0.010373119838981516,2.976420668285385,0.6,0.8392429760578531,1.000916528281844
LV017,5,Selection,mll,147.50968088815884,317.44257004150165,0.9451399195357082,0.23854070561611918,2.998702596626107,0.6,0.8413565271779391,0.9973027435174928
LV017,5,Matching,mll,147.5463940616973,317.51599638857857,0.9444496356197345,0.00036929934939389485,2.993343877560743,0.6,0.8371020952937787,0.9882981623247263
LV018,5,Averaging,mll,148.9425288010188,320.30826586722156,0.9356602948473959,0.992421629074472,0.904168332658403,0.6,0.9641460330551491,1.8903813731459542
LV018,5,Selection,mll,147.80960599455673,318.04242025429744,0.9420034918309931,0.9924792601812262,1.450346322836976,0.6,0.8144765944694029,1.3984669842659039
LV018,5,Matching,mll,148.40782489614932,319.2388580574826,0.9404241709196726,0.9708788471617967,1.9767267596919784,0.6,0.8980437666089861,1.2897612887294172
LV019,5,Averaging,mll,283.20732444195403,588.8378571490921,0.7449122435553706,0.9992742992195459,0.828659237235543,0.6,1.4018915177943176,2.4568260071663865
LV019,5,Selection,mll,276.6054512910764,575.6341108473368,0.7676449804699649,0.898888249866476,2.8702526812061273,0.6,1.0695611878645512,1.2168960029782279
LV019,5,Matching,mll,276.6602582895821,575.7437248443482,0.7688067274562772,0.9977774723916405,2.7218160707804677,0.6,1.107781154146638,1.288481344643333
LV020,5,Averaging,mll,278.57431811379263,579.5718444927693,0.8231754300973749,0.9995360884785193,0.8113571802278602,0.6,1.4496146157506968,2.924669724611024
LV020,5,Selection,mll,271.6733848026472,565.7699778704784,0.8482387306765514,0.835294948013519,2.8976990396326947,0.6,1.1628745400511662,1.6191081129443308
LV020,5,Matching,mll,271.9728070783075,566.368822421799,0.8475477539978494,0.9870056986735051,2.568176866602308,0.6,1.1726096323511768,1.6908334268586769
LV021,5,Averaging,mll,205.08405130742784,432.59131088003966,0.8872246489678771,0.003162965242572029,2.992108638173126,0.6,0.8379454780219735,0.9999340328483062
LV021,5,Selection,mll,205.08137634837442,432.5859609619328,0.8885291355394779,0.23568029335623383,2.996667689558182,0.6,0.8538883778307327,0.9957234491478503
LV021,5,Matching,mll,205.1018653907242,432.6269390466324,0.8871421555215183,9.47128545837901e-05,2.9853052567865546,0.6,0.8380771276175767,0.9963677848476933
LV022,5,Averaging,mll,261.23014476234005,544.8834977898641,0.8431836013720339,0.0005753895717845363,0.8579602652149951,0.6,1.3915336952258923,0.11195457441751533
LV022,5,Selection,mll,260.2585928966843,542.9403940585527,0.8469495043114068,0.0030910110351502124,0.9468745376461483,0.6,1.271984857896317,0.1344937203484188
LV022,5,Matching,mll,261.12149385016664,544.6661959655173,0.8405572423281055,0.004053365385869895,0.8626486025811244,0.6,1.2905909478379844,0.10619992242935346
LV023,5,Averaging,mll,375.37658647416265,773.1763812135093,0.29695271101482823,0.00042524762079888616,0.8513987387446427,0.6,2.475030649184573,0.10535449955427063
LV023,5,Selection,mll,372.06702483234744,766.5572579298789,0.3408012597765129,0.3698401757262691,0.7888603354916923,0.6,1.3111599220226728,0.10035521507279824
LV023,5,Matching,mll,373.7163175767609,769.8558434187058,0.31586126314779817,0.1633741521686174,0.8723105680690284,0.6,2.092523910904624,0.11009559350693097
LV024,5,Averaging,mll,366.82185284050126,756.0669139461866,0.47551919005816323,4.643686717718354e-05,0.8589013780444765,0.6,2.93938925082426,0.10506238590575331
LV024,5,Selection,mll,362.32153279692125,747.0662738590265,0.5426126494040944,0.3739321802573613,0.825052483990706,0.6,1.3179978337605,0.10294298759823362
LV024,5,Matching,mll,365.26216249494337,752.9475332550708,0.4955248641070943,0.10285615900159942,0.878404381967638,0.6,2.1389519604726663,0.10042504369993384
LV025,5,Averaging,mll,266.6440077881493,555.7112238414826,0.7473079720549078,0.0001991122579370354,0.8520418980734418,0.6,1.5190168320869513,0.1012590326030495
LV025,5,Selection,mll,266.6245052126983,555.6722186905806,0.7475724773001223,0.23849757854413503,0.8526166079943089,0.6,1.5244139591014187,0.10096152037676619
LV025,5,Matching,mll,266.63191293855243,555.6870341422889,0.7476564491678013,0.00039465528758868523,0.8528726661283051,0.6,1.534562599097117,0.10218037914733236
SV103,5,Averaging,mll,238.86169086603593,500.14658999725583,0.8819814422492408,0.6710195726015586,2.9951305260970753,0.6,1.0221785561858523,1.2583656895855344
SV103,5,Selection,mll,243.41969406016761,509.2625963855192,0.8485780657248766,0.5181310148549346,2.9000551944085093,0.6,0.9106917337555606,1.168477579470041
SV103,5,Matching,mll,242.08145864833386,506.5861255618517,0.8631381647363116,0.8044436757064841,2.9198438052608062,0.6,0.9376037326580489,1.1212763165310355
SV110,5,Averaging,mll,196.166263249784,414.755734764752,0.9048843117162737,0.7681028886792678,2.972574915799161,0.6,1.0250123600992789,1.336063708120343
SV110,5,Selection,mll,198.95930732488895,420.3418229149619,0.893670804365485,0.8354677710433561,2.9961168294506666,0.6,0.971648604477452,1.2420253657405256
SV110,5,Matching,mll,199.21656450996096,420.8563372851059,0.8935393535436552,0.9864066025140802,2.698372539048405,0.6,0.9719017169091021,1.283199470511358
SV111,5,Averaging,mll,241.9035820524674,506.2303723701188,0.8821900198698444,0.9992916037628914,0.6770142243829814,0.6,1.2073830128055858,2.996670014678625
SV111,5,Selection,mll,236.79467689797707,496.0125620611381,0.9045712799580233,0.8314248746270457,2.5829198658203554,0.6,1.109850058789055,1.832291916582442
SV111,5,Matching,mll,236.97210327976433,496.3674148247126,0.9045787396472453,0.999153662004073,2.269273976083392,0.6,1.0689453515587306,1.839962353088872
SV113,5,Averaging,mll,184.91853563026623,392.26027952571644,0.8866511329565936,0.9991591125930105,0.7201656383529101,0.6,1.4291403762516832,2.7914716304543026
SV113,5,Selection,mll,174.47088859242393,371.36498545003184,0.9236986678941941,0.7943042803675782,2.977239361640426,0.6,1.2362561993710965,1.5395636982026297
SV113,5,Matching,mll,175.58480141266645,373.5928110905169,0.922405466558824,0.9982081480982423,2.160218471733749,0.6,1.2064486042012752,1.5931547674815418
SV119,5,Averaging,mll,188.94625056132793,400.31570938783983,0.8822950466688466,0.353835666117263,2.998717875357746,0.6,0.9984055303886075,1.0256616243990282
SV119,5,Selection,mll,190.9924516984026,404.40811166198915,0.8758812618897471,0.4728150004750011,2.966969015070487,0.6,0.8830709510313272,1.0039503459216852
SV119,5,Matching,mll,192.34736473802508,407.11793774123413,0.875837883396746,0.16345061296132604,2.9937023322190663,0.6,1.0057468538626773,1.0684699869685412
SV201,5,Averaging,mll,150.1355196978025,322.69424766078896,0.9355928604010969,0.9410212649952965,0.6790127440172328,0.6,1.009869950427208,1.8552900471733211
SV201,5,Selection,mll,144.66308840544195,311.7493850760679,0.9500954781571338,0.6099032901410509,2.9823949005729773,0.6,0.8298264627029983,1.1551646336468626
SV201,5,Matching,mll,144.20174824656084,310.82670475830565,0.9515661485622686,0.8868777672062058,2.699557632098517,0.6,0.8317402294795476,1.1530600088119736
SV202,5,Averaging,mll,251.90367938517312,526.2305670355303,0.8687662254042454,0.0004079355005136889,2.998685989062411,0.6,0.8244829386213544,1.031580204389767
SV202,5,Selection,mll,251.91688959827914,526.2569874617423,0.8690856523279162,0.2361749216707217,2.9939319073932755,0.6,0.8291200748929416,1.0309963485150542
SV202,5,Matching,mll,251.9301298788598,526.2834680229035,0.8690122441627893,0.0003695824339030867,2.9942777809288144,0.6,0.8263042489105991,1.0334708730137383
SV203,5,Averaging,mll,188.53610145009003,399.49541116536403,0.8708629750640602,0.999952114645925,0.8517221181824436,0.6,1.154881060262229,2.128610115860725
SV203,5,Selection,mll,181.9029059240255,386.229020113235,0.8926057111080026,0.9010184823283076,2.4422822922386738,0.6,0.9309911855963411,1.3736483464924039
SV203,5,Matching,mll,181.8196615521789,386.0625313695418,0.8932323395874484,0.9973532364297294,2.5190036762719656,0.6,0.9177045371771275,1.38058096538323
SV204,5,Averaging,mll,219.0413970065863,460.50600227835656,0.855924670005122,0.999959154502341,0.846922799126963,0.6,1.293950125787583,2.3703563210473986
SV204,5,Selection,mll,212.96569950221414,448.35460726961225,0.8797329656882298,0.8420471651323552,2.6248045160309226,0.6,1.0184929327664005,1.5541812058904403
SV204,5,Matching,mll,212.94339178576783,448.30999183671963,0.879769028164761,0.9967772767618036,2.5350960236716014,0.6,0.9723670667146875,1.4774503324097346
SV205,5,Averaging,mll,155.19639306364232,332.8159943924686,0.9452026634748036,0.15997655934550004,2.988040008708962,0.6,0.9113385738025543,1.0598064833127865
SV205,5,Selection,mll,156.33450359799406,335.0922154611721,0.9455637469817143,0.35804630003564436,2.9952515288242787,0.6,0.9229538387441885,1.0987286676598955
SV205,5,Matching,mll,156.42405079101889,335.27130984722174,0.9455027983529849,0.001285843187983504,2.9694127630369977,0.6,0.9236997848602305,1.099607777328963
SV206,5,Averaging,mll,242.54580161728234,507.51481149974865,0.9088595950137057,0.8158228932518499,0.512024978411473,0.6,0.658623649156535,2.0387597047656842
SV206,5,Selection,mll,243.38677997011334,509.19676820541065,0.9009317849510062,0.23652494989980408,2.3422749239610536,0.6,0.4363270519220821,1.4959815960773095
SV206,5,Matching,mll,241.9467691440998,506.31674655338355,0.9150516157013947,0.3953517093746611,1.9369780562760057,0.6,0.4338716702058209,1.4896647608542954
SV207,5,Averaging,mll,216.75813793962283,455.9394841444296,0.8834309699120836,0.002241489033356137,2.9978186527339457,0.6,0.9202558659881431,0.9336799624778725
SV207,5,Selection,mll,219.13429356930402,460.691795403792,0.8759521906386095,0.289847598984156,2.3154028301571556,0.6,0.848637696940656,0.977675184047175
SV207,5,Matching,mll,216.79070669820288,456.00462166158974,0.8833618746649581,0.0003393623978089114,2.9915911499121357,0.6,0.9189896188864174,0.9356015553860833
SV208,5,Averaging,mll,227.27391294517216,476.9710341555283,0.8285870290832801,0.9997859437381693,0.6634262939515287,0.6,1.537680434058753,2.962697302227456
SV208,5,Selection,mll,219.85600598193,462.13522022904397,0.86220943252143,0.7875146989855963,2.718471590075786,0.6,1.1201111175675933,1.3258721691441802
SV208,5,Matching,mll,219.94369764927114,462.31060356372626,0.862514087816155,0.9978362369152282,2.3162984659030386,0.6,1.0990953930797134,1.418651337087509
SV209,5,Averaging,mll,185.86434613415534,394.15190053349465,0.9140435237772596,0.9891623291011905,0.9572873196598126,0.6,1.0582894147594624,2.2380277142989
SV209,5,Selection,mll,183.51795440430212,389.4591170737882,0.9243803971808664,0.8421931202201963,1.5659180470506378,0.6,0.968607061813351,1.6494551254818424
SV209,5,Matching,mll,184.21597519029294,390.85515864576985,0.9261880117614351,0.9868824399211498,1.968460214113454,0.6,0.9371338387823357,1.5753885179498572
SV210,5,Averaging,mll,245.52310538114577,513.4694190274755,0.8137343378278158,0.999551106788006,0.929931342068994,0.6,1.2065268771087685,2.117984630020305
SV210,5,Selection,mll,238.60171659701226,499.6266414592085,0.8333756141706719,0.8696879261748425,2.937060940056143,0.6,1.006653074326318,1.3301985362876876
SV210,5,Matching,mll,239.00191138349243,500.4270310321688,0.8333748022849525,0.9977848219199923,2.496309980403369,0.6,0.9967209336062278,1.3803284332810957
SV211,5,Averaging,mll,114.62156412816391,251.66633652151182,0.9725210593118404,0.5336330260357621,2.96235371604257,0.6,0.9093481713264354,1.058391540846582
SV211,5,Selection,mll,116.99305992163204,256.40932810844805,0.9649438474154617,0.48694237340429775,2.988368641631737,0.6,0.8320520040358896,0.9941408500765038
SV211,5,Matching,mll,117.15156291995504,256.72633410509405,0.964998571060454,0.47142306166092623,2.993457634726704,0.6,0.8648670918415773,1.0327732450423668
SV212,5,Averaging,mll,142.93286171207052,308.288931689325,0.9608444097236064,0.038061293735878785,2.8149897853729122,0.6,0.8974482189205247,1.0402542246135418
SV212,5,Selection,mll,144.35797440892526,311.1391570830345,0.9533481086494788,0.3299138075335659,2.5329725773880707,0.6,0.7698342675618425,1.0267194663551695
SV212,5,Matching,mll,142.4708593812838,307.36492702775155,0.9605166079561241,0.04055327092457464,2.9852857143732296,0.6,0.8662268126994783,1.0449847342077083
SV213,5,Averaging,mll,229.45379578648397,481.3307998381519,0.8504279504255108,0.9969829847703665,0.5897086666576337,0.6,1.2094614093183622,2.9937580708553857
SV213,5,Selection,mll,223.4743258997978,469.3718600647796,0.8838592230648601,0.8392504793201896,2.529925222354402,0.6,1.3550628328929906,1.7845825344873898
SV213,5,Matching,mll,222.57355371641972,467.5703156980234,0.8900926903172625,0.996088891055627,2.1971708236552057,0.6,1.019003706565532,1.5641722604079642
SV214,5,Averaging,mll,189.78738273965675,401.9979737444975,0.9106992321577134,0.019344630658373115,2.9949198562501573,0.6,0.8858050727057911,1.114321769644148
SV214,5,Selection,mll,189.84335350297795,402.10991527113987,0.911009012930167,0.3420427352306946,2.9994186866024832,0.6,0.8922665083099209,1.1194559793696137
SV214,5,Matching,mll,189.9076222744025,402.238452813989,0.9104429275443611,0.0012754382729889273,2.991226523457916,0.6,0.8821470107618815,1.1177907165690009
SV215,5,Averaging,mll,206.166790278652,434.756788822488,0.9201063344210958,0.9152142666252312,0.9673920487219869,0.6,1.6915803600652515,1.8856196020507128
SV215,5,Selection,mll,203.40734310278566,429.2378944707553,0.9341329674947237,0.7556826739202177,1.6258246292204552,0.6,1.0475703371204401,1.1381385613078077
SV215,5,Matching,mll,204.13216447773118,430.68753722064633,0.9307627235899221,0.9520064587645809,1.418668518164447,0.6,1.1269123049931007,1.1436994611078568
SV216,5,Averaging,mll,156.05771425676943,334.53863677872283,0.9386897228876872,0.7512870079514156,0.4740304201883541,0.6,0.9654157808623346,2.444073122110624
SV216,5,Selection,mll,153.49414945891903,329.411507183022,0.9423042601018591,0.5108166659320998,2.976960258855851,0.6,0.702814995087533,1.2076275762427218
SV216,5,Matching,mll,152.99529971279972,328.4138076907834,0.9457691786895233,0.6237772656651219,2.9308329638138857,0.6,0.7243751017703555,1.2755771747088827
LV001,10,Averaging,mll,210.05574203600352,442.534692337191,0.48035197474683755,0.0005457062165211987,0.8495054691452405,0.6,0.7609109545846172,0.10014061079265979
LV001,10,Selection,mll,205.97835457625231,434.3799174176886,0.5238370153068768,0.2799887801648784,0.8474877810592181,0.6,0.7547583651348534,0.10012758882085357
LV001,10,Matching,mll,209.6507716586865,441.72475158255696,0.477822643167088,0.0016745351415221473,0.8534622575999914,0.6,0.7865101124319771,0.10022113713009055
LV002,10,Averaging,mll,326.0534712059067,674.5301506769974,0.4997849450165224,0.8655688455447872,0.7617263701891664,0.6,2.995471769541841,0.24153306311942574
LV002,10,Selection,mll,309.70713201169195,641.8374722885679,0.6545823754060128,0.7897710581436539,1.1642044664064797,0.6,2.985408130696178,0.10151510171241324
LV002,10,Matching,mll,314.819657655256,652.062523575696,0.6061545651892041,0.8938102206368604,0.9687601716200842,0.6,2.9882769304644583,0.17249995094091236
LV003,10,Averaging,mll,284.04983124086436,590.5228707469128,0.7396461882578774,0.6926253143197864,0.9553442192769664,0.6,2.9234656156558216,0.4103785392148901
LV003,10,Selection,mll,275.56545269564526,573.5541136564746,0.8005784601241787,0.6394788288757822,1.3245921646035372,0.6,1.87233817618475,0.6725773949952897
LV003,10,Matching,mll,278.3920959390575,579.2074001432991,0.7837899812069324,0.7534512292189182,1.1264608673431895,0.6,2.964001586405817,0.21458428256846324
LV005,10,Averaging,mll,316.7809295572446,655.9850673796732,0.6203985707878494,0.09772955155618676,0.8444884623784397,0.6,2.983560842773528,0.12109029143378111
LV005,10,Selection,mll,312.4945907120458,647.4123896892756,0.6655653463048539,0.4169802209904303,0.8305680491669748,0.6,2.008830186228409,0.10409874707457718
LV005,10,Matching,mll,313.7457588928272,649.9147260508385,0.6532108293832282,0.2733246018889219,0.8821771428686164,0.6,2.2812543539178205,0.11024411029883872
LV007,10,Averaging,mll,178.51033720323602,379.443882671656,0.9408430613621993,0.6237731051189362,2.995261229379822,0.6,1.0786658982218498,1.3163181089045868
LV007,10,Selection,mll,183.12980236710786,388.6828129993997,0.9151662002158204,0.9972914855545463,2.8443789324385764,0.6,0.9423831874643478,1.0611988259735112
LV007,10,Matching,mll,181.16643879378134,384.75608585274665,0.9274646329363118,0.7480613509931026,2.9878557955432727,0.6,0.9492307712069333,1.125534017268166
LV008,10,Averaging,mll,234.62616280648763,491.67553387815923,0.4857555627141752,0.0002091783315748019,0.8524173939322052,0.6,0.8547747248538394,0.10022607780487221
LV008,10,Selection,mll,231.54243958749345,485.50808744017087,0.5337189003853767,0.2749545012341123,0.8493346351088477,0.6,0.8117436422828601,0.10022989898469686
LV008,10,Matching,mll,234.4641341615424,491.3514765882688,0.48716568123161974,0.0021220139183115343,0.8549532230095012,0.6,0.8565228702240759,0.10084585110897963
LV009,10,Averaging,mll,224.72105424734445,471.8653167598729,0.9086837126963015,0.0038140838297374057,0.8671869947175328,0.6,1.2074993538333814,0.2745705584599024
LV009,10,Selection,mll,217.85473361622425,458.1326754976325,0.9270511473522033,0.23338567595895382,2.9989453879614603,0.6,1.1241358837638344,0.5956083208095924
LV009,10,Matching,mll,224.89577957354365,472.21476741227127,0.906609151544968,0.0010944307273730535,0.9063538840628792,0.6,1.2543248915795167,0.19632810188760108
LV011,10,Averaging,mll,267.27087050785514,556.9649492808943,0.6447593303063992,0.0017011516731576097,0.8275551268979561,0.6,2.9690354722400896,2.7014616118623276
LV011,10,Selection,mll,257.2468785193007,536.9169653037854,0.7449257103396318,0.1583167920558409,1.215371164454292,0.6,2.994592829880394,2.7602911156351535
LV011,10,Matching,mll,265.9259590119907,554.2751262891654,0.6578646912655739,0.029130730930844468,0.8618382789300495,0.6,2.9948726646607935,2.4547228842014963
LV012,10,Averaging,mll,266.8745257106503,556.1722596864846,0.39349112303890743,0.000257490887627707,0.8531629305167919,0.6,1.00276839836097,0.10018660295832811
LV012,10,Selection,mll,261.7894472194373,546.0021027040586,0.44989754950072103,0.3213151019631564,0.8467814431972677,0.6,0.9249821838777486,0.1001986389542551
LV012,10,Matching,mll,266.6590002215571,555.7412087082982,0.3950724068617304,0.0008073792707105839,0.8559262815896392,0.6,1.0013983738690841,0.10175344695563991
LV013,10,Averaging,mll,269.31051554723274,561.0442393596495,0.4561260992299798,0.0002833134192973946,0.8621437912530922,0.6,0.9476872657467887,0.10035183768743063
LV013,10,Selection,mll,267.3920197493911,557.2072477639663,0.49683984654485824,0.2832026958047667,0.8446676715343349,0.6,0.9158510367315201,0.10007580305318617
LV013,10,Matching,mll,270.0469906081602,562.5171894815044,0.4504929248054069,0.008135557335530284,0.8543503956418601,0.6,0.9521026214833018,0.10015080962916677
LV015,10,Averaging,mll,153.77933657825582,329.9818814216956,0.932743881684809,0.0029468882225199065,2.994969583615505,0.6,0.9244168465406065,0.9782481618047089
LV015,10,Selection,mll,153.76329460640181,329.9497974779876,0.9330176306006364,0.2224188104489725,2.9989437558335093,0.6,0.9258408899869249,0.9802085136469232
LV015,10,Matching,mll,153.90884483080816,330.2408979268003,0.9323666656278602,0.0005124536914034449,2.979728941483909,0.6,0.9157752573545417,0.992380357034125
LV016,10,Averaging,mll,277.36024040051865,577.1436890662213,0.4375341874027525,0.00010746238513871807,0.8605595763840544,0.6,0.9534989875776714,0.10005533553724101
LV016,10,Selection,mll,274.7294967839192,571.8822018330225,0.4930666615180874,0.28431702862281516,0.8458431885389556,0.6,0.8461547511051462,0.10004384106578866
LV016,10,Matching,mll,278.066550470939,578.556309207062,0.43526756343201223,0.0012888181506148645,0.8537870376231045,0.6,0.9153852385065527,0.10016784285573259
LV017,10,Averaging,mll,169.2147070057061,360.85262227659615,0.934530703630382,0.00016484911743915877,2.9960236934056437,0.6,0.8031134193357228,1.073937202160507
LV017,10,Selection,mll,169.2237179021737,360.87064406953135,0.9353294343816837,0.23573367741313314,2.996047645513073,0.6,0.8031504101684573,1.0915069574070713
LV017,10,Matching,mll,169.2536762851817,360.9305608355474,0.93451698520377,0.0003682863920378829,2.9854838023871095,0.6,0.8038550645032702,1.0713424445388329
LV018,10,Averaging,mll,187.88013146317235,398.18347119152867,0.9154504899541132,0.7611147681623212,2.985303035506381,0.6,1.032071709586809,1.372539994129153
LV018,10,Selection,mll,190.36594797338705,403.1551042119581,0.9064153220752384,0.7479992379928204,2.933040824264752,0.6,0.9297172798957954,1.3198551281781672
LV018,10,Matching,mll,190.3916994419206,403.20660714902516,0.9068029787504718,0.9860621174416383,2.6954448290237543,0.6,0.9439983372771775,1.3719746400913029
LV019,10,Averaging,mll,198.7018852702796,419.8269788057432,0.8717251807421982,0.9986027642288616,0.7571257577972131,0.6,1.4028050640253815,2.8718223138722667
LV019,10,Selection,mll,193.15038232301896,408.7239729112219,0.894744517688072,0.823555749358505,2.7069157806073996,0.6,1.141490228604362,1.3975262327435793
LV019,10,Matching,mll,193.25239529781464,408.92799886081326,0.896107609293502,0.9987630027847055,2.251912919073918,0.6,1.1117501177204059,1.534774244058946
LV020,10,Averaging,mll,322.8048292393124,668.0328667438089,0.7069037796327153,0.9999318522094569,0.7232878992202315,0.6,1.4275942524961474,2.9842555196130354
LV020,10,Selection,mll,315.50616454661974,653.4355373584235,0.7481684594185204,0.9698511382220013,1.2900606324429973,0.6,1.7905605647962655,2.9979590950647146
LV020,10,Matching,mll,315.11748805339107,652.6581843719662,0.7499664012245686,0.9950498016080357,1.3870617347268446,0.6,1.7895686561806337,2.9849220799757354
LV021,10,Averaging,mll,267.31023315379645,557.0436745727769,0.8158630860588509,0.00594583377341631,2.991684659127561,0.6,0.9883272680357953,0.9627683670507589
LV021,10,Selection,mll,267.2886482851511,557.0005048354863,0.8159733937135666,0.024521392979018324,2.996590322706305,0.6,0.9882822410145525,0.9647152671818836
LV021,10,Matching,mll,267.33614290979256,557.0954940847691,0.815106173748385,0.0003838049224115681,2.982157688588492,0.6,0.9739264192474189,0.9656635155164167
LV022,10,Averaging,mll,224.23032165074056,470.8838515666651,0.8553971188128088,0.0005207767821994475,0.8618339670816454,0.6,1.1223024723080948,0.10133964927918246
LV022,10,Selection,mll,224.2045850082038,470.83237828159156,0.8557850518983727,0.15527772954341088,0.8720943801165033,0.6,1.111892346167915,0.13812542948286233
LV022,10,Matching,mll,224.3749356873211,471.1730796398262,0.855998104236311,0.0002896327914073415,0.856795099798748,0.6,1.1323566226666475,0.11081808950462614
LV023,10,Averaging,mll,335.7948580013268,694.0129242678377,0.38337724435256715,0.00037907716107990946,0.8445073361679029,0.6,2.5760252614570898,0.10467759069919591
LV023,10,Selection,mll,333.2357400084644,688.8946882821128,0.4129321282254078,0.35727583360753534,0.7858970216835072,0.6,1.4121494745556842,0.10080428728167719
LV023,10,Matching,mll,334.9144178281095,692.252043921403,0.39310771399262023,0.06189904234363737,0.8576910819234104,0.6,2.1479205756553923,0.10137419247833611
LV024,10,Averaging,mll,398.40849656625346,819.240201397691,0.25533167328865347,0.0002515033313771635,0.8487513456146026,0.6,2.5607572967865244,0.10276426719619251
LV024,10,Selection,mll,393.3376864724206,809.0985812100253,0.32341547903809276,0.363766468946084,0.8277973605699703,0.6,1.3522757392978428,0.10130069574097418
LV024,10,Matching,mll,398.2316981737242,818.8866046126325,0.25699804080056254,0.032577487256515554,0.8505553285211259,0.6,2.5361617338826155,0.10037197707389536
LV025,10,Averaging,mll,231.8752118405459,486.17363194627575,0.7684533509958553,5.659299088513111e-05,0.8611985586138879,0.6,1.023534068758154,0.10106779667456463
LV025,10,Selection,mll,232.44862232414653,487.320452913477,0.7821370850617384,0.23563943415110378,0.8545407770158113,0.6,0.9559874120412318,0.10019435497129295
LV025,10,Matching,mll,232.10123224443927,486.6256727540625,0.7665345762967566,0.0015960882290212963,0.8557191300674689,0.6,1.0243719288414252,0.1002756591726523
SV103,10,Averaging,mll,235.94693569379328,494.31707965277053,0.8528130332222184,0.6341131294141049,2.9818074663444722,0.6,1.1063073454152923,1.1644843293475788
SV103,10,Selection,mll,240.20293374354102,502.829075752266,0.8237761946150378,0.9515919435939098,2.9939531763795557,0.6,0.9202483115427887,0.9349569875591215
SV103,10,Matching,mll,238.82215566185553,500.06751958889504,0.8355100995948717,0.7887389646793975,2.998889809297635,0.6,0.9797271663816634,1.0303968577531806
SV110,10,Averaging,mll,188.9771789472909,400.37756615976576,0.8786465598355362,0.9991237983727066,1.2165223172032493,0.6,1.3891868692138993,2.5132687654663584
SV110,10,Selection,mll,186.20373110037212,394.8306704659282,0.886227908648961,0.8648610278010709,2.3830814144508947,0.6,0.906158348053982,1.4015130062093233
SV110,10,Matching,mll,186.21184067050493,394.8468896061938,0.8870535995216379,0.9858920228640615,2.088785093269925,0.6,0.9623509257732533,1.4782932091066412
SV111,10,Averaging,mll,293.2310261298318,608.8852605248476,0.7921741397871054,0.9993696512965159,0.6741042224653515,0.6,1.0797895440554246,2.995821270538239
SV111,10,Selection,mll,283.2003286655634,588.8238655963108,0.8247460171500716,0.8163418405164354,2.9784400965209876,0.6,1.5221904928308474,2.8034976977793713
SV111,10,Matching,mll,284.7023612035052,591.8279306721944,0.8217750608137769,0.9950670792256237,1.5502295443486767,0.6,1.4001366130670334,2.9485992646480317
SV113,10,Averaging,mll,206.85376051753536,436.1307293002547,0.8556317334994485,0.9965783990665346,0.9997563596857788,0.6,1.9449941445150636,2.865635657716118
SV113,10,Selection,mll,201.99509155288158,426.4133913709471,0.8729239288438204,0.7570679666116676,2.869775183420447,0.6,1.214253718985602,1.3625764807755232
SV113,10,Matching,mll,203.03536436589118,428.49393699696634,0.8704169602829847,0.9868443870715924,2.0771815983686617,0.6,1.14206419350138,1.4035593227443297
SV119,10,Averaging,mll,159.31640146628138,341.0560111977467,0.954629319879935,0.2539860351324105,2.9453181231178696,0.6,0.8929136889842888,1.1421042064914266
SV119,10,Selection,mll,161.5338993351625,345.49100693550895,0.9488606717300875,0.32968041021961125,2.953946337190774,0.6,0.9130602307796821,1.2133059276182143
SV119,10,Matching,mll,160.79257041135875,344.0083490879015,0.9507186651862353,0.07966095524372223,2.9849838771151322,0.6,0.8935022378804961,1.1652463578928567
SV201,10,Averaging,mll,150.06179040914964,322.54678908348325,0.9313060133406422,0.6593855469843491,2.9965059719826552,0.6,1.0885775833025133,1.360345173342025
SV201,10,Selection,mll,154.15592481136935,330.73505788792266,0.9129641419464596,0.5840787034559768,2.9770504757419745,0.6,0.9748186335858338,1.2278634196659222
SV201,10,Matching,mll,153.14632560584016,328.7158594768643,0.9151140626720335,0.8137710305315837,2.985426439201173,0.6,0.9354973662071916,1.1378232167679447
SV202,10,Averaging,mll,180.05852327738774,382.54025481995944,0.9254719731162837,0.01080736680371847,2.9360165973879786,0.6,0.8145774990765933,1.0538178595628833
SV202,10,Selection,mll,180.04429060873844,382.51178948266084,0.9254445044475186,0.23054905475250317,2.9679006747558305,0.6,0.8135463547495815,1.0552750136715403
SV202,10,Matching,mll,180.11690754403594,382.65702335325585,0.9248950447088032,0.0011274017877960596,2.907742337352024,0.6,0.8104469835248824,1.0498793864197704
SV203,10,Averaging,mll,221.29394264329093,465.01109355176584,0.7814756994644542,0.9993240902770627,0.6362677776809135,0.6,1.447396469874458,2.965077024373393
SV203,10,Selection,mll,206.00933459200093,434.4418774491858,0.8431116752343899,0.8063987657152711,2.9934556701635784,0.6,1.4704166149067577,1.8024750012932835
SV203,10,Matching,mll,206.6928789771889,435.8089662195618,0.8387677324653395,0.990672455286973,2.699099799055224,0.6,1.1876257862634478,1.3816663974197971
SV204,10,Averaging,mll,263.3257669897871,549.0747422447582,0.802370777604542,0.9999428482316736,0.718858139921329,0.6,1.0978127115420737,2.9885447992586798
SV204,10,Selection,mll,259.71568529427395,541.8545788537319,0.8205741608272484,0.8718919925881932,2.0185572865344414,0.6,0.8540545412519601,1.811647388997283
SV204,10,Matching,mll,259.4636675955887,541.3505434563614,0.8223669187167261,0.999920087145545,2.4364636497170467,0.6,0.8255461549317765,1.7440884292418553
SV205,10,Averaging,mll,212.00941493725986,446.4420381397037,0.9165352858623745,0.30257855406005135,2.977307705157734,0.6,0.92703440378194,0.9991015858325415
SV205,10,Selection,mll,211.68139699090628,445.78600224699653,0.9149102776443612,0.4559977770357193,2.9938921388789126,0.6,0.8123397320157483,1.1009412908172975
SV205,10,Matching,mll,212.22275778060595,446.86872382639586,0.9139355832280729,0.18266316479845182,2.998017244491312,0.6,0.8424932489252408,1.0442041704736025
SV206,10,Averaging,mll,217.23194015490517,456.8870885749943,0.9035207464482108,0.5464372382233564,0.6326458727963552,0.6,1.0669959743742212,2.641093424304871
SV206,10,Selection,mll,215.24616800378453,452.91554427275304,0.9142806687623485,0.14586081101893877,1.075493512233602,0.6,0.9360804722603627,1.7797208911291245
SV206,10,Matching,mll,212.9441678549806,448.3115439751452,0.9215797308626887,0.05058640619336177,1.9947032308700798,0.6,0.904825444730513,1.5589396710862082
SV207,10,Averaging,mll,174.86611325314294,372.15543477146986,0.908561014715474,0.002020691897852135,2.998294043473722,0.6,0.8919845238733423,1.0210852311849095
SV207,10,Selection,mll,174.8908599375215,372.20492814022697,0.9080503676709129,0.2315973970346131,2.99338447293408,0.6,0.8874325228717946,1.019164150198793
SV207,10,Matching,mll,174.86907343419767,372.1613551335793,0.9081314435948037,0.00067438821210798,2.998646876783417,0.6,0.8877020371361051,1.0194421003275491
SV208,10,Averaging,mll,233.59570371508315,489.61461569535027,0.8582701497662382,0.9995109579567255,0.6501823625001283,0.6,1.301211395181066,2.992294350720483
SV208,10,Selection,mll,227.72447701437932,477.8721622939426,0.8881925157105692,0.9228348911611629,2.5531704515807485,0.6,1.2926507375466338,1.719242561348295
SV208,10,Matching,mll,227.82533877060604,478.07388580639605,0.8878511670348442,0.9996714873870284,1.9166322946873322,0.6,1.1964639779436812,1.7516382689653165
SV209,10,Averaging,mll,211.1463350818878,444.71587842895957,0.8246661002425019,0.9939668522109055,0.646796987423379,0.6,1.416432138286735,2.928159947960775
SV209,10,Selection,mll,198.40680993680917,419.2368281388023,0.8796405790515377,0.7769794661015094,2.9896440191932925,0.6,1.5002739820160071,1.855527470848578
SV209,10,Matching,mll,199.97574004293404,422.37468835105204,0.87665065168697,0.9874166513910625,2.0479347086050295,0.6,1.4091815135308436,2.0485678344510707
SV210,10,Averaging,mll,138.9768925114227,300.3769932880294,0.9223880524818917,0.969180061275086,2.065614912975291,0.6,0.7086878418467443,1.4371679271768156
SV210,10,Selection,mll,138.5922951994062,299.6077986639964,0.9239458889086026,0.759510040893693,2.8020964657578764,0.6,0.7150135740742409,1.393059002523172
SV210,10,Matching,mll,138.67065825774043,299.76452478066483,0.9239339309776177,0.9983805265835549,2.7029385343564503,0.6,0.6763236324934602,1.3916562784855928
SV211,10,Averaging,mll,167.7618250383707,357.94685834192535,0.9524877265294782,0.436285313492423,2.99352543783196,0.6,0.8389311595197742,1.2020784189445326
SV211,10,Selection,mll,170.57904281934586,363.5812939038757,0.9435557349641835,0.49228987698418397,2.963856341843404,0.6,0.7823642338304525,1.109283068806199
SV211,10,Matching,mll,170.4258821417738,363.27497254873157,0.9433375845082381,0.43102930029735315,2.9641552078314253,0.6,0.8088254910778637,1.1586163889333074
SV212,10,Averaging,mll,167.37829997241374,357.17980821001146,0.9502970781166625,0.08878902210390388,2.9932253904847075,0.6,0.8611583846517057,1.0897190372582812
SV212,10,Selection,mll,168.04501882096466,358.5132459071133,0.9491451608562922,0.37905752231250855,2.9634403936511093,0.6,0.8492563586890881,1.0950115502804973
SV212,10,Matching,mll,167.93493936247717,358.2930869901383,0.9497174068788574,0.01804048205087983,2.9969205039240596,0.6,0.85805637526143,1.1008170744403916
SV213,10,Averaging,mll,187.54468968647532,397.5125876381346,0.8974378497692601,0.9996426149753932,0.7926702339862044,0.6,1.2931384819270608,2.519653357861226
SV213,10,Selection,mll,181.63773363490753,385.69867553499904,0.9169959172873928,0.8081492389099608,2.907362233694346,0.6,0.9727169135089551,1.3995269344412942
SV213,10,Matching,mll,181.75171842258686,385.9266451103577,0.9160964857506416,0.9859702919329738,2.791520640042911,0.6,0.9665030825402824,1.3880577202159328
SV214,10,Averaging,mll,173.53106724520597,369.4853427555959,0.9279541996500079,0.11517831949353677,2.997873860034313,0.6,0.7796141592660123,1.0486371350923624
SV214,10,Selection,mll,173.50962399926453,369.44245626371304,0.9315861794896149,0.3498667188425342,2.959628894724053,0.6,0.8253786959983721,1.0658798639882618
SV214,10,Matching,mll,173.44862023065687,369.3204487264977,0.932472376526211,0.0009507266047035904,2.9910910516379494,0.6,0.8389256017755313,1.0684264594656767
SV215,10,Averaging,mll,238.79213491198857,500.0074780891611,0.8729065183545455,0.8847115417432961,1.781085188730768,0.6,1.240194615907402,1.1553300320352076
SV215,10,Selection,mll,235.4307050626052,493.28461839039437,0.8774170541613445,0.6637400377299167,2.8588386446925576,0.6,1.0959460255176463,0.9453813538864178
SV215,10,Matching,mll,236.20083826108285,494.8248847873497,0.8750476353694545,0.8913931560861573,2.9977366570123563,0.6,1.159194014596083,0.9461940755607972
SV216,10,Averaging,mll,197.82517236389222,418.0735529929684,0.9246007580617807,0.5855954620955726,2.930958431484218,0.6,0.9358131764031092,1.165670081942511
SV216,10,Selection,mll,201.58150283019768,425.58621392557933,0.9081468482752181,0.5268504802063458,2.7795888750093183,0.6,0.7913327770353508,1.0533955770896957
SV216,10,Matching,mll,200.9802346606885,424.38367758656096,0.9115167828952638,0.6765504253897565,2.9473169184541885,0.6,0.8621540393251929,1.0653816480646214
LV001,15,Averaging,mll,312.14484834568043,646.7129049565449,0.33951505040992236,0.00015055264332511608,0.8528354538932117,0.6,0.786974234380093,0.10011177865712899
LV001,15,Selection,mll,307.2211404516658,636.8654891685156,0.3936925722250697,0.2794398080610696,0.8520772217571446,0.6,0.7709773337665978,0.1001300440440999
LV001,15,Matching,mll,312.14139963481074,646.7060075348055,0.3287348523288641,0.003505290511280885,0.8545578037636391,0.6,0.8291520940797261,0.10047022892514723
LV002,15,Averaging,mll,301.4947653386016,625.4127389423873,0.5296942056561302,0.8967727300973649,0.7976412696489358,0.6,2.9415072215766864,0.19076161925620813
LV002,15,Selection,mll,290.6255683101372,603.6743448854585,0.6201178923080188,0.7750032502929654,0.9533005503372324,0.6,2.989819503517499,0.2718088310190064
LV002,15,Matching,mll,291.88551221434057,606.1942326938652,0.6109977798159418,0.8811052862106513,0.9525986295708131,0.6,2.998468593004023,0.14492729657865602
LV003,15,Averaging,mll,250.19803601554725,522.8192802962785,0.7722371287603279,0.5576208581841577,0.835870123674813,0.6,2.780624535227785,0.14088812167915007
LV003,15,Selection,mll,240.8239083137195,504.071024892623,0.8496685564834229,0.5327824443519842,0.9109186814956598,0.6,2.182631113251018,0.10195851233198949
LV003,15,Matching,mll,238.6447208029704,499.71264987112477,0.8684517970697735,0.6763444959011353,2.031992973737227,0.6,2.733174319118266,0.11714659578782619
LV005,15,Averaging,mll,253.65769334983327,529.7385949648506,0.825716633897615,0.250274465102269,0.8120144689339723,0.6,2.0509730801752215,0.12088061349226958
LV005,15,Selection,mll,246.39475352692713,515.2127153190382,0.8864957822436801,0.48062479773588346,0.9076340846549705,0.6,1.4552241222954727,0.10240987990139308
LV005,15,Matching,mll,246.14952001186566,514.7222482889154,0.8808135529315136,0.5414638553953128,2.4876497895032466,0.6,1.3715835309032425,0.4463130289943464
LV007,15,Averaging,mll,184.52675835780659,391.47672498079714,0.8945599022725396,0.527583955760859,2.9798120594563797,0.6,1.2955351312641774,1.4116087350396538
LV007,15,Selection,mll,188.0048781346291,398.4329645344422,0.8749007276025322,0.5633193535212607,2.8976726466886245,0.6,1.4096180030198777,1.683769280286022
LV007,15,Matching,mll,190.2172577981376,402.8577238614592,0.8731587690372827,0.755792044615239,1.0171187732997424,0.6,1.2944694801772763,2.0597358683625546
LV008,15,Averaging,mll,218.46012034077847,459.3434489467409,0.4861269396215929,0.00019672952220762996,0.8639827101801394,0.6,0.8553199662248256,0.10037178224259892
LV008,15,Selection,mll,215.4663658146057,453.35593989439536,0.5294213226869924,0.27739524055716014,0.8465320276237945,0.6,0.8049565686607457,0.10004982846048546
LV008,15,Matching,mll,219.3089621026177,461.04113247041937,0.47960481452942183,0.0014881612604080066,0.8560457371423599,0.6,0.8567615437865642,0.10099581407734361
LV009,15,Averaging,mll,261.59575470633985,545.6147176778637,0.8212895056831139,0.00020780025249502197,0.8515716182405221,0.6,1.181042705238719,0.1194300364321375
LV009,15,Selection,mll,259.15710745888487,540.7374231829538,0.8427970520812716,0.0010815892546527659,1.1442536570402937,0.6,1.2278940019513114,0.15730162189593455
LV009,15,Matching,mll,261.43910654888754,545.3014213629591,0.8241777757839155,0.0015898097495160403,0.8669951522709493,0.6,1.1990933253358815,0.1171625157488772
LV011,15,Averaging,mll,246.62695316737108,515.6771145999262,0.7426573022082705,0.0004165481112243009,0.8500246020586008,0.6,2.9986745920780566,0.39905304323553775
LV011,15,Selection,mll,244.7488508808721,511.9209100269282,0.7617842171596786,0.29711298638626654,0.8492479186868366,0.6,2.4034608111357,0.10458700097446234
LV011,15,Matching,mll,244.9555689506188,512.3343461664216,0.7592645765606534,0.04783914938441546,0.8800479796709152,0.6,2.9495215391548264,0.194079969472113
LV012,15,Averaging,mll,269.4369416552735,561.297091575731,0.37215056152081794,0.00014924468902189776,0.8553041376575866,0.6,0.9088538297791903,0.10018362466640002
LV012,15,Selection,mll,264.1860719038788,550.7953520729417,0.4326417338619277,0.3014283678538116,0.8477923072561427,0.6,0.8442131569165527,0.10016019724704553
LV012,15,Matching,mll,269.4085046001612,561.2402174655065,0.3715310115540903,0.0008316384663167416,0.8566069564900116,0.6,0.9152750949260765,0.10093180848977062
LV013,15,Averaging,mll,338.14305182785483,698.7093119208937,0.2598589971030739,0.0003262766679584072,0.8543465917669854,0.6,0.9473130710083166,0.10038215379664693
LV013,15,Selection,mll,331.62474682655784,685.6727019182997,0.34278773324395106,0.3029403858844758,0.8595131923429302,0.6,0.8602300563267136,0.10014035850244665
LV013,15,Matching,mll,337.96045725679085,698.3441227787657,0.2609136174249824,0.0016675948183996203,0.8564014967998925,0.6,0.952371934034344,0.10014127801686812
LV015,15,Averaging,mll,176.12164577068754,374.66649980655905,0.9160833436001923,0.097037293503693,2.994224429103851,0.6,0.9076582816601313,0.9029711443570545
LV015,15,Selection,mll,176.48742279858405,375.39805386235207,0.9189499946918647,0.20943480351428934,2.9975556134872736,0.6,0.9204106326875255,0.9690491855088099
LV015,15,Matching,mll,176.40559806585867,375.2344043969013,0.9188331203757168,0.0003917559810571805,2.997873874593368,0.6,0.9242442989181853,0.9530239881071683
LV016,15,Averaging,mll,310.84171322207385,644.1066347093317,0.3354894857935231,8.212645771498281e-05,0.8617372550350495,0.6,0.8598248395805304,0.10041024977797576
LV016,15,Selection,mll,307.287714382973,636.99863703113,0.38556484073590636,0.2823040148031877,0.8472397163422275,0.6,0.8061671263441121,0.10010250419550945
LV016,15,Matching,mll,311.39746466085546,645.218137586895,0.3325035383753996,0.0015645456542025392,0.8562554010565607,0.6,0.8545132153417685,0.10032964260773856
LV017,15,Averaging,mll,227.75413904822443,477.93148636163284,0.8301622633988679,0.00023717914218280358,2.9991879001915898,0.6,0.8600626399844272,1.0476952122832432
LV017,15,Selection,mll,227.73983644682176,477.9028811588275,0.8303969896773538,0.23595776415986738,2.9970824426354277,0.6,0.8610442743547438,1.0489114926423833
LV017,15,Matching,mll,227.76816930494192,477.9595468750678,0.8301514246125168,0.00036965090365023457,2.996465038118638,0.6,0.8602223421457519,1.0474776382081343
LV018,15,Averaging,mll,214.5203690305028,451.46394632618956,0.8785647186760349,0.7263034972346777,2.994622614275585,0.6,1.044969822734175,1.385007739051997
LV018,15,Selection,mll,217.8607364847877,458.1446812347594,0.8667440715509576,0.7609637968481733,2.995070718673707,0.6,1.1917321025865855,1.4984420279339463
LV018,15,Matching,mll,218.04530504876783,458.51381836271963,0.8669127653644118,0.9857631671013372,2.2066157724483535,0.6,0.9935818270316512,1.4174365548021486
LV019,15,Averaging,mll,205.32692266512083,433.07705359542564,0.8453589401690289,0.9992469792871823,0.692493170231288,0.6,1.8997549329873584,2.9827418201776252
LV019,15,Selection,mll,199.73445114346003,421.89211055210404,0.8832480831334416,0.9506783211446611,1.140543749895075,0.6,2.183315347515788,2.838869441796438
LV019,15,Matching,mll,199.35167037954653,421.12654902427704,0.8862323507044453,0.9949949649366399,1.4017055707645771,0.6,1.7132439764383687,1.894031507151212
LV020,15,Averaging,mll,188.6451880052693,399.71358427572255,0.9113205479884149,0.9923460609549438,0.9077234384730047,0.6,1.2055301532380216,2.766779957802878
LV020,15,Selection,mll,187.15537889257737,396.7339660503387,0.9236108376221743,0.9122362199978902,1.6718496368682036,0.6,1.1381298192220815,1.852295977528131
LV020,15,Matching,mll,187.15505713953638,396.73332254425674,0.923351453263009,0.9990048082827033,1.6789819635695096,0.6,1.2072402603119847,2.0614570615332934
LV021,15,Averaging,mll,245.57584467254762,513.5748976102792,0.8330283988644314,0.00040321277953823503,0.8643042684677789,0.6,1.3970691477086719,0.1009415126444847
LV021,15,Selection,mll,234.69272705101974,491.80866236722346,0.8766736791500809,0.23564843335675908,2.997333951499807,0.6,1.2968824916173078,0.47993804594810535
LV021,15,Matching,mll,245.7309530004979,513.8851142661798,0.8324490593832894,0.0013384926628620898,0.857073239911686,0.6,1.4200629828495155,0.11143619259514118
LV022,15,Averaging,mll,224.33711370176593,471.09743566871583,0.7295598702174249,0.0002419270147767379,0.8545117475043807,0.6,1.1433948648014758,0.10029780892785829
LV022,15,Selection,mll,224.41440300801622,471.2520142812164,0.7289452287529168,0.14898842532488726,0.852427159358423,0.6,1.144278297122125,0.10044123080486539
LV022,15,Matching,mll,224.1109494242856,470.64510711375516,0.7327164470890124,0.0014660161470138342,0.8598370107466403,0.6,1.1662142152968829,0.10120820985014826
LV023,15,Averaging,mll,305.4372389388408,633.2976861428656,0.7453349788604922,0.00997337147908794,2.929027754827035,0.6,2.3313896147253663,0.12056684899465415
LV023,15,Selection,mll,315.8080960782693,654.0394004217226,0.6143213969832635,0.3821143500631706,0.8328556481352711,0.6,1.2334705043836887,0.10130864349439826
LV023,15,Matching,mll,318.7712434273984,659.9656951199809,0.5843613621768318,0.3500863064382852,0.9125605630288799,0.6,1.3795092748829028,0.1014894001378179
LV024,15,Averaging,mll,380.10746034670973,782.6381289586035,0.4283445226948901,0.014675764791685284,0.8545485398130925,0.6,2.4795676810372105,0.10022774811252759
LV024,15,Selection,mll,376.6133505624189,775.6499093900218,0.45622747246933515,0.375567396962478,0.7772809357954656,0.6,1.245040674197673,0.10017483778208534
LV024,15,Matching,mll,380.2679682118097,782.9591446888035,0.42165233093657684,0.16519575702190692,0.8282818337264637,0.6,2.17617371996849,0.10415930993608354
LV025,15,Averaging,mll,249.14438018012754,520.7119686254391,0.6424809720156737,0.0006512178081095314,0.8545981093704483,0.6,1.2110322670852143,0.10034758785269389
LV025,15,Selection,mll,248.5838780164957,519.5909642981754,0.6702262234395605,0.2787426538907427,0.8487380573762575,0.6,1.0379361322369083,0.10024592969934244
LV025,15,Matching,mll,248.98732233909692,520.3978529433779,0.6429779597746106,0.0011107499311396774,0.8567499507420476,0.6,1.1657754938952578,0.10150328296266861
SV103,15,Averaging,mll,242.33369707646403,507.09060241811204,0.8814067059258361,0.543375553408324,0.6614771391584894,0.6,1.0456049815461168,1.492026676593345
SV103,15,Selection,mll,240.83021457725664,504.08363741969725,0.8858234414694758,0.4844123210412408,2.3192397535639584,0.6,0.8730762259591277,0.952537867407829
SV103,15,Matching,mll,241.12117587455467,504.6655600142933,0.8821289405932892,0.3795133701241878,2.035370722506716,0.6,0.9248911639898131,1.0019348365581178
SV110,15,Averaging,mll,206.70513733362367,435.8334829324313,0.9145886223442313,0.7566251313238989,2.9734577838693954,0.6,1.0389379841520496,1.1433757014772779
SV110,15,Selection,mll,207.19475568369205,436.8127196325681,0.9079441480450091,0.6687487340005371,2.8353226305414836,0.6,0.9638168753753464,1.06154499211884
SV110,15,Matching,mll,207.24084673492737,436.9049017350387,0.9063649305264403,0.8713645558145221,2.940530457240681,0.6,0.9851493918439089,1.0465302006797692
SV111,15,Averaging,mll,252.44350623984005,527.3102207448641,0.8492640288148072,0.918720857663832,0.8628023786042077,0.6,2.568938647488158,2.8736590051130717
SV111,15,Selection,mll,245.67932266898427,513.7818536031525,0.8810563636772507,0.6858757227510001,1.8487042894758579,0.6,1.2630809154616387,1.1753608027518176
SV111,15,Matching,mll,248.10725946986366,518.6377272049114,0.8726016658642867,0.8909122070308477,1.585785612541569,0.6,1.5177230424151273,1.4489333758488219
SV113,15,Averaging,mll,268.12229145841764,558.6677911820193,0.7551918251647068,0.8022733193926426,0.6974947865299839,0.6,2.1968826582129597,2.9966230460255407
SV113,15,Selection,mll,259.43461679938633,541.2924418639567,0.8231273022906294,0.7488664325214642,1.1642534569774312,0.6,2.2345936265981905,2.8361416136316255
SV113,15,Matching,mll,261.0663075910056,544.5558234471953,0.817342672592511,0.9221456174866991,1.1293064815683354,0.6,1.9343709354052105,2.202213037060307
SV119,15,Averaging,mll,248.84425585217167,520.1117199695274,0.8777447954872888,0.16425240856253162,2.7562867445235972,0.6,1.0781087761523507,1.047751186312749
SV119,15,Selection,mll,250.11595505120616,522.6551183675963,0.8704677545608135,0.25360561542479315,2.831648545606394,0.6,1.0672943344089703,1.0995941023367921
SV119,15,Matching,mll,249.0883195406716,520.5998473465272,0.8757737615214951,0.13157644393859966,2.988224078304499,0.6,1.0536466140642304,1.0308399172019862
SV201,15,Averaging,mll,198.16812316859586,418.7594546023757,0.9080235214419698,0.9813176430189511,0.8193669100956362,0.6,1.1806991139115617,2.065801766350113
SV201,15,Selection,mll,196.11417998143548,414.65156822805494,0.915416406376221,0.8733429203955877,1.981045639244792,0.6,0.8637179018034066,1.2642879433444683
SV201,15,Matching,mll,195.9315460329988,414.28630033118156,0.9167704746634031,0.930416856460373,2.102098222853019,0.6,0.8505756383334093,1.2499391204106163
SV202,15,Averaging,mll,195.4791021324457,413.38141253007535,0.9002215924812438,0.004046908477933786,2.994172978430629,0.6,0.9621833111196361,1.0038419125805285
SV202,15,Selection,mll,195.37151780614073,413.16624387746543,0.8986414823094359,0.1586131551023239,2.997388216810865,0.6,0.9349943650015285,1.0012662751215744
SV202,15,Matching,mll,195.50369576410594,413.43059979339586,0.8991120794167394,0.001344835434600175,2.9891827054074778,0.6,0.953457194080121,0.9891284011849221
SV203,15,Averaging,mll,139.86234125022915,302.1478907656423,0.9077359290231326,0.9995468741337333,0.9000945318781486,0.6,1.2022108700407605,2.3166835025519266
SV203,15,Selection,mll,133.8973376555629,290.21788357630976,0.9243518551036136,0.8325926186972142,2.9072918113179225,0.6,1.0122376186319306,1.4070529296437937
SV203,15,Matching,mll,133.9799169143121,290.38304209380817,0.924739637023196,0.9980476705312291,2.5700673787840946,0.6,0.9508870224422585,1.407905737148787
SV204,15,Averaging,mll,187.49934071237598,397.42188968993594,0.8838251940359948,0.9990560220382644,0.9192222177175355,0.6,1.2181781303085495,2.1278528375417403
SV204,15,Selection,mll,181.2939346649825,385.01107759514895,0.8983124293148362,0.8146100817268794,2.9449334436830643,0.6,1.045543093336388,1.2004166220883326
SV204,15,Matching,mll,181.9310502535269,386.2853087722378,0.8983461815593967,0.9982482842141198,2.3454783940030914,0.6,1.0315423516999314,1.279027066986886
SV205,15,Averaging,mll,147.38697141613346,317.1971510974509,0.9695055378091686,0.2322781062969989,2.973810187167307,0.6,0.8232431138446187,1.1201184803738014
SV205,15,Selection,mll,152.099197364605,326.621602994394,0.964161253486035,0.4697100937002451,0.2796077848731886,0.6,1.0284904345906696,1.4163590206853516
SV205,15,Matching,mll,148.48296946520887,319.3891471956017,0.967456652270195,0.10894387970528438,2.9857910398698815,0.6,0.8164856674257618,1.1058746461584954
SV206,15,Averaging,mll,260.16281167170524,542.7488316085945,0.9065609777350592,0.557532416896286,0.8038793375534924,0.6,1.301917303254878,1.9436388505051636
SV206,15,Selection,mll,260.20774693475425,542.8387021346925,0.9049005148036919,0.5696573467775463,1.0485669510665043,0.6,1.0087289809961921,1.505912632100423
SV206,15,Matching,mll,260.2881547841517,542.9995178334874,0.9041910787930042,0.5829672191462522,1.0333707375408332,0.6,1.0331147665692453,1.4927281759408482
SV207,15,Averaging,mll,210.33243000259685,443.0880682703777,0.8895260304841335,0.010286883726018815,2.9949996562488876,0.6,0.9710725695825618,0.9322833267794588
SV207,15,Selection,mll,211.68615190462936,445.7955120744427,0.8869511675928753,0.3489577584973313,2.57647553469302,0.6,0.9460572715170479,0.9640403008368398
SV207,15,Matching,mll,210.57961723732643,443.58244273983684,0.8889287709736554,0.002191952741935883,2.9242299881196883,0.6,0.9643436710750279,0.9368043377714053
SV208,15,Averaging,mll,265.34208164945437,553.1073715640928,0.8230916812215533,0.9998272684802062,1.234323457916612,0.6,0.8824188332456854,1.3869697495049784
SV208,15,Selection,mll,263.06099105026874,548.5451903657215,0.8247119488157498,0.8085850510380505,2.2345276342396327,0.6,0.8522688765657402,1.1102229096938303
SV208,15,Matching,mll,263.21097756010363,548.8451633853913,0.8228988851472225,0.9789969635414424,2.2707097708529083,0.6,0.8778515433564826,1.0919817352662977
SV209,15,Averaging,mll,200.83109742284347,424.0854031108709,0.8579943355040398,0.9189110068660827,0.6943596000090679,0.6,1.26559342967137,2.9715394579283574
SV209,15,Selection,mll,192.83828390431577,408.0997760738155,0.8920712703226347,0.8005937531448112,1.5140897420488961,0.6,1.403223896730428,2.3154026101411587
SV209,15,Matching,mll,193.75394862497728,409.93110551513854,0.8940652252825096,0.9802595128644146,1.5914450591471734,0.6,1.4063588268794232,2.3200249037816922
SV210,15,Averaging,mll,152.49333509409828,327.40987845338054,0.9247439881786387,0.9821779695526115,2.947104283894946,0.6,0.7076730208000883,1.3704546924708696
SV210,15,Selection,mll,152.87235200260267,328.1679122703893,0.925243609544123,0.763933164513688,2.187946121050356,0.6,0.73338464082004,1.4819056389241336
SV210,15,Matching,mll,152.63949670373935,327.7022016726627,0.9263655539592501,0.9908002371205492,2.6360088527668952,0.6,0.7042826521473095,1.4436611731780224
SV211,15,Averaging,mll,194.36080262064175,411.1448135064675,0.9068818663204397,0.49031300218628343,0.5098557145006134,0.6,1.2072761438148238,2.9241725714253404
SV211,15,Selection,mll,191.6529768720779,405.72916200933975,0.9077629337654113,0.49580410359655636,2.8958658847323684,0.6,0.8803204797215741,1.1344450807543658
SV211,15,Matching,mll,191.1727589254848,404.7687261161536,0.9085220940824096,0.45892438418746456,2.98710478025616,0.6,0.9251084787089996,1.168965734763651
SV212,15,Averaging,mll,235.92779085176204,494.27878996870805,0.8511636015480369,0.005104215810187446,2.9983595666181317,0.6,0.8997875546014128,1.0902668430534372
SV212,15,Selection,mll,235.92896946136477,494.2811471879135,0.8497396696154849,0.3485146467627589,2.9952069379083675,0.6,0.8765205206373166,1.1031805947007194
SV212,15,Matching,mll,235.9253674772363,494.2739432196566,0.8506507413892755,0.0009749810443066072,2.995810408056816,0.6,0.8862134574645482,1.10758244447181
SV213,15,Averaging,mll,157.0604855911154,336.54417944741476,0.8516903897555884,0.9991621703795021,0.6743858247286677,0.6,1.9590124058371767,2.937730110986654
SV213,15,Selection,mll,144.6314442676241,311.68609680043215,0.9096946196138855,0.8140528280884702,2.979549403811864,0.6,1.2215559256558546,1.327883607518444
SV213,15,Matching,mll,145.4162704159282,313.2557490970404,0.9076137300363779,0.9975246257670186,2.34159267517216,0.6,1.1675584425841228,1.3363787983829176
SV214,15,Averaging,mll,163.0138493130525,348.450906891289,0.9408891773121062,0.035887594665779704,2.9915970803729373,0.6,0.8650350075397336,1.031970737153543
SV214,15,Selection,mll,163.25008331895668,348.92337490309734,0.9413492766307666,0.3659618214097188,2.9713480700835135,0.6,0.8630733872962426,1.0679294527703784
SV214,15,Matching,mll,163.2215232544372,348.86625477405835,0.9409504073685805,0.013603356068190315,2.980040694909523,0.6,0.8614669032723147,1.0511239854149985
SV215,15,Averaging,mll,201.3652367313195,425.15368172782297,0.8337031748207501,0.6305907298585721,0.7617663259401956,0.6,2.949577298837194,2.4725417654870623
SV215,15,Selection,mll,195.27980981840653,412.98282790199704,0.8831123879539353,0.6637903266275269,0.9357245079429077,0.6,2.7584659012102803,2.72344958361059
SV215,15,Matching,mll,195.54631598217313,413.5158402295302,0.8861616852004917,0.8540429355289249,1.1290591974689967,0.6,2.9485003072953253,2.9300928186824264
SV216,15,Averaging,mll,180.67381019805606,383.7708286612961,0.8794225249223052,0.23604934642693495,0.4309820902916086,0.6,1.9493203555361718,2.1262413500141863
SV216,15,Selection,mll,170.68862984263467,363.8004679504533,0.9133546104076223,0.4895019129653847,2.98185492175204,0.6,0.9185610486162555,1.0572538198652794
SV216,15,Matching,mll,170.5740549071711,363.5713180795262,0.9184305141911295,0.5356295186479548,2.995603125553689,0.6,0.989199873069325,1.0877238321304483
